page,name,brand,link,price,cpu,cpu_brand,ram_capacity,ram_brand,hard_drive_type,hard_drive_capacity,card,screen_size,screen_type
laptopworld,Laptop Asus ROG Zephyrus G16 GU603VV-N4022W (Core™ i7-13620H | 16GB | 512GB | RTX 4060 8GB | 16inch WQXGA 240Hz | Win 11 | Xám),Laptop Asus,/laptop-asus-rog-zephyrus-g16-gu603vv-n4022w,47990000.0,Intel Core i713620H ,Intel,16,DDR4,SSD,512GB,NVIDIA GeForce RTX 4060 8GB GDDR6,16,HD
laptopworld,Laptop Asus TUF Gaming F15 FX507ZC4-HN074W (Core i5-12500H | 8GB | 512GB | RTX 3050 4GB | 15.6inch FHD | Win 11 | Xám),Laptop Asus,/laptop-asus-tuf-gaming-f15-fx507zc4-hn074w.html,23990000.0,Intel Core i512500H ,Intel,8,DDR4,SSD,512GB,NVIDIA GeForce RTX 3050 4GB GDDR6,15.6 ,HD
laptopworld,Laptop Asus ROG Strix G16 G614JU-N4132W (Core™ i7-13650HX | 16GB | 512GB SSD | RTX 4050 6GB | 16inch QHD+ 240Hz | Win 11 | Xám),Laptop Asus,/laptop-asus-rog-strix-g16-g614ju-n4132w,38990000.0,Intel Core i713650HX ,Intel,16,DDR5,SSD,512GB,NVIDIA GeForce RTX 4050 6GB GDDR6,16,HD
laptopworld,Laptop Lenovo Legion Pro 5 16IRX9 83DF0047VN (Core™ i9-14900HX | 32GB | 1TB | RTX™ 4060 8GB | 16inch WQXGA 240Hz | Win 11 | Xám),Laptop Lenovo,/laptop-lenovo-legion-pro-5-16irx9-83df0047vn.html,49990000.0,Intel Core i914900HX ,Intel,32,DDR5,SSD,1TB,NVIDIA GeForce RTX 4060 8GB GDDR6,16.0,IPS
laptopworld,"Laptop Lenovo Legion 5 16IRX9 (Core i7-14650HX, Ram 16GB, SSD 512GB, RTX 4060, 16inch WQXGA, Win 11, Xám)",Laptop Lenovo,/laptop-lenovo-legion-5-16irx9-core-i7-14650hx-ram-16gb-ssd-512gb-rtx-4060-16inch-wqxga-win-11-xam,38990000.0,Intel Core i714650HX ,Intel,16,DDR5,SSD,512GB,NVIDIA GeForce RTX 4060 8GB GDDR6,16.0,IPS
laptopworld,Laptop Asus TUF Gaming A16 Advantage Edition FA617NSR-RL100W (Ryzen™ 7-7435HS | 16GB | 512GB | Radeon™ RX7600S | 16.0inch WUXGA 144Hz | Win 11 | Đen),Laptop Asus,/laptop-asus-tuf-gaming-a16-advantage-edition-fa617nsr-rl100w,28490000.0,AMD Ryzen 77435HS ,AMD,16,DDR5,SSD,512GB,AMD Radeon RX7600S 8GB GDDR6,16.0,
laptopworld,Laptop Asus ROG Flow X16 GV601VV-NF044W (Core™ i9-13900H | 16GB | 1TB | RTX 4060 8GB | 16.0inch QHD+ 240Hz | Cảm ứng | Đi kèm bút | W11| Đen),Laptop Asus,/laptop-asus-rog-flow-x16-gv601vv-nf044w,54990000.0,Intel Core i913900H ,Intel,16,DDR5,SSD,1TB,NVIDIA GeForce RTX  4060 8GB GDDR6,16.0,HD
laptopworld,Laptop Lenovo LOQ 15ARP9 AI 83JC007JVN (Ryzen™ 5-7235HS | 24GB | 512GB | RTX™ 3050 | 15.6 inch FHD 144Hz | Win 11 | Xám),Laptop Lenovo,/laptop-lenovo-loq-15arp9-ai-83jc007jvn,24490000.0,AMD Ryzen 57235HS ,AMD,24,DDR5,SSD,512GB,NVIDIA GeForce RTX 3050 6GB GDDR6,15.6,HD
laptopworld,Laptop Asus TUF Gaming A15 FA506NFR-HN006W (Ryzen™ 7-7435HS | 16GB | 512GB | RTX™ 2050 4GB | 15.6inch FHD 144Hz | Win 11 | Đen),Laptop Asus,/laptop-asus-tuf-gaming-a15-fa506nfr-hn006w,21990000.0,AMD Ryzen 77435HS ,AMD,16,DDR5,SSD,512GB,NVIDIA GeForce RTX 2050 4GB GDDR6,15.6,HD
laptopworld,Laptop Lenovo Legion Slim 5 16AHP9 83DH003BVN (Ryzen™ 7-8845HS | 32GB | 1TB | RTX 4060 8GB | 16inch WQXGA 165Hz | Win 11 | Xám),Laptop Lenovo,/laptop-lenovo-legion-slim-5-16ahp9-83dh003bvn,44990000.0,AMD Ryzen 78845HS ,AMD,32,DDR5,SSD,1TB,NNVIDIA GeForce RTX 4060 8GB GDDR6,16,IPS
laptopworld,"Laptop Dell Alienware X14 R2 (Core™ i7-13620H, Ram 16GB, SSD 512GB, RTX™ 4050, 14inch QHD+ 165Hz, Win 11, Bạc)",Laptop Dell,/laptop-dell-alienware-x14-r2-core-i7-13620h-ram-16gb-ssd-512gb-rtx-4050-14inch-qhd-165hz-win-11-bac,36990000.0,Intel Core i713620H ,Intel,16,DDR5,SSD,512GB,NVIDIA GeForce RTX 4050 6GB GDDR6,14,HD
laptopworld,Laptop ASUS Gaming Vivobook K3605ZF-RP634W (Core™ i5-12500H | 16GB | 512GB | RTX 2050 | 16inch FHD+ 144Hz | Win 11 | Đen),Laptop ASUS,/laptop-asus-gaming-vivobook-k3605zf-rp634w,20990000.0,Intel Core i512500H ,Intel,16,DDR4,SSD,512GB,NVIDIA GeForce RTX 2050 4GB GDDR6,16,HD
laptopworld,Laptop Lenovo LOQ Essential 15IAX9E 83LK0036VN (Core i5-12450HX | 12GB | 512GB | RTX 3050 | 15.6 inch FHD 144Hz | Win 11 | Xám),Laptop Lenovo,/laptop-lenovo-loq-essential-15iax9e-83lk0036vn,21990000.0,Intel Core i512450HX ,Intel,12,DDR5,SSD,512GB,NVIDIA GeForce RTX 3050 6GB GDDR6,15.6,HD
laptopworld,Laptop Asus ROG Zephyrus G14 GA403UU-QS138W (Ryzen™ 9-8945HS | 16GB | 1TB | RTX 4050 6GB | 14.0inch 3K OLED | Win 11 | Xám),Laptop Asus,/laptop-asus-rog-zephyrus-g14-ga403uu-qs138w,46990000.0,AMD Ryzen 98945HS ,AMD,16,DDR5,SSD,1TB,NVIDIA GeForce RTX 4050 6GB GDDR6,14.0,OLED
laptopworld,"Laptop Lenovo LOQ 15ARP9 (Ryzen™ 7-7435HS, Ram 16GB, 512GB SSD, RTX™ 4070, 15.6 inch FHD 144Hz , Win 11, Xám)",Laptop Lenovo,/laptop-lenovo-loq-15arp9-ryzen-7-7435hs-ram-16gb-512gb-ssd-rtx-4070-15-6-inch-fhd-144hz-win-11-xam,28990000.0,AMD Ryzen 77435HS ,AMD,16,DDR5,SSD,512GB,NVIDIA GeForce RTX 4070 8GB GDDR6,15.6,HD
laptopworld,"Laptop Acer Predator Helios Neo PHN16-72-93Q8 (Core i9-14900HX, Ram 16GB, 1TB SSD, RTX 4060 8GB, 16inch 2.5K 180Hz, Win 11, Đen)",Laptop Acer,/laptop-acer-predator-helios-neo-phn16-72-93q8,36490000.0,Intel Core i914900HX ,Intel,16,DDR5,SSD,1TB,NVIDIA GeForce RTX 4060 8GB GDDR6,16 ,IPS
laptopworld,Dell Mobile Precision Workstation 3581 (Core i9-13900H | 16GB | 512GB | RTX 2000 Ada 8GB | 15.6 inch FHD | Ubuntu),Dell,/dell-mobile-precision-workstation-3581-core-i9-13900h-16gb-512gb-rtx-2000-ada-8gb-15-6-inch-fhd-ubuntu,60990000.0,Intel Core i913900H ,Intel,16,DDR5,SSD,512GB,NVIDIA RTX 2000 Ada 8GB GDDR6,15.6 ,HD
laptopworld,Laptop Asus TUF Gaming F15 FX507VI-LP077W (Core i7-13620H | 16GB | 1TB | RTX 4070 | 15.6 inch FHD 144Hz | Win 11 | Xám),Laptop Asus,/laptop-asus-tuf-gaming-f15-fx507vi-lp077w,41990000.0,Intel Core i713620H ,Intel,16,DDR5,SSD,1TB,NVIDIA GeForce RTX 4070 8GB GDDR6 140W TGP,15.6 ,HD
laptopworld,Laptop Acer Predator Helios Neo PHN16-72-78L4 NH.QNPSV.012 (Core i7-14650HX | 16GB | 1TB |  RTX 4050 | 16inch WQXGA 240Hz | Win 11 | Đen),Laptop Acer,/laptop-acer-predator-helios-neo-phn16-72-78l4-nh-qnpsv-012,,Intel Core i714650HX ,Intel,16,DDR5,SSD,1TB,NVIDIA GeForce RTX 4050 6GB GDDR6,16 ,IPS
laptopworld,Laptop Asus ROG Strix G16 G614JVR-N4231W (Core™ i9-14900HX | 32GB | 1TB | RTX 4060 8GB | 16inch WQXGA 240Hz | Win 11 | Xám),Laptop Asus,/laptop-asus-rog-strix-g16-g614jvr-n4231w,49990000.0,Intel Core i914900HX ,Intel,32,DDR5,SSD,1TB,NVIDIA GeForce RTX 4060 8GB GDDR6,16,IPS
laptopworld,Laptop Asus ROG Strix G16 G614JV-N4369W (Core™ i7-13650HX | 16GB | 1TB | RTX 4060 8GB | 16inch WUXGA 240Hz | Win 11 | Xám),Laptop Asus,/laptop-asus-rog-strix-g16-g614jv-n4369w,42990000.0,Intel Core i713650HX ,Intel,16,DDR5,SSD,1TB,NVIDIA GeForce RTX 4060 8GB GDDR6,16,HD
laptopworld,Laptop Asus ROG Zephyrus G14 GA403UV-QS202W (Ryzen™ 9-8945HS | 32GB | 1TB | RTX 4060 8GB | 14.0inch 3K OLED | Win 11 | Xám),Laptop Asus,/laptop-asus-rog-zephyrus-g14-ga403uv-qs202w,50990000.0,AMD Ryzen 98945HS ,AMD,32,DDR5,SSD,1TB,NVIDIA GeForce RTX 4060 8GB GDDR6,14.0,OLED
laptopworld,Laptop ASUS TUF Gaming F16 FX607JU-N3139W (Core i7-13650HX | 16GB | 512GB | RTX 4050 | 16 inch WUXGA | Win 11 | Xám),Laptop ASUS,/laptop-asus-tuf-gaming-f16-fx607ju-n3139w,30990000.0,Intel Core i713650HX ,Intel,16,DDR5,SSD,512GB,NVIDIA GeForce RTX 4050 6GB GDDR6,16 ,HD
laptopworld,Laptop ASUS TUF Gaming F16 FX607JV-N3199W (Core i7-13650HX | 16GB | 512GB | RTX 4060 | 16 inch WUXGA | Win 11 | Xám),Laptop ASUS,/laptop-asus-tuf-gaming-f16-fx607jv-n3199w,32990000.0,Intel Core i713650HX ,Intel,16,DDR5,SSD,512GB,NVIDIA GeForce RTX 4060 8GB GDDR6,16 ,HD
laptopworld,Laptop Asus ROG Strix G16 G614JV-N3514W (Core™ i7-13650HX | 16GB | 1TB | RTX 4060 8GB | 16inch WUXGA 165Hz | Win 11 | Xám),Laptop Asus,/laptop-asus-rog-strix-g16-g614jv-n3514w,40990000.0,Intel Core i713650HX ,Intel,16,DDR5,SSD,1TB,NVIDIA GeForce RTX 4060 8GB GDDR6,16,HD
laptopworld,Laptop Asus ROG Zephyrus G14 GA403UU-QS135W (Ryzen™ 9-8945HS | 16GB | 1TB | RTX 4050 6GB | 14.0inch 3K OLED | Win 11 | Xám),Laptop Asus,/laptop-asus-rog-zephyrus-g14-ga403uu-qs135w,45990000.0,AMD Ryzen 98945HS ,AMD,16,DDR5,SSD,1TB,NVIDIA GeForce RTX 4050 6GB GDDR6,14.0,OLED
laptopworld,Laptop Asus ROG Zephyrus G16 GA605WI-QR156WS (Ryzen™ AI 9 HX 370 | 32GB | 1TB | RTX 4070 | 16inch WQXGA 240Hz | Win 11 | Office | Xám),Laptop Asus,/laptop-asus-rog-zephyrus-g16-ga605wi-qr156ws,67990000.0,AMD Ryzen AI 9 HX 370 ,AMD,32,DDR5,SSD,1TB,NVIDIA GeForce RTX 4070 8GB GDDR6,16,OLED
laptopworld,Laptop Asus ROG Zephyrus G16 GA605WV-QR142WS (Ryzen™ AI 9 HX 370 | 32GB | 1TB | RTX 4060 | 16inch WQXGA 240Hz | Win 11 | Office | Xám),Laptop Asus,/laptop-asus-rog-zephyrus-g16-ga605wv-qr142ws,59990000.0,AMD Ryzen AI 9 HX 370 ,AMD,32,DDR5,SSD,1TB,NVIDIA GeForce RTX 4060 8GB GDDR6,16,OLED
laptopworld,Laptop Asus ROG Zephyrus G14 GA403UV-QS091W (Ryzen™ 9-8945HS | 32GB | 1TB | RTX 4060 8GB | 14.0inch 3K OLED | Win 11 | Xám),Laptop Asus,/laptop-asus-rog-zephyrus-g14-ga403uv-qs091w,51990000.0,AMD Ryzen 98945HS ,AMD,32,DDR5,SSD,1TB,NVIDIA GeForce RTX 4060 8GB GDDR6,14.0,OLED
laptopworld,Laptop Acer Nitro V ANV15-41-R1JY NH.QPFSV.001 (Ryzen™ 5-6600H | 16GB | 512GB | RTX 3050 | 15.6 inch FHD 165Hz | Win 11 | Black),Laptop Acer,/laptop-acer-nitro-v-anv15-41-r1jy-nh-qpfsv-001,22990000.0,AMD Ryzen 56600H ,AMD,16,DDR5,SSD,512GB,NVIDIA GeForce RTX 3050 6GB GDDR6,15.6 ,HD
laptopworld,Laptop MSI Crosshair 16 HX D14VFKG 860VN (Core i9-14900HX | 16GB | 1TB | RTX 4060 | 16 inch QHD+ 240Hz | Win 11 | Xám),Laptop MSI,/laptop-msi-crosshair-16-hx-d14vfkg-860vn,45990000.0,Intel Core i914900HX ,Intel,16,DDR5,SSD,1TB,NVIDIA GeForce RTX 4060 8GB GDDR6,16,HD
laptopworld,Laptop Dell Mobile Precision Workstation 3590 (Ultra 7 165H | 16GB | 512GB | 15.6 inch FHD | Win 11 Pro),Laptop Dell,/laptop-dell-mobile-precision-workstation-3590,46990000.0,Intel Core Ultra 7 165H vPro Enterprise ,Intel,16,DDR5,SSD,512GB,Intel Graphics,15.6,HD
laptopworld,Laptop Acer Nitro V 15 ProPanel ANV15-51-73BT NH.QNASV.009 (Core i7-13620H | 16GB | 512GB | RTX 2050 4GB | 15.6 inch FHD 180Hz | Win 11 | Đen),Laptop Acer,/laptop-acer-nitro-v-15-propanel-anv15-51-73bt-nh-qnasv-009,25990000.0,Intel Core i713620H ,Intel,16,DDR5,SSD,512GB,NVIDIA GeForce RTX 2050 4GB GDDR6,15.6 ,HD
laptopworld,Laptop Acer Nitro V 15 ProPanel ANV15-51-56D5 NH.QN9SV.00B (Core i5-13420H | 16GB | 512GB | RTX 3050 6GB | 15.6 inch FHD 180Hz | Win 11 | Đen),Laptop Acer,/laptop-acer-nitro-v-15-propanel-anv15-51-56d5-nh-qn9sv-00b,24990000.0,Intel Core i513420H ,Intel,16,DDR5,SSD,512GB,NVIDIA GeForce RTX 3050 6GB GDDR6,15.6 ,HD
laptopworld,Laptop Acer Nitro V 15 ProPanel ANV15-51-500A NH.QNASV.008 (Core i5-13420H | 16GB | 512GB | RTX 2050 4GB | 15.6 inch FHD 180Hz | Win 11 | Đen),Laptop Acer,/laptop-acer-nitro-v-15-propanel-anv15-51-500a-nh-qnasv-008,23990000.0,Intel Core i513420H ,Intel,16,DDR5,SSD,512GB,NVIDIA GeForce RTX 2050 4GB GDDR6,15.6 ,HD
laptopworld,"Laptop HP Gaming Victus 15-fb2063dx (Ryzen 5-7535HS, Ram 8GB, 512GB SSD, RX 6550M 4GB, 15.6inch FHD 144Hz, Win 11)",Laptop HP,/laptop-hp-gaming-victus-15-fb2063dx,17990000.0,AMD Ryzen 57535HS ,AMD,8,DDR5,SSD,512GB,AMD Radeon RX 6550M 4GB,15.6,HD
laptopworld,Laptop MSI Stealth A16 AI+ A3XVGG 208VN (Ryzen™ AI 9 HX 370 | 32GB | 2TB | RTX 4070 | 16 inch UHD+ 120Hz | Win 11 | Đen),Laptop MSI,/laptop-msi-stealth-a16-ai-a3xvgg-208vn,72490000.0,AMD Ryzen AI 9 HX 370 ,AMD,32,DDR5,SSD,2TB,NVIDIA GeForce RTX 4070 8GB GDDR6,16 ,HD
laptopworld,Laptop Stealth 16 AI Studio A1VHG (Ultra 9 185H | 64GB | 1TB | RTX 4080 | 16 inch QHD+ 240Hz | Win 11 | Xanh),Laptop Stealth,/laptop-stealth-16-ai-studio-a1vhg,78990000.0,Intel Core Ultra 9 185H ,Intel,64,DDR5,SSD,1TB,NVIDIA GeForce RTX 4080 12GB GDDR6,16 ,HD
laptopworld,"Laptop Asus ROG Strix G18 G814JV-RS75 (Core™ i7-13650HX, Ram 16GB, 2TB SSD, RTX 4060, 18inch QHD+ 240Hz , Win 11, Xám)",Laptop Asus,/laptop-asus-rog-strix-g18-g814jv-rs75,40990000.0,Intel Core i713650HX ,Intel,16,DDR5,SSD,2TB,NVIDIA GeForce RTX 4060 8GB GDDR6,18,HD
laptopworld,"Laptop MSI Sword 16 HX B14VGKG-229US (Core™ i7-14650HX, Ram 32GB , 1TB SSD, RTX 4070, 16 inch FHD+ 144Hz, Win 11, Xám)",Laptop MSI,/laptop-msi-sword-16-hx-b14vgkg-229us,37990000.0,Intel Core i714650HX ,Intel,32,DDR5,SSD,1TB,NVIDIA GeForce RTX 4070 8GB GDDR6,16 ,HD
laptopworld,"Laptop MSI Vector 17 HX A14VGG - 219US (Core™ i9-14900HX, Ram 32GB, 1TB SSD, RTX 4070, 17 inch QHD+ 240Hz , Win 11, Xám)",Laptop MSI,/laptop-msi-vector-17-hx-a14vgg-219us,51990000.0,Intel Core i914900HX ,Intel,32,DDR5,SSD,1TB,NNVIDIA GeForce RTX 4070 8GB GDDR6,17 ,HD
laptopworld,Laptop Gigabyte AORUS 5 KE4-72VN313SH (Core i7-12700H | 16GB | 512GB | RTX 3060 | 15.6inch FHD 240Hz | Win 11 | Đen),Laptop Gigabyte,/laptop-gigabyte-aorus-5-ke4-72vn313sh,33990000.0,Intel Core i712700H ,Intel,16,DDR4,SSD,512GB,NVIDIA GeForce RTX 3060 6GB GDDR6,15.6,HD
laptopworld,Laptop Asus ROG Zephyrus G16 GA605WI-QR152WS (Ryzen™ AI 9 HX 370 | 32GB | 1TB | RTX 4070 | 16inch WQXGA 240Hz | Win 11 | Trắng),Laptop Asus,/laptop-asus-rog-zephyrus-g16-ga605wi-qr152ws,66990000.0,AMD Ryzen AI 9 HX 370 ,AMD,32,DDR5,SSD,1TB,NVIDIA GeForce RTX 4070 8GB GDDR6,16,OLED
laptopworld,Laptop Asus ROG Strix Scar 18 G834JYR-R6199 (Core i9-14900HX | 64GB | 2TB | RTX 4090 | 18 inch WQXGA 240Hz | No OS | Đen),Laptop Asus,/laptop-asus-rog-strix-scar-18-g834jyr-r6199,114990000.0,Intel Core i914900HX ,Intel,64,DDR5,SSD,2TB,NVIDIA GeForce RTX 4090 16GB GDDR6,18,HD
laptopworld,Laptop Asus ROG Strix Scar 18 G834JZR-R6160 (Core i9-14900HX | 32GB | 1TB | RTX 4080 | 18 inch WQXGA 240Hz | No OS | Đen),Laptop Asus,/laptop-asus-rog-strix-scar-18-g834jzr-r6160,87990000.0,Intel Core i914900HX ,Intel,32,DDR5,SSD,1TB,NVIDIA GeForce RTX 4080 12GB GDDR6,18,HD
laptopworld,Laptop Asus ROG Strix G18 G814JVR-N6089W (Core i9-14900HX | 32GB | 1TB | RTX 4060 | 18 inch WQXGA 240Hz | Win 11 | Xám),Laptop Asus,/laptop-asus-rog-strix-g18-g814jvr-n6089w,51990000.0,Intel Core i914900HX ,Intel,32,DDR5,SSD,1TB,NVIDIA GeForce RTX 4060 8GB GDDR6,18,HD
laptopworld,Laptop Asus ROG Strix G18 G814JIR-N6108W (Core i9-14900HX | 32GB | 1TB | RTX 4070 | 18 inch WQXGA 240Hz | Win 11 | Xám),Laptop Asus,/laptop-asus-rog-strix-g18-g814jir-n6108w,58990000.0,Intel Core i914900HX ,Intel,32,DDR5,SSD,1TB,NVIDIA GeForce RTX 4070 8GB GDDR6,18,HD
laptopworld,Laptop Asus ROG Strix G18 G814JU-N6143W (Core™ i7-13650HX | 16GB | 1TB | RTX 4050 6GB | 18inch WQXGA 240Hz | Win 11 | Xám),Laptop Asus,/laptop-asus-rog-strix-g18-g814ju-n6143w,42990000.0,Intel Core i713650HX ,Intel,16,DDR5,SSD,1TB,NVIDIA GeForce RTX 4050 6GB GDDR6,18,IPS
laptopworld,Laptop Asus ROG Strix G16 G614JIR-N4193W (Core™ i9-14900HX | 32GB | 1TB | RTX 4070 8GB | 16inch WQXGA 240Hz | Win 11 | Xám),Laptop Asus,/laptop-asus-rog-strix-g16-g614jir-n4193w,56990000.0,Intel Core i914900HX ,Intel,32,DDR5,SSD,1TB,NVIDIA GeForce RTX 4070 8GB GDDR6,16,IPS
laptopworld,Laptop Asus ROG Strix G16 G614JU-N4450W (Core™ i7-13650HX | Ram 16GB | 1TB SSD | RTX 4050 6GB | 16inch WUXGA 240Hz | Win 11 | Xám),Laptop Asus,/laptop-asus-rog-strix-g16-g614ju-n4450w,40990000.0,Intel Core i713650HX ,Intel,16,DDR5,SSD,1TB,NVIDIA GeForce RTX 4050 6GB GDDR6,16,IPS
laptopworld,Laptop Asus ROG Strix G16 G614JU-N3206W (Core™ i7-13650HX | Ram 16GB | 1TB SSD | RTX 4050 6GB | 16inch WUXGA 165Hz | Win 11 | Xám),Laptop Asus,/laptop-asus-rog-strix-g16-g614ju-n3206w,38990000.0,Intel Core i713650HX ,Intel,16,DDR5,SSD,1TB,NVIDIA GeForce RTX 4050 6GB GDDR6,16,IPS
laptopworld,"Laptop Lenovo LOQ 15IAX9 (Core i5-12450HX, Ram 12GB, 512GB SSD, RTX 2050, 15.6 inch FHD 144Hz, Win 11, Xám)",Laptop Lenovo,/aptop-lenovo-loq-15iax9-core-i5-12450hx-ram-12gb-512gb-ssd-rtx-2050-15-6-inch-fhd-144hz-win-11-xam,18990000.0,Intel Core i512450HX ,Intel,12,DDR5,SSD,512GB,NVIDIA GeForce RTX 2050 4GB GDDR6,15.6,HD
laptopworld,"Laptop Lenovo LOQ 15ARP9 (Ryzen™ 5-7235HS, Ram 12GB, 512GB SSD, RTX™ 3050, 15.6 inch FHD 144Hz, Win 11, Xám)",Laptop Lenovo,/laptop-lenovo-loq-15arp9-ryzen-5-7235hs-ram-12gb-512gb-ssd-rtx-3050-15-6-inch-fhd-144hz-win-11-xam,19990000.0,AMD Ryzen 57235HS ,AMD,12,DDR5,SSD,512GB,NVIDIA GeForce RTX 3050 6GB GDDR6,15.6,HD
laptopworld,"Laptop Acer Predator Helios 16 2024 PH16-72 (Core i9-14900HX, Ram 32GB, 2TB SSD, 16 inch 2K 250Hz, RTX 4080, Win 11, Đen)",Laptop Acer,/laptop-acer-predator-helios-16-2024-ph16-72,67990000.0,Intel Core i914900HX ,Intel,32,DDR5,SSD,2TB,NVIDIA GeForce RTX 4080 12GB GDDR6,16,2K
laptopworld,"Laptop Acer Predator Helios Neo 16 PHN16-72-99PA (Core i9-14900HX, Ram 16GB, 1TB SSD, RTX 4060 8GB, 16inch WUXGA 165Hz, Win 11, Đen)",Laptop Acer,/laptop-acer-predator-helios-neo-16-phn16-72-99pa,35990000.0,Intel Core i914900HX ,Intel,16,DDR5,SSD,1TB,NVIDIA GeForce RTX 4060 8GB GDDR6,16 ,IPS
laptopworld,Laptop Lenovo LOQ 15IRX9 83DV00UGVN (Core™ i7-13650HX | 24GB | 512GB | RTX™ 4050 6GB | 15.6 inch FHD 144Hz | Win 11 | Xám),Laptop Lenovo,/laptop-lenovo-loq-15irx9-83dv00ugvn,32990000.0,Intel Core i713650HX ,Intel,24,DDR5,SSD,512GB,NVIDIA GeForce RTX 4050 6GB GDDR6,15.6,HD
laptopworld,Laptop HP Workstation Zbook Mobile 16 G11 Mobile 9A660AV (Ultra 7 155H | 32GB | 1TB |  RTX 2000 Ada 8GB | 16 inch WUXGA | Win 11 Pro | Xám),Laptop HP,/laptop-hp-workstation-zbook-mobile-16-g11-mobile-9a660a,62990000.0,Intel Core Ultra 7 155H ,Intel,32,DDR5,SSD,1TB,NVIDIA GeForce RTX 2000 Ada 8GB GDDR6,16,IPS
laptopworld,Laptop HP Victus 16-r1192TX A2NP6PA (Core i5-14450HX | 16GB | 1TB | RTX 3050 | 16.1 inch FHD 144Hz | Win 11 | Đen),Laptop HP,/laptop-hp-victus-16-r1192tx-a2np6pa,31690000.0,Intel Core i514450HX ,Intel,16,DDR5,SSD,1TB,NVIDIA GeForce RTX 3050 6GB GDDR6,16.1 ,HD
laptopworld,Laptop HP Victus 16-r1190TX A2NP4PA (Core i5-14450HX | 32GB | 1TB | RTX 3050 | 16.1 inch FHD 144Hz | Win 11 | Đen),Laptop HP,/laptop-hp-victus-16-r1190tx-a2np4pa,32290000.0,Intel Core i514450HX ,Intel,32,DDR5,SSD,1TB,NVIDIA GeForce RTX 3050 6GB GDDR6,16.1 ,HD
laptopworld,Laptop HP VICTUS 15-fa1155TX 952R1PA_16G (Core i5-12450H | 16GB | 512GB | RTX 2050 4GB | 15.6 inch FHD | Win 11 | Đen),Laptop HP,/laptop-hp-victus-15-fa1155tx-952r1pa_16g,21990000.0,Intel Core i512450H ,Intel,16,DDR4,SSD,512GB,NVIDIA GeForce RTX 2050 4GB GDDR6,15.6,HD
laptopworld,Laptop Acer Nitro V 15 ProPanel ANV15-51-73UU NH.QN9SV.00C (Core i7-13620H | 16GB | 512GB | RTX 3050 6GB | 15.6 inch FHD 180Hz | Win 11 | Đen),Laptop Acer,/laptop-acer-nitro-v-15-propanel-anv15-51-73uu-nh-qn9sv-00c,27990000.0,Intel Core i713620H ,Intel,16,DDR5,SSD,512GB,NVIDIA GeForce RTX 3050 6GB GDDR6,15.6 ,HD
laptopworld,Laptop Acer Nitro V ANV15-51-76B9 NH.QN8SV.008 (Core™ i7-13620H | 16GB | 512GB | RTX 4050 | 15.6 inch FHD 180Hz | Win 11 | Đen),Laptop Acer,/laptop-acer-nitro-v-anv15-51-76b9-nh-qn8sv-008,32990000.0,Intel Core i713620H ,Intel,16,DDR5,SSD,512GB,NVIDIA GeForce RTX 4050 6GB GDDR6,15.6 ,HD
laptopworld,Laptop MSI Sword 16 HX B14VGKG 466VN (Intel Core i7-14650HX | 16GB | 1TB | RTX 4070 | 16 inch QHD+ 240Hz | Win 11 | Xám),Laptop MSI,/laptop-msi-sword-16-hx-b14vgkg-466vn,41990000.0,Intel Core i714650HX ,Intel,16,DDR5,SSD,1TB,NVIDIA GeForce RTX 4070 8GB GDDR6,16 ,HD
laptopworld,"Laptop Acer Nitro V ANV15-41-R5N6 (Ryzen™ 5-7535HS, Ram 8GB, 512GB SSD, RTX 4050, 15.6 inch FHD 144Hz, Win 11, Black)",Laptop Acer,/laptop-acer-nitro-v-anv15-41-r5n6,22990000.0,AMD Ryzen 57535HS ,AMD,8,DDR5,SSD,512GB,NVIDIA GeForce RTX 4050 6GB GDDR6,15.6 ,HD
laptopworld,"Laptop Asus ROG Zephyrus G16 GU603 (Core™ i7-13620H, Ram 16GB, 512GB SSD , RTX 4070 8GB, 16inch FHD 165Hz, Win 11, Xám)",Laptop Asus,/laptop-asus-rog-zephyrus-g16-gu603-core-i7-13620h-ram-16gb-512gb-ssd-rtx-4070-8gb-16inch-fhd-165hz-win-11-xam,40990000.0,Intel Core i713620H ,Intel,16,DDR4,SSD,512GB,NVIDIA GeForce RTX 4070 8GB GDDR6,16,HD
laptopworld,"Laptop Dell Alienware M18 R2 (Core™ i9-14900HX, Ram 32GB, 1TB SSD, RTX 4080 12GB, 18inch QHD+ 165Hz)",Laptop Dell,/laptop-dell-alienware-m18-r2-core-i9-14900hx-ram-32gb-1tb-ssd-rtx-4080-12gb-18inch-qhd-165hz,79990000.0,Intel Core i914900HX ,Intel,32,DDR5,SSD,1TB,NVIDIA GeForce RTX 4080 12GB GDDR6,18,HD
laptopworld,"Laptop Lenovo Legion Pro 7 16IRX9H (Core™ i9-14900HX, Ram 16GB, 1TB SSD, RTX™ 4080, 16inch WQXGA 240Hz, Win 11, Đen)",Laptop Lenovo,/laptop-lenovo-legion-pro-7-16irx9h-core-i9-14900hx-ram-16gb-1tb-ssd-rtx-4080-16inch-wqxga-240hz-win-11-den,66990000.0,Intel Core i914900HX ,Intel,16,DDR5,SSD,1TB,NVIDIA GeForce RTX 4080 12GB GDDR6,16.0,IPS
laptopworld,"Laptop Gaming HP Victus 15-fa0033dx (Core i5-12450H, 8GB, 512GB, RTX 3050 4GB, 15.6inch FHD 144Hz)",Laptop Gaming,/laptop-gaming-hp-victus-15-fa0033dx,18990000.0,Intel Core i512450H ,Intel,8,DDR4,SSD,512GB,NVIDIA GeForce RTX 3050 4GB GDDR6,15.6,HD
laptopworld,"Laptop Asus ROG Zephyrus G16 GU605MI-G16.U94070 (Ultra 9 185H, Ram 16GB, 1TB SSD, RTX™ 4070, 16 inch WQXGA OLED, Win 11, Xám)",Laptop Asus,/laptop-asus-rog-zephyrus-g16-gu605mi-g16-u94070,47990000.0,Intel Core Ultra 9 185H ,Intel,16,DDR5,SSD,1TB,NVIDIA GeForce RTX 4070 8GB GDDR6,16,OLED
laptopworld,"Laptop Lenovo LOQ 15IAX9 (Core i5-12450HX, Ram 12GB, 512GB SSD, RTX 3050, 15.6 inch FHD, Win 11, Xám)",Laptop Lenovo,/laptop-lenovo-loq-15iax9-core-i5-12450hx-ram-12gb-512gb-ssd-rtx-3050-15-6-inch-fhd-win-11-xam,20990000.0,Intel Core i512450HX ,Intel,12,DDR5,SSD,512GB,NVIDIA GeForce RTX 3050 6GB GDDR6,15.6,HD
laptopworld,Laptop Acer Predator Triton Neo 16 PTN16-51-78JQ NH.QPNSV.004 (Ultra 7 155H | 32GB | 2TB | RTX 4060 | 16 inch WQXGA 240Hz | Win 11 | Bạc),Laptop Acer,/laptop-acer-predator-triton-neo-16-ptn16-51-78jq-nh-qpnsv-004,52490000.0,Intel Core  Ultra 7 155H ,Intel,32,DDR5,,2TB,NVIDIA GeForce RTX 4060 8GB GDDR6,16 ,IPS
laptopworld,"Laptop Lenovo Legion 5 Pro 2024 R9000P ARX8 (Ryzen 9-7945HX, Ram 16GB, 1TB SSD, RTX 4060 8GB, 16inch WQXGA 240Hz, Win 11, Xám)",Laptop Lenovo,/laptop-lenovo-legion-5-pro-2024-r9000p-arx8,38990000.0,AMD Ryzen 97945HX ,AMD,16,DDR5,SSD,1TB,NVIDIA GeForce RTX 4060 8GB GDDR6,16.0 ,IPS
laptopworld,Laptop Asus TUF Gaming A15 FA506NCR-HN047W (Ryzen™ 7-7435HS | 16GB | 512GB | RTX™ 3050 4GB | 15.6inch FHD 144Hz | Win 11 | Đen),Laptop Asus,/laptop-asus-tuf-gaming-a15-fa506ncr-hn047w,23490000.0,AMD Ryzen 77435HS ,AMD,16,DDR5,SSD,512GB,NVIDIA GeForce RTX 3050 4GB GDDR6,15.6,HD
laptopworld,"Laptop Lenovo LOQ 15ARP9 (Ryzen™ 7-7435HS, Ram 16GB, 512GB SSD, RTX™ 4050, 15.6 inch FHD 144Hz , Win 11, Xám)",Laptop Lenovo,/laptop-lenovo-loq-15arp9-ryzen-7-7435hs-ram-16gb-512gb-ssd-rtx-4050-15-6-inch-fhd-144hz-win-11-xam,24990000.0,AMD Ryzen 77435HS ,AMD,16,DDR5,SSD,512GB,NVIDIA GeForce RTX 4050 6GB GDDR6,15.6,HD
laptopworld,Laptop Acer Gaming Nitro V 16 ProPanel ANV16-41-R4KD NH.QP0SV.004 (Ryzen 7-8845HS | 16GB | 512GB | RTX 4060 | 16 inch 2K+ 165Hz | Win 11 | Đen),Laptop Acer,/laptop-acer-gaming-nitro-v-16-propanel-anv16-41-r4kd-nh-qp0sv-004,36990000.0,AMD Ryzen 78845HS ,AMD,16,DDR5,SSD,512GB,NVIDIA GeForce RTX 4060 8GB GDDR6,16 ,2K
laptopworld,Laptop Acer Nitro V ANV15-51-78BG NH.QQESV.00A (Core™ i7-13620H | 16GB | 512GB | RTX 4060 | 15.6 inch FHD 180Hz | Win 11 | Đen),Laptop Acer,/laptop-acer-nitro-v-anv15-51-78bg-nh-qqesv-00a,34990000.0,Intel Core i713620H ,Intel,16,DDR5,SSD,512GB,NVIDIA GeForce RTX 4060 8GB GDDR6,15.6 ,HD
laptopworld,Laptop Gigabyte AORUS 16X ASG-53VNC54SH (Core i7-14650HX | 16GB | 1TB | RTX 4070 | 16 inch WQXGA 165Hz | Win 11 | Xám),Laptop Gigabyte,/laptop-gigabyte-aorus-16x-asg-53vnc54sh,46990000.0,Intel Core i714650HX ,Intel,16,DDR5,SSD,1TB,NVIDIA GeForce RTX 4070 8GB GDDR6,16.0,
laptopworld,Laptop Gigabyte AORUS 16X 9KG-43VNC54SH (Core i7-13650HX | 16GB | 1TB | RTX 4060 | 16 inch WQXGA | Win 11 | Xám),Laptop Gigabyte,/laptop-gigabyte-aorus-16x-9kg-43vnc54sh,36990000.0,Intel Core i713650HX ,Intel,16,DDR5,SSD,1TB,NVIDIA GeForce RTX 4060 8GBGDDR6,16.0,
laptopworld,"Laptop Lenovo Legion 5 R7000 (Ryzen 7-8745H, Ram 16GB, SSD 512GB, RTX 4060, 15,6inch FHD 144Hz, Win 11, Xám)",Laptop Lenovo,/laptop-lenovo-legion-5-r7000-ryzen-7-8745h-ram-16gb-ssd-512gb-rtx-4060-15-6inch-fhd-144hz-win-11-xam,30990000.0,AMD Ryzen 78745H ,AMD,16,DDR5,SSD,512GB,NVIDIAGeForce RTX 4060 8GB GDDR6,15.6,HD
laptopworld,Laptop Acer Predator Helios Neo PHN16-72-78DQ NH.QNMSV.00U (Core i7-14650HX | 16GB | 1TB |  RTX 4060 | 16inch WQXGA 240Hz | Win 11 | Đen),Laptop Acer,/laptop-acer-predator-helios-neo-phn16-72-78dq-nh-qnmsv-00u,46990000.0,Intel Core i714650HX ,Intel,16,DDR5,SSD,1TB,NVIDIA GeForce RTX 4060 8GB GDDR6,16 ,IPS
laptopworld,Laptop Asus ROG Strix Scar 16 G634JYR-RA132W (Core i9-14900HX | 32GB | 2TB | RTX 4090 | 16 inch WQXGA 240Hz | Win 11 | Đen),Laptop Asus,/laptop-asus-rog-strix-scar-16-g634jyr-ra132w,120000000.0,Intel Core i914900HX ,Intel,32,DDR5,SSD,2TB,NVIDIA GeForce RTX 4090 16GB GDDR6,16,HD
laptopworld,"Laptop Lenovo Legion Pro 7 16IRX9H (Core™ i9-14900HX, Ram 32GB, 2TB SSD, RTX™ 4080, 16inch WQXGA 240Hz, Win 11, Đen)",Laptop Lenovo,/laptop-lenovo-legion-pro-7-16irx9h-core-i9-14900hx-ram-32gb-2tb-ssd-rtx-4080-16inch-wqxga-240hz-win-11-den,69990000.0,Intel Core i914900HX ,Intel,32,DDR5,SSD,2TB,NVIDIA GeForce RTX 4080 12GB GDDR6,16.0,IPS
laptopworld,"Laptop Lenovo Legion 5 16IRX9 (Core i9-14900HX, Ram 16GB, SSD 512GB, RTX 4070, 16inch WQXGA, Win 11, Xám)",Laptop Lenovo,/laptop-lenovo-legion-5-16irx9-core-i9-14900hx-ram-16gb-ssd-512gb-rtx-4070-16inch-wqxga-win-11-xam,47990000.0,Intel Core i914900HX ,Intel,16,DDR5,SSD,512GB,NVIDIA GeForce RTX 4070 8GB GDDR6,16.0,IPS
laptopworld,Laptop Lenovo LOQ 15IRX9 83DV00UFVN (Core™ i7-13650HX | 24GB | 512GB | RTX™ 4060 8GB | 15.6 inch FHD 144Hz | Win 11 | Xám),Laptop Lenovo,/laptop-lenovo-loq-15irx9-83dv00ufvn,35990000.0,Intel Core i713650HX ,Intel,24,DDR5,SSD,512GB,NVIDIA GeForce RTX 4060 8GB GDDR6,15.6,HD
laptopworld,Laptop Lenovo LOQ 15ARP9 83JC007HVN (Ryzen™ 5-7235HS | 12GB | 512GB | RTX™ 3050 | 15.6 inch FHD 144Hz | Win 11 | Xám),Laptop Lenovo,/laptop-lenovo-loq-15arp9-83jc007hvn,23990000.0,AMD Ryzen 57235HS ,AMD,12,DDR5,SSD,512GB,NVIDIA GeForce RTX 3050 6GB GDDR6,15.6,HD
laptopworld,"Laptop Dell Gaming G15 5530 (Core i7-13650HX, Ram 16GB, 1TB SSD, RTX 4060 8GB, 15.6 inch FHD 120Hz, Win 11, Xám)",Laptop Dell,/laptop-dell-gaming-g15-5530-core-i7-13650hx-ram-16gb-1tb-ssd-rtx-4060-8gb-15-6-inch-fhd-120hz-win-11-xam,30990000.0,Intel Core i713650HX ,Intel,16,DDR5,SSD,1TB,NVIDIA GeForce RTX 4060 8GB GDDR6,15.6 ,HD
laptopworld,"Laptop Lenovo LOQ 15ARP9 (Ryzen™ 7-7435HS, Ram 16GB, 512GB SSD, RTX™ 4060, 15.6 inch FHD 144Hz , Win 11, Xám)",Laptop Lenovo,/laptop-lenovo-loq-15arp9-ryzen-7-7435hs-ram-16gb-512gb-ssd-rtx-4060-15-6-inch-fhd-144hz-win-11-xam,27990000.0,AMD Ryzen 77435HS ,AMD,16,DDR5,SSD,512GB,NVIDIA GeForce RTX 4060 8GB GDDR6,15.6,HD
laptopworld,Laptop Asus TUF Gaming A15 FA507NUR-LP101W (Ryzen™ 7-7435HS | 16GB | 512GB | RTX 4050 | 15.6inch FHD 144Hz | Win 11 | Xám),Laptop Asus,/laptop-asus-tuf-gaming-a15-fa507nur-lp101w,28490000.0,AMD Ryzen 77435HS ,AMD,16,DDR5,SSD,512GB,NVIDIA GeForce RTX 4050 6GB GDDR6,15.6 ,HD
laptopworld,Laptop Asus ROG Zephyrus G16 GA605WI-QR090WS (Ryzen™ AI 9 HX 370 | 32GB | 1TB | RTX 4070 | 16inch WQXGA 240Hz | Win 11 | Xám),Laptop Asus,/laptop-asus-rog-zephyrus-g16-ga605wi-qr090ws,81990000.0,AMD Ryzen AI 9 HX 370 ,AMD,32,DDR5,SSD,1TB,NVIDIA GeForce RTX 4070 8GB GDDR6,16,OLED
laptopworld,Laptop ASUS TUF Gaming A14 FA401WV-RG061WS (Ryzen™ AI 9 HX 370 | 32GB | 1TB | RTX 4060 | 14inch 2.5K 165Hz | Win 11 | Office | Xám),Laptop ASUS,/laptop-asus-tuf-gaming-a14-fa401wv-rg061ws,46990000.0,AMD Ryzen AI 9 HX 370 ,AMD,32,DDR5,SSD,1TB,NVIDIA GeForce RTX 4060 8GB GDDR6,14,IPS
laptopworld,Laptop ASUS TUF Gaming A14 FA401WV-RG062WS (Ryzen™ AI 9 HX 370 | 16GB | 1TB | RTX 4060 | 14inch 2.5K 165Hz | Win 11 | Office | Xám),Laptop ASUS,/laptop-asus-tuf-gaming-a14-fa401wv-rg062ws,44990000.0,AMD Ryzen AI 9 HX 370 ,AMD,16,DDR5,SSD,1TB,NVIDIA GeForce RTX 4060 8GB GDDR6,14,IPS
laptopworld,"Laptop Asus TUF Gaming A16 Advantage Edition FA617NT-A16.R77700 (Ryzen™ 7-7735HS , Ram 16GB, 512GB SSD, Radeon™ RX7700S, 16.0inch WUXGA 165Hz, Win 11, Đen)",Laptop Asus,/laptop-asus-tuf-gaming-a16-advantage-edition-fa617nt-a16-r77700,24990000.0,AMD Ryzen 77735HS ,AMD,16,DDR5,SSD,512GB,AMD Radeon RX7700S 8GB GDDR6,16.0,
laptopworld,Laptop MSI Stealth 18 Mercedes AMG A1VHG 080VN (Ultra 9 185H | 64GB | 2TB | RTX 4080 | 18 inch UHD+ | Win 11 | Đen),Laptop MSI,/laptop-msi-stealth-18-mercedes-amg-a1vhg-080vn,102990000.0,Intel Core Ultra 9 185H ,Intel,64,DDR5,SSD,2TB,Nvidia Geforce RTX 4080 12GB GDDR6,18,HD
laptopworld,"Laptop Lenovo LOQ 15AHP9 (Ryzen™ 7-8845HS, Ram 16GB, 1TB SSD , RTX™ 4060, 15.6 inch FHD 144Hz, Win 11, Xám)",Laptop Lenovo,/laptop-lenovo-loq-15ahp9-ryzen-7-8845hs-ram-16gb-1tb-ssd-rtx-4060-15-6-inch-fhd-144hz-win-11-xam,31990000.0,AMD Ryzen 78845HS ,AMD,16,DDR5,SSD,1TB,NVIDIA GeForce RTX 4060 8GB GDDR6,15.6,HD
laptopworld,"Laptop Lenovo Legion Y7000 IRX9 (Core i7-13650HX, Ram 24GB, SSD 512GB, RTX 4060, 15.6inch FHD, Win 11, Xám)",Laptop Lenovo,/laptop-lenovo-legion-y7000-irx9-core-i7-13650hx-ram-24gb-ssd-512gb-rtx-4060-15-6inch-fhd-win-11-xam,33990000.0,Intel Core i713650HX ,Intel,24,DDR5,SSD,512GB,NVIDIA GeForce RTX 4060 8GB GDDR6,15.6,HD
laptopworld,Laptop Lenovo Legion 5 15IRX9 83JJ000FVN (Core™ i7-13650HX | 24GB | 512GB | RTX™ 4060 8GB | 15.6inch FHD 144Hz | Win 11 | Xám),Laptop Lenovo,/laptop-lenovo-legion-5-15irx9-83jj000fvn,37990000.0,Intel Core i713650HX ,Intel,24,DDR5,SSD,512GB,NVIDIA GeForce RTX 4060 8GB GDDR6,15.6,HD
laptopworld,Laptop Asus TUF Gaming F15 FX507VV-LP304W (Core i7-13620H | 16GB | 1TB | RTX 4060 | 15.6 inch FHD 144Hz | Win 11 | Xám),Laptop Asus,/laptop-asus-tuf-gaming-f15-fx507vv-lp304w,32990000.0,Intel Core i713620H ,Intel,16,DDR5,SSD,1TB,NVIDIA GeForce RTX 4060 8GB GDDR6 140W TGP,15.6,HD
laptopworld,Laptop Asus TUF Gaming A15 FA506NFR-HN075W (Ryzen™ 7-7435HS | 16GB | 512GB | RTX™ 2050 4GB | 15.6inch FHD 144Hz | Win 11 | Đen),Laptop Asus,/laptop-asus-tuf-gaming-a15-fa506nfr-hn075w,22990000.0,AMD Ryzen 77435HS ,AMD,16,DDR5,SSD,512GB,NVIDIA GeForce RTX 2050 4GB GDDR6,15.6,HD
laptopworld,Laptop ASUS Gaming Vivobook K3605ZU-RP296W (Core™ i5-12500H | 16GB | 512GB | RTX 4050 | 16inch FHD+ 144Hz | Win 11 | Đen),Laptop ASUS,/laptop-asus-gaming-vivobook-k3605zu-rp296w,28490000.0,Intel Core i512500H ,Intel,16,DDR4,SSD,512GB,NVIDIA GeForce RTX 4050 6GB GDDR6,16,HD
laptopworld,Laptop ASUS Gaming Vivobook K3605ZC-RP564W (Core™ i5-12500H | 16GB | 512GB | RTX 3050 | 16inch FHD+ 144Hz | Win 11 | Đen),Laptop ASUS,/laptop-asus-gaming-vivobook-k3605zc-rp564w,24990000.0,Intel Core i512500H ,Intel,16,DDR4,SSD,512GB,NVIDIA GeForce RTX 3050 4GB GDDR6,16,HD
laptopworld,Laptop Acer Gaming Nitro V 16 ProPanel ANV16-41-R6ZY NH.QP2SV.002 (Ryzen 5-8645HS | 16GB | 512GB | RTX 3050 | 16 inch WUXGA 165Hz | Win 11 | Đen),Laptop Acer,/laptop-acer-gaming-nitro-v-16-propanel-anv16-41-r6zy-nh-qp2sv-002,27490000.0,AMD Ryzen 58645HS ,AMD,16,DDR5,SSD,512GB,NVIDIA GeForce RTX 3050 6GB GDDR6,16 ,IPS
laptopworld,Laptop Acer Gaming Nitro V 16 ProPanel ANV16-41-R7EN NH.QP2SV.004 (Ryzen 7-8845HS | 16GB | 512GB | RTX 3050 | 16 inch WUXGA 165Hz | Win 11 | Đen),Laptop Acer,/laptop-acer-gaming-nitro-v-16-propanel-anv16-41-r7en-nh-qp2sv-004,28790000.0,AMD Ryzen 78845HS ,AMD,16,DDR5,SSD,512GB,NVIDIA GeForce RTX 3050 6GB GDDR6,16 ,IPS
laptopworld,Laptop Acer Gaming Nitro V 16 ProPanel ANV16-41-R36Y NH.QP1SV.004 (Ryzen 7-8845HS | 16GB | 512GB | RTX 4050 | 16 inch WUXGA 165Hz | Win 11 | Đen),Laptop Acer,/laptop-acer-gaming-nitro-v-16-propanel-anv16-41-r36y-nh-qp1sv-004,31990000.0,AMD Ryzen 78845HS ,AMD,16,DDR5,SSD,512GB,NVIDIA GeForce RTX 4050 6GB GDDR6,16 ,IPS
laptopworld,Laptop Acer Gaming Nitro V 16 ProPanel ANV16-41-R6NA NH.QP0SV.001 (Ryzen 7-8845HS | 16GB | 512GB | RTX 4060 | 16 inch WUXGA 165Hz | Win 11 | Đen),Laptop Acer,/laptop-acer-gaming-nitro-v-16-propanel-anv16-41-r6na-nh-qp0sv-001,34990000.0,AMD Ryzen 78845HS ,AMD,16,DDR5,SSD,512GB,NVIDIA GeForce RTX 4060 8GB GDDR6,16 ,IPS
laptopworld,"Laptop Dell Gaming G15 5535  (Ryzen™ 7-7840HS, Ram 16GB, 512GB SSD, RTX 4050 6GB, 15.6 inch FHD 165Hz, Win 11, Xám)",Laptop Dell,/laptop-dell-gaming-g15-5535-ryzen-7-7840hs-ram-16gb-512gb-ssd-rtx-4050-6gb-15-6-inch-fhd-165hz-win-11-xam,27990000.0,AMD Ryzen 77840HS ,AMD,16,DDR5,SSD,512GB,NVIDIA GeForce RTX 4050 6GB GDDR6,15.6 ,HD
laptopworld,Laptop Lenovo LOQ 2024 15IRX9 (Core i5-13450HX | 12GB | 512GB | RTX 4050 6GB | 15.6 inch FHD 144Hz | Win 11 | Xám),Laptop Lenovo,/laptop-lenovo-loq-2024-15irx9-core-i5-13450hx-12gb-512gb-rtx-4050-6gb-15-6-inch-fhd-144hz-win-11-xam,25990000.0,Intel Core i513450HX ,Intel,12,DDR5,SSD,512GB, NVIDIA GeForce RTX 4050 6GB GDDR6,15.6,HD
laptopworld,Laptop MSI Stealth 16 Mercedes AMG Motorsport A1VGG 293VN (Ultra 9 185H | 32GB | 2TB | RTX 4070 8GB | 16 inch QHD+ | Win 11 | Xám),Laptop MSI,/laptop-msi-stealth-16-mercedes-amg-motorsport-a1vgg-293vn,70990000.0,Intel Core Ultra 9 185H ,Intel,32,DDR5,SSD,2TB,Nvidia Geforce RTX 4070 8GB GDDR6,16,HD
laptopworld,Máy chơi game Asus ROG Ally RC71L-NH019W (AMD Ryzen Z1 | 16GB | AMD Radeon | 512GB | 7.0 inch FHD IPS | Win 11),Máy,/may-choi-game-asus-rog-ally-rc71l-nh019w,12990000.0,AMD Ryzen Z1 ,AMD,16,DDR5,SSD,512GB,,7.0,HD
laptopworld,Laptop Asus ROG Flow Z13 GZ301VV-MU007W (Core™ i9-13900H | 16GB | 1TB | RTX™ 4060 8GB | 13.4inch QHD+ | Cảm ứng | Bút cảm ứng | Win 11 | Đen),Laptop Asus,/laptop-asus-rog-flow-z13-gz301vv-mu007w,57990000.0,Intel Core i913900H ,Intel,16,DDR5,SSD,1TB,NVIDIA GeForce RTX 4060 8GB GDDR6,13.4,HD
laptopworld,Laptop Asus TUF Gaming F15 FX507VU-LP315W (Core i7-13620H | 16GB | 512GB | RTX 4050 | 15.6 inch FHD | Win 11 | Xám),Laptop Asus,/laptop-asus-tuf-gaming-f15-fx507vu-lp315w,29990000.0,Intel Core i713620H ,Intel,16,DDR5,SSD,512GB,NVIDIA GeForce RTX 4050 6GB GDDR6 140W TGP,15.6 ,HD
laptopworld,Laptop Asus TUF Gaming A15 FA507NVR-LP091W (Ryzen™ 7-7435HS | 16GB | 512GB | RTX 4060 8GB | 15.6inch FHD 144Hz | Win 11 | Xám),Laptop Asus,/laptop-asus-tuf-gaming-a15-fa507nvr-lp091w,30990000.0,AMD Ryzen 77435HS ,AMD,16,DDR5,SSD,512GB,NVIDIA GeForce RTX 4060 8GB GDDR6,15.6 ,HD
laptopworld,"Laptop Acer Predator Helios Neo PHN16-72-76RH (Core i7-14700HX, Ram 16GB, 1TB SSD, RTX 4060 8GB, 16inch 2.5K 240Hz)",Laptop Acer,/laptop-acer-predator-helios-neo-phn16-72-76rh,36990000.0,Intel Core i714700HX ,Intel,16,DDR5,SSD,1TB,NVIDIA GeForce RTX 4060 8GB GDDR6,16 ,IPS
laptopworld,"Laptop Dell Gaming G15 5530 (Core i5-13450HX, Ram 16GB, 512GB SSD, RTX 4050, 15.6 inch FHD 165Hz, Win 11, Đen)",Laptop Dell,/laptop-dell-gaming-g15-5530-core-i5-13450hx-ram-16gb-512gb-ssd-rtx-4050-15-6-inch-fhd-165hz-win-11-den,26990000.0,Intel Core i513450HX ,Intel,16,DDR5,SSD,512GB,NVIDIA GeForce RTX 4050 6GB GDDR6,15.6,HD
laptopworld,Laptop Asus TUF Gaming A15 FA507NVR-LP007W (Ryzen™ 7-7435HS | 16GB | 512GB | RTX 4060 8GB | 15.6inch FHD 144Hz | Win 11 | Xám),Laptop Asus,/laptop-asus-tuf-gaming-a15-fa507nvr-lp007w,30490000.0,AMD Ryzen 77435HS ,AMD,16,DDR5,SSD,512GB,NVIDIA GeForce RTX 4060 8GB GDDR6,15.6 ,HD
laptopworld,"Laptop Acer Nitro V ANV15-51-789J (Core i7-13620H, Ram 16GB, 512GB SSD, RTX 4060 8GB, 15.6 inch FHD 144Hz, Win 11, Black)",Laptop Acer,/laptop-acer-nitro-v-anv15-51-789j,26990000.0,Intel Core i713620H ,Intel,16,DDR5,SSD,512GB,NVIDIA GeForce RTX 4060 8GB GDDR6,15.6 ,HD
laptopworld,Laptop Acer Gaming Aspire 5 A515-58GM-53CM NX.KW1SV.003 (Core i5-13420H | 32GB | 512GB | RTX 2050 4GB | 15.6 inch FHD 144Hz | Xám | Win 11),Laptop Acer,/laptop-acer-gaming-aspire-5-a515-58gm-53cm-nx-kw1sv-003,22990000.0,Intel Core i513420H ,Intel,32,DDR4,SSD,512GB,NVIDIA GeForce RTX 2050 4GB GDDR6,15.6,HD
laptopworld,Laptop Acer Gaming Nitro V 15 ProPanel ANV15-41-R7AP NH.QPGSV.002 (Ryzen™ 5-7535HS | 16GB | 512GB | RTX 2050 | 15.6 inch FHD 180Hz | Win 11 | Đen),Laptop Acer,/laptop-acer-gaming-nitro-v-15-propanel-anv15-41-r7ap-nh-qpgsv-002,22990000.0,AMD Ryzen 57535HS ,AMD,16,DDR5,SSD,512GB,NVIDIA GeForce RTX 2050 4GB GDDR6,15.6 ,HD
laptopworld,Laptop Acer Predator Helios Neo 14 PHN14-51-99Y8 NH.QRPSV.001 (Ultra 9 185H | 32GB | 1TB |  RTX 4060 | 14.5inch WQXGA+ 165Hz | Win 11 | Đen),Laptop Acer,/laptop-acer-predator-helios-neo-14-phn14-51-99y8-nh-qrpsv-001,49990000.0,Intel Core Ultra 9 185H ,Intel,32,DDR5,SSD,1TB,NVIDIA GeForce RTX 4060 8GB GDDR6,14.5,TFT
laptopworld,Laptop Acer Predator Helios Neo 14 PHN14-51-96HG NH.QRNSV.001 (Ultra 9 185H | 32GB | 1TB |  RTX 4070 | 14.5inch WQXGA 165Hz | Win 11 | Đen),Laptop Acer,/laptop-acer-predator-helios-neo-14-phn14-51-96hg-nh-qrnsv-001,59990000.0,Intel Core Ultra 9 185H ,Intel,32,DDR5,SSD,1TB,NVIDIA GeForce RTX 4070 8GB GDDR6,14.5,TFT
laptopworld,Laptop Acer Predator Helios Neo PHN16-72-950P NH.QNMSV.001 (Core i9-14900HX | 32GB | 1TB |  RTX 4070 | 16inch WQXGA 240Hz | Win 11 | Đen),Laptop Acer,/laptop-acer-predator-helios-neo-phn16-72-950p-nh-qnmsv-001,59900000.0,Intel Core i914900HX ,Intel,32,DDR5,SSD,1TB,NVIDIA GeForce RTX 4070 8GB GDDR6,16 ,IPS
laptopworld,"Laptop Asus ROG Strix G16 G614JI-N4125W (Core™ i7-13650HX | 16GB | 512GB | RTX 4070 8GB | 16inch QHD+, 240Hz | Win 11 | Xám)",Laptop Asus,/laptop-asus-rog-strix-g16-g614ji-n4125w,46990000.0,Intel Core i713650HX ,Intel,16,DDR5,SSD,512GB,NVIDIA GeForce RTX 4070 8GB GDDR6,16,HD
laptopworld,Máy chơi game ROG Ally X 2024,Máy,/may-choi-game-rog-ally-x-2024,,CPU:AMD Ryzen Z1 Extreme,AMD,,,,,,7,HD
laptopworld,Laptop HP Victus 16-r0230TX 9Q981PA (Core i7-13700H | 32GB | 512GB | RTX 3050 | 16.1inch FHD 144Hz | Win11 | Xanh),Laptop HP,/laptop-hp-victus-16-r0230tx-9q981pa,34190000.0,Intel Core i713700H ,Intel,32,DDR5,SSD,512GB,NVIDIA GeForce RTX 3050 6GB GDDR6,16.1,HD
laptopworld,Laptop HP Victus 16-r0215TX 9Q9B8PA (Core i7-13700H | 32GB | 512GB | RTX 3050 | 16.1inch FHD 144Hz | Win11 | Bạc),Laptop HP,/laptop-hp-victus-16-r0215tx-9q9b8pa,34190000.0,Intel Core i713700H ,Intel,32,DDR5,SSD,512GB,NVIDIA GeForce RTX 3050 6GB GDDR6,16.1,HD
laptopworld,Laptop HP Victus 16-r0225TX 9Q976PA (Core i7-13700H | 32GB | 512GB | RTX 4050 | 16.1inch FHD 144Hz | Win11 | Bạc),Laptop HP,/laptop-hp-victus-16-r0225tx-9q976pa,35490000.0,Intel Core i713700H ,Intel,32,DDR5,SSD,512GB,NVIDIA GeForce RTX 4050 6GB GDDR6,16.1,HD
laptopworld,Laptop HP Victus 16-r0226TX 9Q977PA (Core i7-13700H | 32GB | 512GB | RTX 4050 | 16.1inch FHD 144Hz | Win11 | Xanh),Laptop HP,/laptop-hp-victus-16-r0226tx-9q977pa,35490000.0,Intel Core i713700H ,Intel,32,DDR5,SSD,512GB,NVIDIA GeForce RTX 4050 6GB GDDR6,16.1,HD
laptopworld,Laptop HP Victus 16-r0224TX 9Q975PA (Core i7-13700H | 32GB | 512GB | RTX 4060 | 16.1inch FHD 144Hz | Win11 | Bạc),Laptop HP,/laptop-hp-victus-16-r0224tx-9q975pa,39890000.0,Intel Core i713700H ,Intel,32,DDR5,SSD,512GB,NVIDIA GeForce RTX 4060 8GB GDDR6,16.1,HD
laptopworld,Laptop HP Victus 16-r0223TX 9Q974PA (Core i7-13700H | 32GB | 512GB | RTX 4070 | 16.1inch FHD 144Hz | Win11 | Bạc),Laptop HP,/laptop-hp-victus-16-r0223tx-9q974pa,45890000.0,Intel Core i713700H ,Intel,32,DDR5,SSD,512GB,NVIDIA GeForce RTX 4070 8GB GDDR6,16.1,HD
laptopworld,Laptop HP Victus 16-s0144AX 9Q991PA (Ryzen™ 5 7640HS | 32GB | 512GB | RTX 4050 6GB | 16.1 inch FHD 144Hz | Win 11 | Xanh ),Laptop HP,/laptop-hp-victus-16-s0144ax-9q991pa,36290000.0,AMD Ryzen 5 7640HS ,AMD,32,DDR5,SSD,512GB,NVIDIA GeForce RTX 4050 6GB GDDR6,16.1,HD
laptopworld,Laptop HP Victus 16-s0143AX 9Q990PA (Ryzen™ 5 7640HS | 32GB | 512GB | RTX 4050 6GB | 16.1 inch FHD 144Hz | Win 11 | Bạc ),Laptop HP,/laptop-hp-victus-16-s0143ax-9q990pa,36290000.0,AMD Ryzen 5 7640HS ,AMD,32,DDR5,SSD,512GB,NVIDIA GeForce RTX 4050 6GB GDDR6,16.1,HD
laptopworld,Laptop HP Victus 16-s0142AX 9Q989PA (Ryzen™ 5 7640HS | 32GB | 512GB | RTX 4060 8GB | 16.1 inch FHD 144Hz | Win 11 | Bạc ),Laptop HP,/laptop-hp-victus-16-s0142ax-9q989pa,38790000.0,AMD Ryzen 5 7640HS ,AMD,32,DDR5,SSD,512GB,NVIDIA GeForce RTX 4060 8GB GDDR6,16.1,HD
laptopworld,Laptop HP Victus 16-s0136AX 9Q984PA (Ryzen™ 5 7640HS | 32GB | 512GB | RTX 3050 6GB | 16.1 inch FHD 144Hz | Win 11 | Bạc ),Laptop HP,/laptop-hp-victus-16-s0136ax-9q984pa,33790000.0,AMD Ryzen 5 7640HS ,AMD,32,DDR5,SSD,512GB,NVIDIA GeForce RTX 3050 6GB GDDR6,16.1,HD
laptopworld,Laptop HP Victus 16-r1176TX A2NN0PA (Intel Core i7-14650HX | 32GB | 1TB | RTX 4050 | 16.1 inch FHD 144Hz | Win 11 | Bạc),Laptop HP,/laptop-hp-victus-16-r1176tx-a2nn0pa,36490000.0,Intel Core i714650HX ,Intel,32,DDR5,SSD,1TB,NVIDIA GeForce RTX 4050 6GB GDDR6,16.1 ,HD
laptopworld,Laptop HP Victus 16-r1173TX A2NS5PA (Intel Core i7-14650HX | 32GB | 1TB | RTX 4070 | 16.1 inch FHD 144Hz | Win 11 | Bạc),Laptop HP,/laptop-hp-victus-16-r1173tx-a2ns5pa,44190000.0,Intel Core i714650HX ,Intel,32,DDR5,SSD,1TB,NVIDIA GeForce RTX 4070 8GB GDDR6,16.1 ,HD
laptopworld,Laptop HP VICTUS 16-r1174TX A2NM9PA (Intel Core i7-14650HX | 32GB | 1TB | RTX 4060 | 16.1 inch FHD 144Hz | Win 11 | Bạc),Laptop HP,/laptop-hp-victus-16-r1174tx-a2nm9pa,39990000.0,Intel Core i714650HX ,Intel,32,DDR5,SSD,1TB,NVIDIA GeForce RTX 4060 8GB GDDR6,16.1 ,HD
laptopworld,Laptop Lenovo LOQ 15ARP9 83JC003VVN (Ryzen™ 7-7435HS | 12GB | 512GB | RTX™ 4050 | 15.6 inch FHD 144Hz | Win 11 | Xám),Laptop Lenovo,/laptop-lenovo-loq-15arp9-83jc003vvn,27490000.0,AMD Ryzen 77435HS ,AMD,12,DDR5,SSD,512GB,NVIDIA GeForce RTX 4050 6GB GDDR6,15.6,HD
laptopworld,Laptop MSI Titan 18 HX A14VIG 410VN (Core™ i9-14900HX | 128GB | 2TB | RTX 4090 16GB | 18inch UHD+ MiniLED 120Hz | Win 11 | Đen),Laptop MSI,/laptop-msi-titan-18-hx-a14vig-410vn,139990000.0,Intel Core i914900HX ,Intel,128,DDR5,SSD,2TB,NVIDIA GeForce RTX 4090 16GB GDDR6,18,HD
laptopworld,Laptop Lenovo Legion 9 16IRX9 83G0001AVN (Core™ i9-14900HX | 64GB | 2TB | RTX™ 4090 | 16inch 3.2K Mini LED 165Hz | Win 11 | Đen),Laptop Lenovo,/laptop-lenovo-legion-9-16irx9-83g0001avn,141990000.0,Intel Core i914900HX ,Intel,64,DDR5,SSD,2TB,NVIDIA GeForce RTX 4090 16GB GDDR6,16,2K
laptopworld,Laptop Asus ROG Strix G16 G614JIR-N4046W (Core™ i9-14900HX | 32GB | 1TB | RTX 4070 8GB | 16inch QHD+ 240Hz | Win 11 | Xám),Laptop Asus,/laptop-asus-rog-strix-g16-g614jir-n4046w,55990000.0,Intel Core i914900HX ,Intel,32,DDR5,SSD,1TB,NVIDIA GeForce RTX 4070 8GB GDDR6,16,HD
laptopworld,Máy chơi game Lenovo Legion Go 8APU1 83E1004KVN (AMD Ryzen Z1 Extreme | 16GB | 512GB | 8.8 inch WQXGA | Win 11),Máy,/may-choi-game-lenovo-legion-go-8apu1-83e1004kvn,22990000.0,AMD Ryzen Z1 Extreme Processor,AMD,16,DDR5,,512GB,,,
laptopworld,Laptop Dell Gaming G15 5530 i9HX161W11GR4060 (Intel Core i9-13900HX | 16GB | 1TB | RTX 4060 | 15.6 inch FHD | Win 11 | Office | Xám Đen),Laptop Dell,/laptop-dell-gaming-g15-5530-i9hx161w11gr4060,48990000.0,Intel Core i913900HX ,Intel,16,DDR5,SSD,1TB,NVIDIA GeForce RTX 4060 8GB GDDR6,15.6 ,HD
laptopworld,Laptop Dell Gaming G15 5530 i7HX161W11GR4060  (Intel Core i7-13650HX | 16GB | 1TB | RTX 4060 | 15.6 inch FHD | Win 11 | Office | Xám Đen),Laptop Dell,/laptop-dell-gaming-g15-5530-i7h161w11gr4060,42990000.0,Intel Core i713650HX ,Intel,16,DDR5,SSD,1TB,NVIDIA GeForce RTX 4060 8GB GDDR6,15.6 ,HD
laptopworld,Laptop Acer Nitro 5 Tiger AN515-58-5193 NH.QLZSV.004 (Core i5-12450H | 16GB | 512GB | RTX 4050 | 15.6 inch FHD 144Hz IPS | Win 11 | Đen),Laptop Acer,/laptop-acer-nitro-5-tiger-an515-58-5193-nh-qlzsv-004,28990000.0,Intel Core i512450H ,Intel,16,DDR5,SSD,512GB,NVIDIA GeForce RTX 4050 6GB GDDR6,15.6 ,HD
laptopworld,Laptop Gigabyte G6 MF-H2VN854KH (Core i7-13620H | 16GB | 1TB | RTX 4050 8GB | 16inch FHD+ 165Hz | Win 11 | Đen),Laptop Gigabyte,/laptop-gigabyte-g6-mf-h2vn854kh,27590000.0,Intel Core i713620H ,Intel,16,DDR5,SSD,1TB,NVIDIA GeForce RTX 4050 6GB GDDR6,16.0,HD
laptopworld,Laptop Gigabyte G5 MF5-H2PH353KH (Core i7-13620H | 16GB | 512GB | RTX 4050 6GB | 15.6inch FHD 144Hz | Win 11 | Đen),Laptop Gigabyte,/laptop-gigabyte-g5-mf5-h2ph353kh,26090000.0,Intel Core i713620H ,Intel,16,DDR5,SSD,512GB,NVIDIA GeForce RTX 4050 6GB GDDR6,15.6 ,HD
laptopworld,Laptop Acer Gaming Aspire 5 A515-58GM-598J NX.KW1SV.002 (Intel Core i5-13420H | 16GB | 512GB | RTX 2050 4GB | 15.6 inch FHD 144Hz | Xám | Win 11),Laptop Acer,/laptop-acer-gaming-aspire-5-a515-58gm-598j-nx-kw1sv-002,21490000.0,Intel Core i513420H ,Intel,16,DDR4,,512GB,NVIDIA GeForce RTX 2050 4GB GDDR6,15.6,HD
laptopworld,Laptop Acer Nitro 5 Tiger AN515-58-5935 NH.QLZSV.001 (Core i5-12450H | 8GB | 512GB | RTX 4050 | 15.6 inch FHD 144Hz IPS | Win 11 | Đen),Laptop Acer,/laptop-acer-nitro-5-tiger-an515-58-5935-nh-qlzsv-001,26990000.0,Intel Core i512450H ,Intel,8,DDR5,SSD,512GB,NVIDIA GeForce RTX 4050 6GB GDDR6,15.6 ,HD
laptopworld,Laptop Acer Gaming Nitro V ANV15-51-53DM NH.QN9SV.007 (Core i5-13420H | 16GB | 512GB | RTX 3050 6GB | 15.6 inch FHD 144Hz | Win 11 | Đen),Laptop Acer,/laptop-acer-gaming-nitro-v-anv15-51-53dm-nh-qn9sv-007,23990000.0,Intel Core i513420H ,Intel,16,DDR5,SSD,512GB,NVIDIA GeForce RTX 3050 6GB GDDR6,15.6 ,HD
laptopworld,"Laptop Acer Predator Helios Neo 2024 PHN16-72-598P (Core i5-14500HX, Ram 16GB, 1TB SSD, RTX 4060 8GB, 16inch 2K+ 240Hz)",Laptop Acer,/laptop-acer-predator-helios-neo-2024-phn16-72-598p,34990000.0,Intel Core i514500HX ,Intel,16,DDR5,SSD,1TB,NVIDIA GeForce RTX 4060 8GB GDDR6,16 ,2K
laptopworld,"Laptop Acer Predator Helios Neo 2024 PHN16-72-75A0 (Core i7-14700HX, Ram 16GB, 1TB SSD, RTX 4060 8GB, 16inch 2K+ 240Hz)",Laptop Acer,/laptop-acer-predator-helios-neo-2024-phn16-72-75a0,36990000.0,Intel Core i714700HX ,Intel,16,DDR5,SSD,1TB,NVIDIA GeForce RTX 4060 8GB GDDR6,16 ,2K
laptopworld,"Laptop Acer Predator Helios Neo 2024 PHN16-72-91RF (Core i9-14900HX, Ram 16GB, 1TB SSD, RTX 4060 8GB, 16inch 2K+ 240Hz)",Laptop Acer,/laptop-acer-predator-helios-neo-2024-phn16-72-92rf,40990000.0,Intel Core i914900HX ,Intel,16,DDR5,SSD,1TB,NVIDIA GeForce RTX 4060 8GB GDDR6,16 ,2K
laptopworld,"Laptop Lenovo Legion 5 Y7000P 2024 (Core i7-14700HX, Ram 16GB, SSD 1TB, RTX 4070, 16inch 2.5K 165Hz, Win 11, Xám)",Laptop Lenovo,/laptop-lenovo-legion-5-y7000p-2024-core-i7-14700hx-ram-16gb-ssd-1tb-rtx-4070-16inch-2-5k-165hz-win-11-xam,38990000.0,Intel Core i714700HX ,Intel,16,DDR5,SSD,1TB,NVIDIA GeForce RTX 4070 8GB GDDR6,16.0,IPS
laptopworld,Laptop Lenovo LOQ 15ARP9 83JC003YVN (Ryzen™ 7-7435HS | 24GB | 512GB | RTX™ 4060 | 15.6 inch FHD 144Hz | Win 11 | Xám),Laptop Lenovo,/laptop-lenovo-loq-15arp9-83jc003yvn,31490000.0,AMD Ryzen 77435HS ,AMD,24,DDR5,SSD,512GB,NVIDIA GeForce RTX 4060 8GB GDDR6,15.6,HD
laptopworld,Laptop Dell Gaming G15 5530 (Core i9-13900HX | 16GB | 1TB |  RTX 4060 | 15.6 inch FHD 165Hz | Win 11 | Office | Xám),Laptop Dell,/laptop-dell-gaming-g15-5530-core-i9-13900hx-16gb-1tb-rtx-4060-15-6-inch-fhd-165hz-win-11-office-xam,46990000.0,Intel Core i913900HX ,Intel,32,,SSD,1TB,NVIDIA GeForce RTX 4060 8GB GDDR6,15.6 ,HD
laptopworld,Laptop MSI Cyborg 14 A13VE-090VN (Intel Core i7-13620H | 16GB | 512GB | RTX 4050 | 14.0 inch FHD+ 144Hz | Win11 | Đen),Laptop MSI,/laptop-msi-cyborg-14-a13ve-090vn,27990000.0,Intel Core i713620H ,Intel,512,DDR5,SSD,512GB,NVIDIA GeForce RTX 4050 6GB GDDR6,14.0,HD
laptopworld,Laptop MSI Katana A15 AI B8VE 465VN (AMD Ryzen 7-8845HS | 16GB | 1TB | RTX 4070  | 15.6 inch FHD | Win 11 | Đen),Laptop MSI,/laptop-msi-katana-a15-ai-b8ve-465vn,39990000.0,AMD Ryzen 78845HS ,AMD,16,DDR5,SSD,1TB,NVIDIA GeForce RTX 4070 8GB GDDR6,15.6,HD
laptopworld,Laptop MSI Sword 16 HX B14VFKG 460VN (Intel Core i7-14650HX | 16GB | 1TB | RTX 4060 | 16 inch QHD+ 240Hz | Win 11 | Xám),Laptop MSI,/laptop-msi-sword-16-hx-b14vfkg-460vn,39990000.0,Intel Core i714650HX ,Intel,16,DDR5,SSD,1TB,NVIDIA GeForce RTX 4060 8GB GDDR6,16 ,HD
laptopworld,Laptop MSI Stealth 14 AI Studio A1VFG 085VN ( Intel Core Ultra 7 155H | 32GB | 1TB | RTX 4060 | 14 inch 2.8K | Win 11 | Xanh),Laptop MSI,/laptop-msi-stealth-14-ai-studio-a1vfg-085vn,51990000.0,Intel Core Ultra 7 155H ,Intel,32,DDR5,SSD,1TB,NVIDIA GeForce RTX 4060 8GB GDDR6,14,8K
laptopworld,Laptop Acer Gaming Nitro V ANV15-51-91T5 NH.QQESV.009 (Intel Core i9-13900H | 16GB | 512GB | RTX 4060 | 15.6 inch FHD | Win 11 | Đen),Laptop Acer,/laptop-acer-gaming-nitro-v-anv15-51-91t5-nh-qqesv-009,32990000.0,Intel Core i913900H ,Intel,16,DDR5,SSD,512GB,NVIDIA GeForce RTX 4060 8GB GDDR6,15.6 ,HD
laptopworld,Laptop Asus ROG Zephyrus G16 GU603VU-N4019W (Core™ i7-13620H | 16GB | 512GB | RTX 4050 6GB | 16.0inch QHD+ 240Hz | Win11 | Xám),Laptop Asus,/laptop-asus-rog-zephyrus-g16-gu603vu-n4019w,44990000.0,Intel Core i713620H ,Intel,16,DDR4,SSD,512GB,NVIDIA GeForce RTX 4050 6GB GDDR6,16.0,HD
laptopworld,"Laptop Dell Gaming G15 5535  (Ryzen™ 7-7840HS, Ram 16GB, 512GB SSD, RTX 4060 8GB, 15.6 inch FHD 165Hz, Win 11, Xám)",Laptop Dell,/laptop-dell-gaming-g15-5535-ryzen-7-7840hs-ram-16gb-512gb-ssd-rtx-4060-8gb-15-6-inch-fhd-165hz-win-11-xam,28990000.0,AMD Ryzen 77840HS ,AMD,16,DDR5,SSD,512GB,NVIDIA GeForce RTX 4060 8GB GDDR6,15.6 ,HD
laptopworld,Laptop Lenovo Legion 7 16IRX9 83FD004MVN (Core™ i9-14900HX | 32GB | 1TB | RTX™ 4070 | 16inch 3.2K 165Hz | Win 11 | Đen),Laptop Lenovo,/laptop-lenovo-legion-7-16irx9-83fd004mvn,66990000.0,Intel Core i914900HX ,Intel,32,DDR5,SSD,1TB,NVIDIA GeForce RTX 4070 8GB GDDR6,16,2K
laptopworld,Laptop Lenovo Legion 7 16IRX9 83FD006JVN (Core™ i9-14900HX | 32GB | 1TB | RTX™ 4070 | 16inch 3.2K 165Hz | Win 11 | Trắng),Laptop Lenovo,/laptop-lenovo-legion-7-16irx9-83fd006jvn,66990000.0,Intel Core i914900HX ,Intel,32,DDR5,SSD,1TB,NVIDIA GeForce RTX 4070 8GB GDDR6,16,2K
laptopworld,Laptop Lenovo Legion Slim 5 16AHP9 83DH003AVN (Ryzen™ 7-8845HS | 16GB | 512GB | RTX 4060 8GB | 16inch WQXGA 165Hz | Win 11 | Xám),Laptop Lenovo,/laptop-lenovo-legion-slim-5-16ahp9-83dh003avn,41990000.0,AMD Ryzen 78845HS ,AMD,16,DDR5,SSD,512GB,NNVIDIA GeForce RTX 4060 8GB GDDR6,16,IPS
laptopworld,Laptop MSI Thin 15 B13UC 1411VN (Core™ i7-13620H | 8GB | 512GB | RTX 3050 | 15.6 inch FHD 144Hz | Win 11 | Xám),Laptop MSI,/laptop-msi-thin-15-b13uc-1411vn,21990000.0,Intel Core i713620H ,Intel,512,DDR4,SSD,512GB,NVIDIA GeForce RTX 3050 4GB GDDR6,15.6 ,HD
laptopworld,Laptop Acer Predator Helios Neo 16 PHN16-72-71UM NH.QNMSV.002 (Intel Core i7-14700HX | 16GB | 1TB | RTX 4070 8GB | 16 inch WQXGA | Win 11 | Đen),Laptop Acer,/laptop-acer-predator-helios-neo-16-phn16-72-71um-nh-qnmsv-002,51990000.0,Intel Core i714700HX ,Intel,16,DDR5,SSD,1TB,NVIDIA GeForce RTX 4070 8GB GDDR6,16,IPS
laptopworld,Laptop Acer Predator Helios Neo 16 PHN16-72-94KC NH.QNMSV.005 (Intel Core i9-14900HX | 16GB | 1TB | RTX 4070 8GB | 16inch WQXGA 240Hz | Win 11 | Đen),Laptop Acer,/laptop-acer-predator-helios-neo-16-phn16-72-94kc-nh-qnmsv-005,56990000.0,Intel Core i914900HX ,Intel,16,DDR5,SSD,1TB,NVIDIA GeForce RTX 4070 8GB GDDR6,16,IPS
laptopworld,Máy chơi game cầm tay MSI CLAW A1M 049VN (Intel Core Ultra 7 155H | 16GB | 512GB | 7 inch FHD 120Hz | Win 11),Máy,/may-choi-game-cam-tay-msi-claw-a1m-049vn,21990000.0,Intel Core Ultra 7 155H ,Intel,16,DDR5,,512GB,Intel Arc Graphics,7.0 ,HD
laptopworld,"Laptop Dell Gaming G15 5530 (Core i5-13450HX, Ram 8GB, 512GB SSD, RTX 3050, 15.6 inch FHD 120Hz, Win 11, Xám)",Laptop Dell,/laptop-dell-gaming-g15-5530-core-i5-13450hx-ram-8gb-512gb-ssd-rtx-3050-15-6-inch-fhd-120hz-win-11-xam,23990000.0,Intel Core i513450HX ,Intel,8,DDR5,SSD,512GB,NVIDIA GeForce RTX 3050 6GB GDDR6,15.6,HD
laptopworld,Laptop Lenovo LOQ 15IAX9 83GS000RVN (Core i5-12450HX | 16GB | 512GB | RTX 4050 | 15.6 inch FHD 144Hz | Win 11 | Xám),Laptop Lenovo,/laptop-lenovo-loq-15iax9-83gs000rvn,27990000.0,Intel Core i512450HX ,Intel,16,DDR5,SSD,512GB,NVIDIA GeForce RTX 4050 6GB GDDR6,15.6,HD
laptopworld,Laptop Asus TUF Gaming F15 FX507VI-LP088W (Core i7-13620H | 16GB | 512GB | RTX 4070 | 15.6 inch FHD | Win 11 | Xám),Laptop Asus,/laptop-asus-tuf-gaming-f15-fx507vi-lp088w,40990000.0,Intel Core i713620H ,Intel,16,DDR5,SSD,512GB,NVIDIA GeForce RTX 4070 8GB GDDR6,15.6 ,HD
laptopworld,"Laptop Lenovo Legion 5 Y7000P 2024 (Core i7-14700HX, Ram 16GB, SSD 1TB, RTX 4060, 16inch 2.5K 165Hz, Win 11, Xám)",Laptop Lenovo,/laptop-lenovo-legion-5-y7000p-2024-core-i7-14700hx-ram-16gb-ssd-1tb-rtx-4060-16inch-2-5k-165hz-win-11-xam,37990000.0,Intel Core i714700HX ,Intel,16,DDR5,SSD,1TB,NVIDIA GeForce RTX 4060 8GB GDDR6,16.0,IPS
laptopworld,"Laptop Lenovo Legion Pro 5 Y9000P (Core i9-14900HX, Ram 16GB, SSD 1TB, RTX 4060 8GB, 16inch 2.5K 240Hz)",Laptop Lenovo,/laptop-lenovo-legion-pro-5-y9000p-core-i9-14900hx-ram-16gb-ssd-1tb-rtx-4060-8gb-16inch-2-5k-240hz,42990000.0,Intel Core i914900HX ,Intel,16,DDR5,SSD,1TB,NVIDIA GeForce RTX 4060 8GB GDDR6,16.0 ,IPS
laptopworld,"Laptop Lenovo Legion 5 Y7000P 16IRX9 (Core i7-14650HX, Ram 16GB, SSD 1TB, RTX 4060, 16inch 2.5K 165Hz, Win 11, Xám)",Laptop Lenovo,/laptop-lenovo-legion-5-y7000p-16irx9-core-i7-14650hx-ram-16gb-ssd-1tb-rtx-4060-16inch-2-5k-165hz-win-11-xam,35990000.0,Intel Core i714650HX ,Intel,16,DDR5,SSD,1TB,NVIDIA GeForce RTX 4060 8GB GDDR6,16.0,IPS
laptopworld,"Laptop Lenovo Legion 5 Y7000P 16IRX9 (Core i7-14650HX, Ram 16GB, SSD 1TB, RTX 4050, 16inch 2.5K 165Hz, Win 11, Xám)",Laptop Lenovo,/laptop-lenovo-legion-5-y7000p-16irx9-core-i7-14650hx-ram-16gb-ssd-1tb-rtx-4050-16inch-2-5k-165hz-win-11-xam,33990000.0,Intel Core i714650HX ,Intel,16,DDR5,SSD,1TB,NVIDIA GeForce RTX 4050 6GB GDDR6,16.0,IPS
laptopworld,Laptop Lenovo Legion 5 16IRX9 83DG0051VN (Core™ i7-14650HX | 16GB | 1TB | RTX™ 4060 8GB | 16inch WQXGA 165Hz | Win 11 | Xám),Laptop Lenovo,/laptop-lenovo-legion-5-16irx9-83dg0051vn,45990000.0,Intel Core i714650HX ,Intel,16,DDR5,SSD,1TB,NVIDIA GeForce RTX 4060 8GB GDDR6,16.0,IPS
laptopworld,Laptop Lenovo Legion Pro 7 16IRX9H 83DE001NVN (Core™ i9-14900HX | 32GB | 1TB | RTX™ 4080 | 16inch WQXGA 240Hz | Win 11 | Đen),Laptop Lenovo,/laptop-lenovo-legion-pro-7-16irx9h-83de001nvn,88990000.0,Intel Core i914900HX ,Intel,32,DDR5,SSD,1TB,NVIDIA GeForce RTX 4080 12GB GDDR6,16.0,IPS
laptopworld,"Laptop Acer Predator Helios 16 PH16-72-95ZM NH.QNZSV.008 (Core i9-14900HX | 32GB | 2TB | 16 inch 2K, 250Hz | RTX 4080 | Win 11 | Đen)",Laptop Acer,/laptop-acer-predator-helios-16-ph16-72-95zm-nh-qnzsv-008,78990000.0,Intel Core i914900HX ,Intel,32,DDR5,SSD,2TB,NVIDIA GeForce RTX 4080 12GB GDDR6,16,2K
laptopworld,"Laptop Acer Predator Helios 18 PH18-72-908N NH.QP4SV.001 (Core i9-14900HX | 32GB | 4TB | 18 inch 2K+, 250Hz | RTX 4090 | Win 11 | Đen)",Laptop Acer,/laptop-acer-predator-helios-18-ph18-72-908n-nh-qp4sv-001,104990000.0,Intel Core i914900HX ,Intel,32,DDR5,SSD,4TB,NVIDIA GeForce RTX 4090 16GB GDDR6,18,2K
laptopworld,Laptop MSI Creator M16 HX C14VFG 040VN (Intel® Core™ i7-14700HX  | 32GB | 1TB | RTX 4060 | 16inch QHD+ 240Hz | Win 11 | Xám),Laptop MSI,/laptop-msi-creator-m16-hx-c14vfg-040vn,45990000.0,Intel Core i714700HX ,Intel,32,DDR5,SSD,1TB,NVIDIA GeForce RTX 4060 8GB GDDR6,16,HD
laptopworld,Laptop Creator Z17 HX Studio A14VFT 273VN (Intel® Core™ i7-14700HX | 64GB | 2GB | RTX 4060 | 17 inch QHD+ 165Hz | Cảm ứng | Bút cảm ứng | Win 11 | Xám),Laptop Creator,/laptop-creator-z17-hx-studio-a14vft-273vn,68990000.0,Intel Core i714700HX ,Intel,64,DDR5,SSD,2TB,NVIDIA GeForce RTX 4060 8GB GDDR6,17 ,HD
laptopworld,Laptop Creator Z17 HX Studio A14VGT 272VN (Intel® Core™ i7-14700HX | 32GB | 2GB | RTX 4070 | 17 inch QHD+ 165Hz | Cảm ứng | Bút cảm ứng | Win 11 | Xám),Laptop Creator,/laptop-creator-z17-hx-studio-a14vgt-272vn,71990000.0,Intel Core i714700HX ,Intel,32,DDR5,SSD,2TB,NVIDIA GeForce RTX 4070 8GB GDDR6,17 ,HD
laptopworld,Laptop MSI Creator 16 AI Studio A1VHG 079VN (Intel® Core™ Ultra 9 185H | 64GB | 2GB | RTX 4080 | 16 inch UHD+ 120Hz | Win 11 | Xám),Laptop MSI,/laptop-msi-creator-16-ai-studio-a1vhg-079vn,89990000.0,Intel Core Ultra 9 185H ,Intel,64,DDR5,SSD,2TB,NVIDIA GeForce RTX 4080 12GB GDDR6,16 ,HD
laptopworld,Laptop MSI Creator 16 AI Studio A1VIG 078VN (Intel® Core™ Ultra 9 185H | 64GB | 2GB | RTX 4090 | 16 inch UHD+ 120Hz | Win 11 | Xám),Laptop MSI,/laptop-msi-creator-16-ai-studio-a1vig-078vn,109990000.0,Intel Core Ultra 9 185H ,Intel,64,DDR5,SSD,2TB,NVIDIA GeForce RTX 4090 16GB GDDR6,16 ,HD
laptopworld,Laptop MSI Thin 15 B12UCX 1419VN (Core™ i5-12450H | 8GB | 512GB | RTX 2050 | 15.6 inch FHD 144Hz | Win 11 | Xám),Laptop MSI,/laptop-msi-thin-15-b12ucx-1419vn,17990000.0,Intel Core i512450H ,Intel,512,DDR4,SSD,512GB,NVIDIA GeForce RTX 2050 4GB GDDR6,15.6 ,HD
laptopworld,Laptop MSI Thin A15 B7UC 026VN (Ryzen 5-7535HS | 8GB | 512GB | RTX 3050 | 15.6 inch FHD 144Hz | Win 11 | Xám),Laptop MSI,/laptop-msi-thin-a15-b7uc-026vn,20990000.0,AMD Ryzen 57535HS ,AMD,512,DDR5,SSD,512GB,NVIDIA GeForce RTX 3050 4GB GDDR6,15.6,HD
laptopworld,Laptop MSI Thin 15 B12UC 1416VN (Core™ i5-12450H | 8GB | 512GB | RTX 3050 | 15.6 inch FHD 144Hz | Win 11 | Xám),Laptop MSI,/laptop-msi-thin-15-b12uc-1416vn,21990000.0,Intel Core i512450H ,Intel,512,DDR4,SSD,512GB,NVIDIA GeForce RTX 3050 4GB GDDR6,15.6 ,HD
laptopworld,Laptop MSI Cyborg 15 A13VFK 876VN (Intel Core i7-13620H | 16GB | 512GB | RTX 4060 | 15.6 inch FHD 144Hz | Win11 | Đen),Laptop MSI,/laptop-msi-cyborg-15-a13vfk-876vn,29990000.0,Intel Core i713620H ,Intel,512,DDR5,SSD,512GB,NVIDIA GeForce RTX 4060 8GB GDDR6,15.6,HD
laptopworld,Laptop MSI Katana A15 AI B8VF 419VN (AMD Ryzen 7-8840H | 16GB | 512GB | RTX 4060  | 15.6 inch FHD 144Hz | Win 11 | Đen),Laptop MSI,/laptop-msi-katana-a15-ai-b8vf-419vn,30990000.0,AMD Ryzen 78840H ,AMD,512,DDR5,SSD,512GB,NVIDIA GeForce RTX 4060 8GB GDDR6,15.6,HD
laptopworld,Laptop MSI Vector 16 HX 13VHG (Intel Core i9-13980HX | 16GB | 1TB | RTX 4080 | 16 inch FHD+ 144Hz | Win 11 | Xám),Laptop MSI,/laptop-msi-vector-16-hx-13vhg-intel-core-i9-13980hx-16gb-1tb-rtx-4080-16-inch-fhd-144hz-win-11-xam,59990000.0,Intel Core i913980HX ,Intel,16,DDR5,SSD,1TB,NVIDIA GeForce RTX 4080 12GB GDDR6,16 ,HD
laptopworld,Laptop MSI Stealth 16 AI Studio A1VGG 089VN (Intel Core Ultra 9 185H | 32GB | 2TB | RTX 4070 | 16 inch QHD+ 240Hz | Win 11 | Xanh),Laptop MSI,/laptop-msi-stealth-16-ai-studio-a1vgg-089vn,64990000.0,Intel Core Ultra 9 185H ,Intel,32,DDR5,SSD,2TB,NVIDIA GeForce RTX 4070 8GB GDDR6,16 ,HD
laptopworld,Laptop MSI Stealth 18 AI Studio A1VHG-025VN (Intel Core Ultra 9 185H | 32GB | 2TB | RTX 4080 | 18 inch UHD+ 120Hz | Win 11 | Đen),Laptop MSI,/laptop-msi-stealth-18-ai-studio-a1vhg-025vn,94990000.0,Intel Core Ultra 9 185H ,Intel,32,DDR5,SSD,2TB,NVIDIA GeForce RTX 4080 12GB GDDR6,18 ,HD
laptopworld,Laptop Lenovo LOQ 15IAX9 83GS001SVN (Core i5-12450HX | 12GB | 512GB | RTX 2050 | 15.6 inch FHD 144Hz | Win 11 | Xám),Laptop Lenovo,/laptop-lenovo-loq-15iax9-83gs001svn,21490000.0,Intel Core i512450HX ,Intel,12,DDR5,SSD,512GB,NVIDIA GeForce RTX 2050 4GB GDDR6,15.6,HD
laptopworld,Laptop MSI Pulse 17 AI C1VGKG 017VN (Intel Core Ultra 7 155H | 32GB | 1TB | RTX 4070 8GB | 17 inch QHD+ 240Hz | Win 11 | Đen),Laptop MSI,/laptop-msi-pulse-17-ai-c1vgkg-017vn,51990000.0,Intel Core Ultra 7 155H ,Intel,32,DDR5,SSD,1TB,NVIDIA GeForce RTX 4070 8GB GDDR6,17 ,HD
laptopworld,Laptop MSI Stealth 18 AI Studio A1VGG 008VN (Intel Core Ultra 9 185H | 32GB | 2TB | RTX 4070 | 18 inch UHD+ 120Hz | Win 11 | Đen),Laptop MSI,/laptop-msi-stealth-18-ai-studio-a1vgg-008vn,79990000.0,Intel Core Ultra 9 185H ,Intel,32,DDR5,SSD,2TB,NVIDIA GeForce RTX 4070 8GB GDDR6,18 ,HD
laptopworld,Laptop MSI Raider 18 HX A14VHG 230VN (Core™ i9-14900HX | 32GB | 2TB | RTX 4080 | 18 inch UHD+ 120Hz | Win 11 | Đen),Laptop MSI,/laptop-msi-raider-18-hx-a14vhg-230vn,92990000.0,Intel Core i914900HX ,Intel,32,DDR5,SSD,2TB,NVIDIA GeForce RTX 4080 12GB GDDR6,18 ,HD
laptopworld,Laptop MSI Katana A15 AI B8VE 402VN (AMD Ryzen 7-8845HS | 16GB | 512GB | RTX 4050  | 15.6 inch FHD | Win 11 | Đen),Laptop MSI,/laptop-msi-katana-a15-ai-b8ve-402vn,28990000.0,AMD Ryzen 78845HS ,AMD,512,DDR5,SSD,512GB,NVIDIA GeForce RTX 4050 6GB GDDR6,15.6,HD
laptopworld,Laptop MSI Sword 16 HX B14VFKG 045VN (Intel Core i7-14700HX | 16GB | 1TB | RTX 4060 | 16 inch QHD+ 240Hz | Win 11 | Xám),Laptop MSI,/laptop-msi-sword-16-hx-b14vfkg-045vn,39990000.0,Intel Core i714700HX ,Intel,16,DDR5,SSD,1TB,NVIDIA GeForce RTX 4060 8GB GDDR6,16 ,HD
laptopworld,Laptop MSI Stealth 14 AI Studio A1VFG 050VN ( Intel Core Ultra 7 155H | 32GB | 1TB | RTX 4060 | 14 inch 2.8K | Win 11 | Xanh),Laptop MSI,/laptop-msi-stealth-14-ai-studio-a1vfg-050vn,49990000.0,Intel Core Ultra 7 155H ,Intel,32,DDR5,SSD,1TB,NVIDIA GeForce RTX 4060 8GB GDDR6,14,8K
laptopworld,Laptop HP Omen Transcend 14 (Core Ultra 9 185H | 16GB | 2TB | RTX 4070 | 14 inch OLED 2.8K | Win 11 | Đen),Laptop HP,/laptop-hp-omen-transcend-14-core-ultra-9-185h-16gb-2tb-rtx-4070-14-inch-oled-2-8k-win-11-den.html,,Intel Core Ultra 9 185H ,Intel,16,DDR5,SSD,2TB,NVIDIA GeForce RTX 4070 8GB GDDR6,14 ,8K
laptopworld,Laptop MSI Thin A15 B7VE 023VN (Ryzen 5-7535HS | 8GB | 512GB | RTX 4050 | 15.6 inch FHD | Win 11 | Xám),Laptop MSI,/laptop-msi-thin-a15-b7ve-023vn,23990000.0,AMD Ryzen 57535HS ,AMD,512,DDR5,SSD,512GB,NVIDIA GeForce RTX 4050 6GB GDDR6,15.6,HD
laptopworld,Laptop MSI Cyborg 15 AI A1VEK 053VN (Intel Core Ultra 7 155H | 16GB | 512GB | RTX 4050 | 15.6 inch FHD | Win 11 | Đen),Laptop MSI,/laptop-msi-cyborg-15-ai-a1vek-053vn,30990000.0,Intel Core Ultra 7 155H ,Intel,512,DDR5,SSD,512GB,NVIDIA GeForce RTX 4050 6GB GDDR6,15.6,HD
laptopworld,Laptop Lenovo LOQ 15IAX9 83GS001RVN (Core i5-12450HX | 12GB | 512GB | RTX 3050 | 15.6 inch FHD | Win 11 | Xám),Laptop Lenovo,/laptop-lenovo-loq-15iax9-83gs001rvn,23990000.0,Intel Core i512450HX ,Intel,12,DDR5,SSD,512GB,NVIDIA GeForce RTX 3050 6GB GDDR6,15.6,HD
laptopworld,Laptop MSI Cyborg 15 A12UCX 618VN  (Core™ i5-12450H | 16GB | 512GB | RTX 2050 4GB | 15.6inch FHD 144Hz | Win 11 | Đen),Laptop MSI,/laptop-msi-cyborg-15-a12ucx-618vn,19990000.0,Intel Core i512450H ,Intel,512,DDR5,SSD,512GB,NVIDIA GeForce RTX 2050 4GB GDDR6,15.6,HD
laptopworld,Laptop Acer Nitro 5 Tiger AN515-58-50EE NH.QFHSV.007 (Core i5-12450H | 8GB | 512GB | RTX 3050 4GB | 15.6 inch FHD | Win 11 | Đen),Laptop Acer,/laptop-acer-nitro-5-tiger-an515-58-50ee-nh-qfhsv-007.html,24990000.0,Intel Core i512450H ,Intel,8,DDR4,SSD,512GB,NVIDIA GeForce RTX 3050 4GB GDDR6,15.6 ,HD
laptopworld,Laptop Lenovo Legion 5 16IRX9 83DG004YVN (Core™ i7-14650HX | 16GB | 512GB | RTX™ 4060 8GB | 16inch WQXGA 165Hz | Win 11 | Xám),Laptop Lenovo,/laptop-lenovo-legion-5-16irx9-83dg004yvn.html,43990000.0,Intel Core i714650HX ,Intel,16,DDR5,SSD,512GB,NVIDIA GeForce RTX 4060 8GB GDDR6,16.0,IPS
laptopworld,Laptop Lenovo Legion Pro 5 16IRX9 83DF0046VN (Core™ i9-14900HX | 32GB | 1TB | RTX™ 4070 8GB | 16inch WQXGA 240Hz | Win 11 | Xám),Laptop Lenovo,/laptop-lenovo-legion-pro-5-16irx9-83df0046vn.html,56990000.0,Intel Core i914900HX ,Intel,32,DDR5,SSD,1TB,NVIDIA GeForce RTX 4070 8GB GDDR6,16.0,IPS
laptopworld,Laptop Lenovo Legion Pro 7 16IRX9H 83DE001MVN (Core™ i9-14900HX | 32GB | 1TB | RTX™ 4090 16GB | 16inch WQXGA 240Hz | Win 11 | Đen),Laptop Lenovo,/laptop-lenovo-legion-pro-7-16irx9h-83de001mvn.html,106990000.0,Intel Core i914900HX ,Intel,32,DDR5,SSD,1TB,NVIDIA GeForce RTX 4090 16GB GDDR6,16.0,IPS
laptopworld,Laptop Acer Predator Helios Neo PHN16-71-74QR NH.QLVSV.002 (Core i7-13700HX | 16GB | 512GB | RTX 4070 | 16 inch WQXGA 165Hz | Win 11 | Đen),Laptop Acer,/laptop-acer-predator-helios-neo-phn16-71-74qr-nh-qlvsv-002,49990000.0,Intel Core i713700HX ,Intel,16,DDR5,SSD,512GB,NVIDIA GeForce RTX 4070 8GB GDDR6,16 ,IPS
laptopworld,Laptop Acer Nitro V ANV15-51-72VS NH.QNASV.004 (Core™ i7-13620H | 16GB | 512GB | RTX 2050 4GB | 15.6 inch FHD 144Hz | Win 11 | Đen),Laptop Acer,/laptop-acer-nitro-v-anv15-51-72vs-nh-qnasv-004.html,25990000.0,Intel Core i713620H ,Intel,16,DDR5,SSD,512GB,NVIDIA GeForce RTX 2050 4GB GDDR6,15.6 ,HD
laptopworld,Laptop Acer Nitro V ANV15-51-58AN NH.QNASV.001 (Core i5-13420H | 8GB | 512GB | RTX 2050 4GB | 15.6 inch FHD 144Hz | Win 11 | Đen),Laptop Acer,/laptop-acer-nitro-v-anv15-51-58an-nh-qnasv-001.html,21490000.0,Intel Core i513420H ,Intel,8,DDR5,SSD,512GB,NVIDIA GeForce RTX 2050 4GB GDDR6,15.6 ,HD
laptopworld,Laptop Acer Gaming Aspire 5 A515-58GM-53PZ NX.KQ4SV.008 (Core™ i5-13420H | 8GB | 512GB SSD | RTX 2050 | 15.6 inch FHD  | Win 11 | Xám),Laptop Acer,/laptop-acer-gaming-aspire-5-a515-58gm-53pz-nx-kq4sv-008,20490000.0,Intel Core i513420H ,Intel,8,DDR4,,512GB,NVIDIA GeForce RTX 2050 4GB GDDR6,15.6,HD
laptopworld,"Dell Gaming G16 7630 2023 (Core i7-13650HX, Ram 16GB, 1TB SSD, RTX 4060 8G, 16 inch 2.5K 165Hz)",Dell,/dell-gaming-g16-7630-2023-core-i7-13650hx-ram-16gb-1tb-ssd-rtx-4060-8g-16-inch-2-5k-165hz.html,38990000.0,Intel Core i713650HX ,Intel,16,DDR5,SSD,1TB,NVIDIA GeForce RTX 4060 8GB GDDR6,16,IPS
laptopworld,"Laptop Acer Predator Helios Neo 16-PHN16-71-73LT (Core i7-13700HX, Ram 16GB, 1TB SSD, RTX 4060 8GB, 16inch WQXGA 165Hz)",Laptop Acer,/laptop-acer-predator-helios-neo-16-phn16-71-73lt,34990000.0,Intel Core i713700HX ,Intel,16,DDR5,SSD,1TB,NVIDIA GeForce RTX 4060 8GB GDDR6,16 ,IPS
laptopworld,"Lenovo Legion 5 R7000 APH9 (Ryzen 7-7840H, Ram 16GB, SSD 512GB, RTX 4060, 15.6inch FHD 144Hz)",Lenovo,/lenovo-legion-5-r7000-aph9-ryzen-7-7840h-ram-16gb-ssd-512gb-rtx-4060-15-6inch-fhd-144hz.html,29990000.0,AMD Ryzen 77840H ,AMD,16,DDR5,SSD,512GB,NVIDIAGeForce RTX 4060 8GB GDDR6,15.6,HD
laptopworld,Laptop Gigabyte G5 KF5-53VN383SH (Core i5-13500H | 8GB | 512GB | RTX 4060 8GB | 15.6inch FHD 144Hz | Win 11 | Đen),Laptop Gigabyte,/laptop-gigabyte-g5-kf5-53vn383sh,26290000.0,Intel Core i513500H ,Intel,8,DDR5,SSD,512GB,NVIDIA GeForce RTX 4060 8GB GDDR6,15.6 ,HD
laptopworld,Laptop Gigabyte G5 MF5-52VN383SH (Core i5-13500H | 8GB | 512GB | RTX 4050 6GB | 15.6inch FHD 144Hz | Win 11 | Đen),Laptop Gigabyte,/laptop-gigabyte-g5-mf5-52vn383sh,23290000.0,Intel Core i513500H ,Intel,8,DDR5,SSD,512GB,NVIDIA GeForce RTX 4050 6GB GDDR6,15.6 ,HD
laptopworld,Laptop Asus TUF Gaming F15 FX507VU-LP198W (Core i7-13620H | 8GB | 512GB | RTX 4050 | 15.6 inch FHD | Win 11 | Xám),Laptop Asus,/laptop-asus-tuf-gaming-f15-fx507vu-lp198w.html,28990000.0,Intel Core i713620H ,Intel,8,DDR5,SSD,512GB,NVIDIA GeForce RTX 4050 6GB GDDR6 140W TGP,15.6 ,HD
laptopworld,"Acer Predator Helios Neo 16-PHN16-71-92WJ (Core i9-13900HX, Ram 16GB, 1TB SSD, RTX 4060 8GB, 16inch 2.5K+ 165Hz)",Acer,/acer-predator-helios-neo-16-phn16-71-92wj.html,37990000.0,Intel Core i913900HX ,Intel,16,DDR5,SSD,1TB,NVIDIA GeForce RTX 4060 8GB GDDR6,16 ,IPS
laptopworld,Laptop Acer Nitro V ANV15-51-75GS NH.QN8SV.005 (Core i7-13620H | 16GB | 512GB | RTX 4050 6GB | 15.6 inch FHD | Win 11 | Black),Laptop Acer,/laptop-acer-nitro-v-anv15-51-75gs-nh-qn8sv-005.html,30990000.0,Intel Core i713620H ,Intel,16,DDR5,SSD,512GB,NVIDIA GeForce RTX 4050 6GB GDDR6,15.6 ,HD
laptopworld,"MSI Vector GP77 (Core i9-13900H, Ram 32GB, 1TB SSD, RTX 4070, 17.3 inch QHD 240Hz,  Win 11, Đen)",MSI,/msi-vector-gp77-core-i9-13900h-ram-32gb-1tb-ssd-rtx-4070-17-3-inch-qhd-240hz-win-11-den.html,48990000.0,Intel Core i913900H ,Intel,32,DDR5,SSD,1TB,NVIDIA GeForce RTX 4070 8GB GDDR6,17.3 ,HD
laptopworld,"MSI Vector GP68 (Core i9-13950HX, Ram 16GB, 1TB SSD, RTX 4080, 16 inch FHD+ 144Hz , Win 11, Xám)",MSI,/msi-vector-gp68-core-i9-13950hx-ram-16gb-1tb-ssd-rtx-4080-16-inch-fhd-144hz-win-11-xam.html,61990000.0,Intel Core i913950HX ,Intel,16,,SSD,1TB,NVIDIA GeForce RTX 4080 12GB GDDR6,16.0 ,HD
laptopworld,Dell Mobile Precision Workstation 7680 71024676 (Core i9-13950HX  | 32GB | 1TB | RTX 2000 Ada 8GB | 16 inch FHD+ | Win 11 Pro),Dell,/dell-mobile-precision-workstation-7680-71024676.html,87990000.0,Intel Core i913950HX ,Intel,32,DDR5,,1TB,NVIDIA GeForce RTX 2000 8GB GDDR6,16 ,HD
laptopworld,Dell Mobile Precision Workstation 7680 71024681 (Core i7-13850HX | 32GB | 1TB | RTX 2000 Ada 8GB | 16 inch FHD+ | Win 11 Pro),Dell,/dell-mobile-precision-workstation-7680-71024681.html,80990000.0,Intel Core i713850HX ,Intel,32,DDR5,,1TB,NVIDIA GeForce RTX 2000 8GB GDDR6,16 ,HD
laptopworld,Dell Mobile Precision Workstation 5680 71024680 (Intel Core i9-13900H | 32GB | 1TB | RTX 2000 | 16 inch FHD+ | Win 11 Pro),Dell,/dell-mobile-precision-workstation-5680-71024680.html,99990000.0,Intel Core i913900H i913900H ,Intel,32,DDR5,SSD,1TB,NVIDIA RTX 2000 Ada 8GB,16 ,HD
laptopworld,Dell Mobile Precision Workstation 3581 71024677 (Intel Core i7-13800H | 32GB | 1TB | A500 4GB | 15.6 inch FHD |  Win 11 Pro),Dell,/dell-mobile-precision-workstation-3581-71024677.html,53990000.0,Intel Core i713800H ,Intel,32,DDR5,SSD,1TB,NVIDIA RTX A500 4GB GDDR6,15.6 ,HD
laptopworld,Dell Mobile Precision Workstation 3581 71024679 (Intel Core i7-13800H | 32GB | 1TB | A1000 6GB | 15.6 inch FHD |  Win 11 Pro),Dell,/dell-mobile-precision-workstation-3581-71024679.html,56990000.0,Intel Core i713800H ,Intel,32,DDR5,SSD,1TB,NVIDIA RTX A1000 6GB GDDR6,15.6 ,HD
laptopworld,Laptop Asus TUF Gaming A15 FA507NV-LP061W (Ryzen™ 7-7735HS | 16GB | 1TB | RTX 4060 8GB | 15.6inch FHD 144Hz | Win 11 | Xám),Laptop Asus,/laptop-asus-tuf-gaming-a15-fa507nv-lp061w,31990000.0,AMD Ryzen 77735HS ,AMD,16,DDR5,SSD,1TB,NVIDIA GeForce RTX 4060 8GB GDDR6 140W TGP,15.6 ,HD
laptopworld,Dell Mobile Precision Workstation 3480 71024682 (Core i7-1370P | 32GB | 1TB | RTX A500 4GB | 14 inch FHD | Win 11 Pro),Dell,/dell-mobile-precision-workstation-3480-71024682.html,49990000.0,Intel Core i71370P ,Intel,32,,,1TB,NVIDIA RTX A500 4GB GDDR6,14 ,HD
laptopworld,Dell Mobile Precision Workstation 7680 71023334 (Core i7-13850HX | 16GB | 512GB | RTX 2000 Ada 8GB | 16 inch FHD+ | Ubuntu),Dell,/dell-mobile-precision-workstation-7680-71023334.html,74990000.0,Intel Core i713850HX ,Intel,16,,,512GB,NVIDIA RTX 2000 Ada 8GB,16 ,HD
laptopworld,Dell Mobile Precision Workstation 5680 71023333 (Intel Core i7-13800H | 16GB | 512GB | RTX A1000 6GB | 16 inch FHD+ | Ubuntu),Dell,/dell-mobile-precision-workstation-5680-71023333.html,78799000.0,Intel Core i713800H ,Intel,16,DDR5,SSD,512GB,NVIDIA RTX A1000 6GB,16 ,HD
laptopworld,Dell Mobile Precision Workstation 5680 71023332 (Intel Core i7-13800H | 16GB | 512GB | RTX 2000 | 16 inch FHD+ | Ubuntu),Dell,/dell-mobile-precision-workstation-5680-71023332.html,84799000.0,Intel Core i713800H ,Intel,16,DDR5,SSD,512GB,NVIDIA RTX 2000 Ada 8GB,16 ,HD
laptopworld,Dell Mobile Precision Workstation 3581 71023331 (Intel Core i7-13800H | 16GB | 512GB | RTX A500 4GB | 15.6 inch FHD | Ubuntu),Dell,/dell-mobile-precision-workstation-3581-71023331.html,44490000.0,Intel Core i713800H ,Intel,16,DDR5,SSD,512GB,NVIDIA RTX A500 4GB GDDR6,15.6 ,HD
laptopworld,HP VICTUS 15-fa1139TX 8Y6W3PA (Core i5-12450H | 16GB | 512GB | RTX 2050 | 15.6 inch FHD | Win 11| Đen),HP,/hp-victus-15-fa1139tx-8y6w3pa.html,22990000.0,Intel Core i512450H ,Intel,16,DDR4,SSD,512GB,NVIDIA GeForce RTX 2050 4GB GDDR6,15.6,HD
laptopworld,"Laptop MSI Raider GE68 HX 13VG 068US (Core™ i9-13950HX , Ram 32GB, 1TB SSD, RTX 4070, 16.0inch QHD+ 240Hz, Win 11, Đen)",Laptop MSI,/msi-raider-ge68-hx-13vg-068us-core-i9-13950hx-ram-32gb-1tb-ssd-rtx-4070-16-0inch-qhd-240hz-win-11-den.html,62990000.0,Intel Core i913950HX ,Intel,32,DDR5,SSD,1TB,NVIDIA GeForce RTX 4070 8GB GDDR6,16.0,HD
laptopworld,"Dell Gaming G15 5530 (Core i7-13650HX, Ram 8GB, 1TB SSD, RTX 4050 6GB, 15.6 inch FHD 120Hz, Win 11, Xám)",Dell,/dell-gaming-g15-5530-core-i7-13650hx-ram-8gb-1tb-ssd-rtx-4050-6gb-15-6-inch-fhd-120hz-win-11-xam.html,27990000.0,Intel Core i713650HX ,Intel,8,DDR5,SSD,1TB,NVIDIA GeForce RTX 4050 6GB GDDR6,15.6 ,HD
laptopworld,HP Victus 15-fb1023AX 94F20PA (Ryzen™ 5-7535HS | 8GB | 512GB | RTX 2050 | 15.6inch FHD | Win11 | Mica Silver),HP,/hp-victus-15-fb1023ax-94f20pa.html,20990000.0,AMD Ryzen 57535HS ,AMD,8,DDR5,SSD,,NVIDIA GeForce RTX 2050 4GB GDDR6,15.6,HD
laptopworld,HP Victus 15-fb1022AX 94F19PA (Ryzen™ 5-7535HS | 16GB | 512GB | RTX 2050 | 15.6inch FHD | Win11 | Mica Silver ),HP,/hp-victus-15-fb1022ax-94f19pa.html,25490000.0,AMD Ryzen 57535HS ,AMD,16,DDR5,SSD,,NVIDIA GeForce RTX 2050 4GB GDDR6,15.6,HD
laptopworld,Laptop Acer Nitro V ANV15-51-55CA NH.QN8SV.004 (Core i5-13420H | 16GB | 512GB | RTX 4050 6GB | 15.6 inch FHD | Win 11 | Đen),Laptop Acer,/laptop-acer-nitro-v-anv15-51-55ca-nh-qn8sv-004.html,27990000.0,Intel Core i513420H ,Intel,16,DDR5,SSD,512GB,NVIDIA GeForce RTX 4050 6GB GDDR6,15.6 ,HD
laptopworld,Laptop Gigabyte G5 MF5-52VN353SH (Core i5-13500H | 16GB | 512GB | RTX 4050 6GB | 15.6inch FHD 144Hz | Win 11 | Đen),Laptop Gigabyte,/laptop-gigabyte-g5-mf5-52vn353sh,23790000.0,Intel Core i513500H ,Intel,16,DDR5,SSD,512GB,NVIDIA GeForce RTX 4050 6GB GDDR6,15.6 ,HD
laptopworld,Gigabyte G5 MF5-H2VN353SH (Core i7-13620H | 16GB | 512GB | RTX 4050 6GB | 15.6inch FHD 144Hz | Win 11 | Đen),Gigabyte,/gigabyte-g5-mf5-h2vn353sh.html,27990000.0,Intel Core i713620H ,Intel,16,DDR5,SSD,512GB,NVIDIA GeForce RTX 4050 6GB GDDR6,15.6 ,HD
laptopworld,Gigabyte G6 KF-H3VN853SH (Core i7-13620H | 16GB | 512GB | RTX 4060 8GB | 16inch FHD+ 165Hz | Win 11 | Đen),Gigabyte,/gigabyte-g6-kf-h3vn853sh.html,29900000.0,Intel Core i713620H ,Intel,16,DDR5,SSD,512GB,NVIDIA GeForce RTX 4060 8GB GDDR6,16.0,HD
laptopworld,Laptop Asus TUF Gaming F15 FX507ZC4-HN095W (Core i5-12500H | 16GB | 512GB | 15.6 inch FHD | RTX 3050 | Win 11 | Xám),Laptop Asus,/laptop-asus-tuf-gaming-f15-fx507zc4-hn095w.html,24999000.0,Intel Core i512500H ,Intel,16,DDR4,SSD,512GB,NVIDIA GeForce RTX 3050 4GB GDDR6,15.6 ,HD
laptopworld,"Dell Gaming G15 5530 (Core i7-13650HX, Ram 16GB, 1TB SSD, RTX 4060 8GB, 15.6 inch FHD 165Hz, Win 11, Xám)",Dell,/dell-gaming-g15-5530-core-i7-13650hx-ram-16gb-1tb-ssd-rtx-4060-8gb-15-6-inch-fhd-165hz-win-11-xam.html,31990000.0,Intel Core i713650HX ,Intel,16,DDR5,SSD,1TB,NVIDIA GeForce RTX 4060 8GB GDDR6,15.6 ,HD
laptopworld,"Laptop Asus ROG Strix G18 (Core™ i9-13980HX, Ram 16GB , 1TB SSD, RTX 4080 12GB, 18inch QHD+240Hz, Win 11, Xám)",Laptop Asus,/laptop-asus-rog-strix-g18-core-i9-13980hx-ram-16gb-1tb-ssd-rtx-4080-12gb-18inch-qhd-240hz-win-11-xam.html,69990000.0,Intel Core i913980HX ,Intel,16,DDR5,SSD,1TB,NVIDIA GeForce RTX 4080 12GB GDDR6,18,HD
laptopworld,Laptop Acer Gaming Aspire 7 A715-76G-73FM NH.QMYSV.004 (Core i7-12650H | 16GB | 512GB | RTX 2050 | 15.6 inch FHD | Win 11 | Black),Laptop Acer,/laptop-acer-gaming-aspire-7-a715-76g-73fm-nh-qmysv-004,25690000.0,Intel Core i712650H ,Intel,16,DDR4,SSD,512GB,NVIDIA GeForce RTX 2050 4GB GDDR6,15.6 ,HD
laptopworld,"Laptop Lenovo Legion Pro 5 R9000P 2023 (Ryzen 9-7945HX, 16GB, 1TB, RTX 4060 8GB, 16inch WQXGA 240Hz)",Laptop Lenovo,/laptop-lenovo-legion-pro-5-r9000p-2023-ryzen-9-7945hx-16gb-1tb-rtx-4060-8gb-16inch-wqxga-240hz,38990000.0,AMD Ryzen 97945HX ,AMD,16,DDR5,SSD,1TB,NVIDIA GeForce RTX 4060 8GB GDDR6,16.0 ,IPS
laptopworld,HP VICTUS 15-fa1089TX 8C5M6PA (Core i7-13620H | 8GB | 512GB | RTX 3050 6GB | 15.6 inch FHD | Win 11 | Mica Silver),HP,/hp-victus-15-fa1089tx-8c5m6pa.html,31290000.0,Intel Core i713620H ,Intel,8,DDR4,SSD,512GB,NVIDIA GeForce RTX 3050 6GB GDDR6,15.6,HD
laptopworld,HP VICTUS 15-fa1087TX 8C5M4PA (Core i7-13620H | 16GB | 512GB | RTX 3050 6GB | 15.6 inch FHD | Win 11 | Mica Silver),HP,/hp-victus-15-fa1087tx-8c5m4pa.html,32290000.0,Intel Core i713620H ,Intel,16,DDR4,SSD,512GB,NVIDIA GeForce RTX 3050 6GB GDDR6,15.6,HD
laptopworld,Laptop HP VICTUS 16-r0129TX 8C5N4PA (Core i7-13700H | 16GB | 512GB | RTX 3050 4GB | 16.1inch FHD 144Hz | Win11 | Đen),Laptop HP,/laptop-hp-victus-16-r0129tx-8c5n4pa,32690000.0,Intel Core i713700H ,Intel,16,DDR5,SSD,512GB,NVIDIA GeForce RTX 3050 4GB GDDR6,16.1,HD
laptopworld,HP VICTUS 16-r0127TX 8C5N2PA (Core i7-13700H | 16GB | 512GB | RTX 4060 8GB | 16.1inch FHD 144Hz | Win11 | Đen),HP,/hp-victus-16-r0127tx-8c5n2pa.html,38390000.0,Intel Core i713700H ,Intel,16,DDR5,SSD,512GB,NVIDIA GeForce RTX 4060 8GB GDDR6,16.1,HD
laptopworld,Laptop HP VICTUS 15-fa1085TX 8C5M2PA (Core i7-13700H | 16GB | 512GB | RTX 4050 6GB | 15.6 inch FHD | Win 11 | Mica Silver),Laptop HP,/laptop-hp-victus-15-fa1085tx-8c5m2pa,33990000.0,Intel Core i713700H ,Intel,16,DDR4,SSD,512GB,NVIDIA GeForce RTX 4050 6GB GDDR6,15.6,HD
laptopworld,HP Victus 16-s0078AX 8C5N7PA (Ryzen 5-7640HS | 16GB | 512GB | RTX 3050 6GB | 16.1 inch FHD | Win 11 | Đen),HP,/hp-victus-16-s0078ax-8c5n7pa.html,27390000.0,AMD Ryzen 57640HS ,AMD,16,DDR5,SSD,512GB,NVIDIA GeForce RTX 3050 4GB GDDR6,16.1,HD
laptopworld,Gigabyte AERO 14 OLED 9MF-E2VNBB4SH (Core™ i5-12500H | 16GB | 1TB | RTX 4050 6GB | 14 inch QHD+ OLED 90Hz | Win 11 | Bạc),Gigabyte,/gigabyte-aero-14-oled-9mf-e2vnbb4sh.html,34990000.0,Intel Core i512500H ,Intel,16,DDR5,SSD,1TB,NVIDIA GeForce RTX 4050 6GB GDDR6,14.0 ,8K
laptopworld,Laptop Acer Nitro 16 Phoenix AN16-41-R60F NH.QLKSV.003 (Ryzen 7-7840HS | 8GB | 512GB | RTX 4050 6GB | 16 inch WUXGA | Win 11 | Đen),Laptop Acer,/laptop-acer-nitro-16-phoenix-an16-41-r60f-nh-qlksv-003,35990000.0,AMD Ryzen 77840HS ,AMD,8,DDR5,SSD,512GB,NVIDIA GeForce RTX 4050 6GB GDDR6,16 ,IPS
laptopworld,Laptop MSI Stealth 16 Mercedes AMG A13VG-289VN (Intel Core i9-13900H | 32GB | 2TB | RTX 4070 8GB | 16 inch UHD+ | Win 11 | Xám),Laptop MSI,/laptop-msi-stealth-16-mercedes-amg-a13vg-289vn,80990000.0,Intel Core i913900H ,Intel,32,DDR5,SSD,2TB,Nvidia Geforce RTX 4070 8GB GDDR6,16 ,HD
laptopworld,HP Victus 16-s0077AX 8C5N6PA (Ryzen 7-7840HS | 16GB | 512GB | RTX 3050 4GB | 16.1inch FHD 144Hz | Win11 | Đen),HP,/hp-victus-16-s0077ax-8c5n6pa.html,31690000.0,AMD Ryzen 77840HS ,AMD,16,DDR5,SSD,512GB,NVIDIA GeForce RTX 3050 4GB GDDR6,16.1,HD
laptopworld,Laptop Acer Nitro 16 Phoenix AN16-41-R3SM NH.QLLSV.003 (Ryzen 7-7840HS | 16GB | 512GB | RTX 4060 8GB | 16 inch WQXGA | Win 11 | Đen),Laptop Acer,/laptop-acer-nitro-16-phoenix-an16-41-r3sm-nh-qllsv-003,39990000.0,AMD Ryzen 77840HS ,AMD,16,DDR5,SSD,512GB,NVIDIA GeForce RTX 4060 8GB GDDR6,16 ,IPS
laptopworld,Laptop Acer Nitro 16 Phoenix AN16-41-R76E NH.QLLSV.004 (AMD Ryzen 9-7940HS | 16GB | 512GB | RTX 4060 8GB | 16 inch WQXGA 165Hz | Win 11 | Đen),Laptop Acer,/laptop-acer-nitro-16-phoenix-an16-41-r76e-nh-qllsv-004,42490000.0,AMD Ryzen 97940HS ,AMD,16,DDR5,SSD,512GB,NVIDIA GeForce RTX 4060 8GB GDDR6,16 ,IPS
laptopworld,Laptop Acer Nitro 16 Phoenix AN16-41-R50Z NH.QLKSV.001 (Ryzen 5-7640HS | 8GB | 512GB | RTX 4050 6GB | 16 inch WUXGA 165Hz | Win 11 | Đen),Laptop Acer,/laptop-acer-nitro-16-phoenix-an16-41-r50z-nh-qlksv-001,30990000.0,AMD Ryzen 57640HS ,AMD,8,DDR5,SSD,512GB,NVIDIA GeForce RTX 4050 6GB GDDR6,16 ,IPS
laptopworld,"Laptop Acer Gaming Aspire 7 A715-76G-5806 NH.QMFSV.002 (Core i5-12450H | RTX 3050 | 15.6 inch FHD, IPS, 144Hz | 16GB | 512GB SSD, Win 11)",Laptop Acer,/laptop-acer-gaming-aspire-7-a715-76g-5806-nh-qmfsv-002,22990000.0,Intel Core i512450H ,Intel,16,DDR4,SSD,512GB,NVIDIA GeForce RTX 3050 4GB GDDR6,15.6,HD
laptopworld,Laptop Acer Gaming Aspire 7 A715-76G-59MW NH.QMYSV.001 (Core i5-12450H | 8GB | 512GB | RTX 2050 | 15.6 inch FHD 144Hz | Win 11 | Đen),Laptop Acer,/laptop-acer-gaming-aspire-7-a715-76g-59mw-nh-qmysv-001,21490000.0,Intel Core i512450H ,Intel,8,DDR4,SSD,512GB,NVIDIA GeForce RTX 2050 4GB GDDR6,15.6,HD
laptopworld,"Laptop MSI Katana 15 B13VGK 1211VN (Core™ i7-13620H | 16GB | 1TB | RTX 4070 | 15.6inch FHD, 144Hz | Win 11 | Đen)",Laptop MSI,/laptop-msi-katana-15-b13vgk-1211vn,41990000.0,Intel Core i713620H ,Intel,16,DDR5,SSD,1TB,NVIDIA GeForce RTX 4070 8GB GDDR6,15.6,HD
laptopworld,Máy chơi game Asus ROG Ally RC71L-NH001W (Ryzen Z1 Extreme | 16GD5 | 512GB | 7.0FHD-120Hz | Cảm ứng | W11 | Trắng),Máy,/may-choi-game-asus-rog-ally-rc71l-nh001w,14990000.0,AMD Ryzen Z1 Extreme ,AMD,16,DDR5,SSD,512GB,AMD Radeon ,7,HD
laptopworld,Laptop Acer Nitro 5 AN515-58-773Y NH.QFKSV.001 (Core™ i7-12700H | 8GB | 512GB | RTX™ 3050Ti 4GB | 15.6 inch FHD | Win 11 | Đen),Laptop Acer,/laptop-acer-nitro-5-an515-58-773y-nh-qfksv-001,33790000.0,Intel Core i712700H ,Intel,8,DDR4,SSD,512GB,NVIDIA GeForce RTX 3050Ti 4GB GDDR6,15.6 ,HD
laptopworld,Laptop Acer Nitro 5 AN515-58-50D2 NH.QHYSV.005 (Intel Core i5-12500H | 16GB | 512GB | RTX 3060 6GB | 15.6 inch FHD 165Hz | Win 11 | Đen),Laptop Acer,/laptop-acer-nitro-5-an515-58-50d2-nh-qhysv-005,35990000.0,Intel Core i512500H ,Intel,16,DDR5,SSD,512GB,NVIDIA GeForce RTX 3060 6GB GDDR6,15.6 ,HD
laptopworld,Dock đồ hoạ rời Asus ROG XG Mobile RTX 4090 GC33Y-045,Dock,/dock-do-hoa-roi-asus-rog-xg-mobile-rtx-4090-gc33y-045.html,62990000.0,,,,,,,,,
laptopworld,Laptop Asus ROG Zephyrus Duo 16 GX650PZ-NM031W (Ryzen 9-7945HX | Ram 32GB | 1TB SSD | RTX 4080 12GB | 16inch WQXGA 240Hz | Win 11| Đen),Laptop Asus,/laptop-asus-rog-zephyrus-duo-16-gx650pz-nm031w,112990000.0,AMD Ryzen 97945HX ,AMD,32,DDR5,SSD,1TB,NVIDIA GeForce RTX 4080 12GB GDDR6,16,HD
laptopworld,Laptop Acer Nitro 17 Phoenix AN17-51-50B9 NH.QK5SV.001 (Core i5-13500H | 8GB | 512GB | RTX 4050 6GB | 17.3 inch FHD | Win 11 | Đen),Laptop Acer,/laptop-acer-nitro-17-phoenix-an17-51-50b9-nh-qk5sv-001,35490000.0,Intel Core i513500H ,Intel,8,DDR5,SSD,512GB,NVIDIA GeForce RTX 4050 6GB GDDR6,17.3 ,HD
laptopworld,Laptop Gigabyte AORUS 15 9MF-E2VN583SH (Core i5-12500H | 8GB | 512GB | RTX 4050 6GB | 15.6 inch FHD 360Hz | Win 11 | Đen),Laptop Gigabyte,/laptop-gigabyte-aorus-15-9mf-e2vn583sh,27990000.0,Intel Core i512500H ,Intel,8,DDR5,SSD,512GB,NVIDIA GeForce RTX 4050 6GB GDDR6,15.6,HD
laptopworld,"Gigabyte G5 KF-E3VN333SH (Core i5-12500H | Ram 8GB | 512GB SSD | RTX 4060 8GB | 15.6inch FHD, 144Hz | Win 11 | Đen)",Gigabyte,/gigabyte-g5-kf-e3vn333sh.html,28990000.0,Intel Core i512500H ,Intel,8,DDR4,SSD,512GB,NVIDIA GeForce RTX 4060 8GB GDDR6,15.6 ,HD
laptopworld,"Gigabyte G5 KF-E3VN313SH (Core i5-12500H | Ram 16GB | 512GB SSD | RTX 4060 8GB | 15.6inch FHD, 144Hz | Win 11 | Đen)",Gigabyte,/gigabyte-g5-kf-e3vn313sh.html,25890000.0,Intel Core i512500H ,Intel,16,DDR4,SSD,512GB,NVIDIA GeForce RTX 4060 8GB GDDR6,15.6 ,HD
laptopworld,Dell Gaming G15 5530 i7H165W11GR4050 (Intel Core i7-13650HX | 16GB | 512GB |  RTX 4050 6GB | 15.6 inch FHD 165Hz | Win 11 | Office | Xám),Dell,/dell-gaming-g15-5530-i7h165w11gr4050.html,41190000.0,Intel Core i713650HX ,Intel,32,,SSD,512GB,NVIDIA GeForce RTX 4050 6GB GDDR6,15.6 ,HD
laptopworld,Dell Gaming G15 5530 i7H165W11GR4060 (Intel Core i7-13650HX | 16GB | 512GB | RTX 4060 8GB | 15.6 inch FHD 165Hz | Win 11 | Office | Xám),Dell,/dell-gaming-g15-5530-i7h165w11gr4060.html,42990000.0,Intel Core i713650HX ,Intel,32,,SSD,512GB,NVIDIA GeForce RTX 4060 8GB GDDR6,15.6 ,HD
laptopworld,Tai nghe Asus ROG DELTA S CORE,Tai,/tai-nghe-asus-rog-delta-s-core.html,1990000.0,,,,,,,,,
laptopworld,"Laptop Asus ROG Strix G16 G614JU-N3135W (Core™ i5-13450HX | Ram 8GB | 512GB SSD | RTX 4050 6GB | 16inch FHD+, 165Hz | Win 11 | Xám)",Laptop Asus,/laptop-asus-rog-strix-g16-g614ju-n3135w,33990000.0,Intel Core i513450HX ,Intel,8,DDR5,SSD,512GB,NVIDIA GeForce RTX 4050 6GB GDDR6,16,HD
laptopworld,Laptop Acer Predator Helios 16 PH16-71-94N1 NH.QJSSV.002 (Intel Core i9-13900HX | 32GB | 2TB | RTX 4080 12GB | 16 inch WQXGA | Win 11 | Abyssal Black),Laptop Acer,/laptop-acer-predator-helios-16-ph16-71-94n1-nh-qjssv-002.html,102990000.0,Intel Core i913900HX ,Intel,32,DDR5,SSD,2TB,NVIDIA GeForce RTX 4080 12GB GDDR6,16,TFT
laptopworld,Laptop Acer Predator Helios 18 PH18-71-94SJ NH.QKRSV.002 (Intel Core i9-13900HX | 32GB | 2TB | RTX 4080 12GB | 18 inch WQXGA | Win 11 | Abyssal Black),Laptop Acer,/laptop-acer-predator-helios-18-ph18-71-94sj-nh-qkrsv-002.html,104990000.0,Intel Core i913900HX ,Intel,32,DDR5,SSD,2TB,NVIDIA GeForce RTX 4080 12GB GDDR6,18,TFT
laptopworld,"Laptop MSI Katana 15 B13VFK 676VN (Core™ i7-13620H | 16GB | 1TB | RTX 4060 | 15.6inch FHD, 144Hz | Win 11 | Đen)",Laptop MSI,/laptop-msi-katana-15-b13vfk-676vn,31990000.0,Intel Core i713620H ,Intel,16,DDR5,SSD,1TB,NVIDIA GeForce RTX 4060 8GB GDDR6,15.6,HD
laptopworld,Balo TUF Gaming VP4700,Balo,/balo-tuf-gaming-vp4700.html,1890000.0,,,,,,,,,
laptopworld,Balo gaming MSI Trooper Backpack,Balo,/balo-gaming-msi-trooper-backpack.html,2800000.0,,,,,,,,,
laptopworld,Laptop Acer Nitro 5 AN515-58-52SP NH.QFHSV.001 (Core™ i5-12500H | 8GB | 512GB | RTX™ 3050 4GB | 15.6 inch FHD | Win 11 | Đen),Laptop Acer,/laptop-acer-nitro-5-an515-58-52sp-nh-qfhsv-001,29490000.0,Intel Core i512500H ,Intel,8,DDR4,SSD,512GB,NVIDIA GeForce RTX 3050 4GB GDDR6,15.6 ,HD
laptopworld,Balo ROG BP3703G,Balo,/balo-rog-bp3703g.html,6990000.0,,,,,,,,,
laptopworld,Balo ROG BP2701G,Balo,/balo-rog-bp2701g.html,2390000.0,,,,,,,,,
laptopworld,Balo ROG BP2500G,Balo,/balo-rog-bp2500g.html,1890000.0,,,,,,,,,
laptopworld,Balo ROG BP1500G,Balo,/balo-rog-bp1500g.html,1190000.0,,,,,,,,,
