page,name,brand,link,price,old,new,cpu,cpu_brand,ram_capacity,ram_brand,hard_drive_type,hard_drive_capacity,card,card_brand,screen_size,screen_type
thegioididong,Laptop Asus Vivobook Go 15 E1504FA R5 7520U/16GB/512GB/Chuột/Win11 (NJ776W),Laptop Asus,http://www.thegioididong.com/laptop/asus-vivobook-go-15-e1504fa-r5-nj776w?utm_flashsale=1,,0,1,AMD Ryzen 5- 7520U,AMD,16,LPDDR5,SSD,512 GB,Card tích hợp- AMD Radeon Graphics,AMD,15.6,Độ phân giải:Full HD
thegioididong,Laptop Dell Inspiron 15 3520 i5 1235U/16GB/512GB/120Hz/OfficeHS/Win11 (N5I5052W1),Laptop Dell,http://www.thegioididong.com/laptop/dell-inspiron-15-3520-i5-n5i5052w1?itm_source=home&itm_medium=product_card&itm_campaign=viewed,16490000.0,0,1,Intel Core i5 Alder Lake- 1235U,Intel,16,DDR4,SSD,512 GB,Card tích hợp-Intel Iris Xe Graphics,Intel,15.6,Độ phân giải:Full HD
thegioididong,Laptop Lenovo Ideapad Slim 3 15IAH8 i5 12450H/16GB/512GB/Win11 (83ER000EVN),Laptop Lenovo,http://www.thegioididong.com/laptop/lenovo-ideapad-slim-3-15iah8-i5-83er00evn?gidzl=pvSuMSyUd4VFZZXRpWIUGSw3EL_I2Sf4sDDc3Oa9nX28WpPPYbkNGuc4C5-A0vT6WDvXMZ8olfKhp1-QGm,13890000.0,0,1,Intel Core i5 Alder Lake- 12450H,Intel,16,LPDDR5,SSD,512 GB,Card tích hợp-Intel UHD Graphics,Intel,15.6,Độ phân giải:Full HD
thegioididong,Laptop Acer Aspire 3 A315 44P R9W8 R7 5700U/8GB/512GB/Win11 (NX.KSJSV.002),Laptop Acer,http://www.thegioididong.com/laptop/acer-aspire-a315-44p-r9w8-r7-nxksjsv002,10690000.0,0,1,AMD Ryzen 7- 5700U,AMD,8,DDR4,SSD,512 GB,Card tích hợp- AMD Radeon Graphics,AMD,15.6,Độ phân giải:Full HD
thegioididong,Laptop HP 15 fd0303TU i3 1315U/8GB/512GB/Win11 (A2NL4PA),Laptop HP,http://www.thegioididong.com/laptop/hp-15-fd0303tu-i3-a2nl4pa,11890000.0,0,1,Intel Core i3 Raptor Lake - 1315U,Intel,8,DDR4,SSD,512 GB,Card tích hợp-Intel UHD Graphics,Intel,15.6,Độ phân giải:Full HD
thegioididong,Laptop Apple MacBook Air 13 inch M1 8GB/256GB (MGN63SA/A),Laptop MacBook,http://www.thegioididong.com/laptop/apple-macbook-air-2020-mgn63saa,18190000.0,0,1,Apple M1,Apple,8,,SSD,256 GB,Card tích hợp- 7 nhân GPU,Apple,13.3,Retina
thegioididong,Laptop Asus Vivobook 15 X1504ZA i3 1215U/8GB/512GB/Win11 (NJ102W),Laptop Asus,http://www.thegioididong.com/laptop/asus-vivobook-15-x1504za-i3-nj102w,,0,1,Intel Core i3 Alder Lake-1215U,Intel,8,DDR4,SSD,512 GB,Card tích hợp-Intel UHD Graphics,Intel,15.6,Độ phân giải:Full HD
thegioididong,Laptop HP 15 fc0085AU R5 7430U/16GB/512GB/Win11 (A6VV8PA),Laptop HP,http://www.thegioididong.com/laptop/hp-15-fc0085au-r5-a6vv8pa,12990000.0,0,1,AMD Ryzen 5- 7430U,AMD,16,DDR4,SSD,512 GB,Card tích hợp- AMD Radeon Graphics,AMD,15.6,Độ phân giải:Full HD
thegioididong,Laptop Lenovo Ideapad Slim 3 15AMN8 R5 7520U/16GB/512GB/Win11 (82XQ00J0VN),Laptop Lenovo,http://www.thegioididong.com/laptop/lenovo-ideapad-slim-3-15amn8-r5-82xq00j0vn,11990000.0,0,1,AMD Ryzen 5- 7520U,AMD,16,LPDDR5,SSD,512 GB,Card tích hợp- AMD Radeon 610M Graphics,AMD,15.6,Độ phân giải:Full HD
thegioididong,Laptop Acer Aspire Lite 14 51M 59BN i5 1235U/16GB/512GB/Win11 (NX.KTXSV.001),Laptop Acer,http://www.thegioididong.com/laptop/acer-aspire-lite-14-51m-59bn-i5-nxktxsv001,13490000.0,0,1,Intel Core i5 Alder Lake- 1235U,Intel,16,DDR5,SSD,512 GB,Card tích hợp- Intel UHD Graphics (Iris Xe Graphics chỉ hoạt động với RAM kênh đôi),Intel,14,Độ phân giải:Full HD
thegioididong,Laptop Apple MacBook Pro 14 inch M3 8GB/512GB (MR7J3SA/A),Laptop MacBook,http://www.thegioididong.com/laptop/macbook-pro-14-inch-m3-2023,,0,1,Apple M3 - Hãng không công bố,Apple,8,,SSD,512 GB,Card tích hợp- 10 nhân GPU,Apple,14.2,Retina
thegioididong,Laptop Asus Vivobook X1404ZA i5 1235U/16GB/512GB/Win11 (NK376W),Laptop Asus,http://www.thegioididong.com/laptop/asus-vivobook-x1404za-i5-nk376w?utm_flashsale=1,,0,1,Intel Core i5 Alder Lake- 1235U,Intel,16,DDR4,SSD,512 GB,Card tích hợp-Intel Iris Xe Graphics,Intel,14,Độ phân giải:Full HD
thegioididong,Laptop HP 245 G10 R5 7530U/8GB/512GB/Win11 (A20TDPT),Laptop HP,http://www.thegioididong.com/laptop/hp-245-g10-r5-a20tdpt,12490000.0,0,1,AMD Ryzen 5- 7530U,AMD,8,DDR4,SSD,512 GB,Card tích hợp- AMD Radeon Graphics,AMD,14,Độ phân giải:Full HD
thegioididong,Laptop Lenovo Ideapad Slim 5 14IAH8 i5 12450H/16GB/1TB/Win11 (83BF003WVN),Laptop Lenovo,http://www.thegioididong.com/laptop/lenovo-ideapad-5-14iah8-i5-83bf003wvn,16790000.0,0,1,Intel Core i5 Alder Lake- 12450H,Intel,16,LPDDR5,SSD,1 TB,Card tích hợp-Intel UHD Graphics,Intel,14,WUXGA
thegioididong,Laptop Acer Aspire 3 A314 42P R3B3 R7 5700U/16GB/512GB/Win11 (NX.KSFSV.001),Laptop Acer,http://www.thegioididong.com/laptop/acer-aspire-3-a314-42p-r3b3-r7-nxksfsv001,,0,1,AMD Ryzen 7- 5700U,AMD,16,LPDDR4,SSD,512 GB,Card tích hợp- AMD Radeon Graphics,AMD,14,WUXGA
thegioididong,Laptop Apple MacBook Air 13 inch M2 8GB/256GB (MLXY3SA/A),Laptop MacBook,http://www.thegioididong.com/laptop/apple-macbook-air-m2-2022,,0,1,Apple M2,Apple,8,,SSD,256 GB,Card tích hợp- 8 nhân GPU,Apple,13.6,Retina
thegioididong,Laptop Asus Vivobook 15 OLED A1505ZA i5 12500H/16GB/512GB/120Hz/Win11 (MA415W),Laptop Asus,http://www.thegioididong.com/laptop/asus-asus-vivobook-15-oled-a1505za-i5-ma415w,17490000.0,0,1,Intel Core i5 Alder Lake- 12500H,Intel,16,DDR4,SSD,512 GB,Card tích hợp-Intel Iris Xe Graphics,Intel,15.6,2.8K
thegioididong,Laptop Dell Inspiron 15 3520 i5 1235U/16GB/512GB/120Hz/OfficeHS/KYHD/Win11,Laptop Dell,http://www.thegioididong.com/laptop/dell-inspiron-15-3520-i5-25p231,16490000.0,0,1,Intel Core i5 Alder Lake- 1235U,Intel,16,DDR4,SSD,512 GB,Card tích hợp-Intel Iris Xe Graphics,Intel,15.6,Độ phân giải:Full HD
thegioididong,Laptop Acer Aspire Lite 14 51M 36MH i3 1215U/8GB/256GB/Win11 (NX.KTVSV.001),Laptop Acer,http://www.thegioididong.com/laptop/acer-aspire-lite-14-51m-36mh-i3-nxktvsv001,9190000.0,0,1,Intel Core i3 Alder Lake-1215U,Intel,8,DDR5,SSD,256 GB,Card tích hợp-Intel UHD Graphics,Intel,14,Độ phân giải:Full HD
thegioididong,Laptop HP 15 fd0234TU i5 1334U/16GB/512GB/Win11 (9Q969PA),Laptop HP,http://www.thegioididong.com/laptop/hp-15-fd0234tu-i5-9q969pa,16790000.0,0,1,Intel Core i5 Raptor Lake - 1334U,Intel,16,DDR4,SSD,512 GB,Card tích hợp-Intel Iris Xe Graphics,Intel,15.6,Độ phân giải:Full HD
thegioididong,Laptop Lenovo Ideapad 1 15ALC7 R7 5700U/16GB/512GB/Win11 (82R400C1VN),Laptop Lenovo,http://www.thegioididong.com/laptop/lenovo-ideapad-1-15alc7-r7-82r400c1vn,12490000.0,0,1,AMD Ryzen 7- 5700U,AMD,16,DDR4,SSD,512 GB,Card tích hợp- AMD Radeon Graphics,AMD,15.6,Độ phân giải:Full HD
thegioididong,Laptop Asus Vivobook X1404ZA i3 1215U/8GB/512GB/Win11 (NK246W),Laptop Asus,http://www.thegioididong.com/laptop/asus-vivobook-x1404za-i3-nk246w,9990000.0,0,1,Intel Core i3 Alder Lake-1215U,Intel,8,DDR4,SSD,512 GB,Card tích hợp-Intel UHD Graphics,Intel,14,Độ phân giải:Full HD
thegioididong,Laptop Acer Aspire Lite 14 51M 36PN i3 1215U/8GB/512GB/Win11 (NX.KTWSV.001),Laptop Acer,http://www.thegioididong.com/laptop/acer-aspire-lite-14-51m-36pn-i3-nxktwsv001,9690000.0,0,1,Intel Core i3 Alder Lake-1215U,Intel,8,DDR5,SSD,512 GB,Card tích hợp-Intel UHD Graphics,Intel,14,Độ phân giải:Full HD
thegioididong,Laptop HP 240 G9 i5 1235U/16GB/512GB/Win11 (AG2J7AT),Laptop HP,http://www.thegioididong.com/laptop/hp-240-g9-i5-ag2j7at,16490000.0,0,1,Intel Core i5 Alder Lake- 1235U,Intel,16,DDR4,SSD,512 GB,Card tích hợp- Intel UHD Graphics (Iris Xe Graphics chỉ hoạt động với RAM kênh đôi),Intel,14,Độ phân giải:Full HD
thegioididong,Laptop Lenovo Gaming LOQ 15IAX9 i5 12450HX/16GB/512GB/6GB RTX3050/144Hz/Win11 (83GS000JVN),Laptop Lenovo,http://www.thegioididong.com/laptop/lenovo-loq-gaming-15iax9-i5-83gs000jvn,21490000.0,0,1,Intel Core i5 Alder Lake- 12450HX,Intel,16,DDR5,SSD,,"Card rời- NVIDIA GeForce RTX 3050, 6 GB",Nvidia,15.6,Độ phân giải:Full HD
thegioididong,Laptop Asus Gaming Vivobook K3605ZF i5 12500H/16GB/512GB/4GB RTX2050/Win11 (RP745W),Laptop Asus,http://www.thegioididong.com/laptop/asus-vivobook-k3605zf-i5-rp745w,,0,1,Intel Core i5 Alder Lake- 12500H,Intel,16,DDR4,SSD,512 GB,"Card rời- NVIDIA GeForce RTX 2050, 4 GB",Nvidia,16,WUXGA
thegioididong,Laptop Dell Latitude 3440 i5 1235U/16GB/512GB/Win11 (L3440-I51235U-16G512G),Laptop Dell,http://www.thegioididong.com/laptop/dell-latitude-3440-i5-l3440i51235u16g512g?utm_flashsale=1,,0,1,Intel Core i5 Alder Lake- 1235U,Intel,16,DDR4,SSD,512 GB,Card tích hợp-Intel Iris Xe Graphics,Intel,14,Độ phân giải:Full HD
thegioididong,Laptop HP Pavilion 15 eg3093TU i5 1335U/16GB/512GB/Win11 (8C5L4PA),Laptop HP,http://www.thegioididong.com/laptop/hp-pavilion-15-eg3093tu-i5-8c5l4pa,18790000.0,0,1,Intel Core i5 Raptor Lake - 1335U,Intel,16,DDR4,SSD,512 GB,Card tích hợp-Intel Iris Xe Graphics,Intel,15.6,Độ phân giải:Full HD
thegioididong,Laptop Acer Aspire 3 A315 58 529V i5 1135G7/8GB/256GB/Win11 (NX.ADDSV.00N),Laptop Acer,http://www.thegioididong.com/laptop/acer-aspire-3-a315-58-529v-i5-nxaddsv00n,8990000.0,0,1,Intel Core i5 Tiger Lake-1135G7,Intel,8,DDR4,SSD,256 GB,Card tích hợp-Intel Iris Xe Graphics,Intel,15.6,Độ phân giải:Full HD
thegioididong,Laptop Lenovo Ideapad Slim 3 15IRH8 i7 13620H/16GB/1TB/Win11 (83EM003FVN),Laptop Lenovo,http://www.thegioididong.com/laptop/lenovo-ideapad-slim-3-15irh8-i7-83em003fvn,18990000.0,0,1,Intel Core i7 Raptor Lake - 13620H,Intel,16,LPDDR5,SSD,1 TB,Card tích hợp-Intel UHD Graphics,Intel,15.6,Độ phân giải:Full HD
thegioididong,Laptop MSI Gaming GF63 Thin 12VE i5 12450H/16GB/512GB/6GB RTX4050/144Hz/Win11 (460VN),Laptop MSI,http://www.thegioididong.com/laptop/msi-gf63-thin-12ve-i5-460vn,18490000.0,0,1,Intel Core i5 Alder Lake- 12450H,Intel,16,DDR4,SSD,512 GB,"Card rời- NVIDIA GeForce RTX 4050, 6 GB",Nvidia,15.6,Độ phân giải:Full HD
thegioididong,Laptop Asus Vivobook 15 X1504ZA i5 1235U/16GB/512GB/Win11 (NJ1608W),Laptop Asus,http://www.thegioididong.com/laptop/asus-x1504za-i5-nj1608w?utm_flashsale=1,,0,1,Intel Core i5 Alder Lake- 1235U,Intel,16,DDR4,SSD,512 GB,Card tích hợp-Intel Iris Xe Graphics,Intel,15.6,Độ phân giải:Full HD
thegioididong,Laptop Lenovo Gaming LOQ 15IAX9 i5 12450HX/24GB/512GB/6GB RTX3050/144Hz/Win11 (83GS00D9VN),Laptop Lenovo,http://www.thegioididong.com/laptop/lenovo-loq-15iax9-i5-83gs00d9vn,22990000.0,0,1,Intel Core i5 Alder Lake- 12450HX,Intel,24,,SSD,,"Card rời- NVIDIA GeForce RTX 3050, 6 GB",Nvidia,15.6,Độ phân giải:Full HD
thegioididong,Laptop Acer Predator Helios Neo PHN16 71 53M7 i5 13500HX/16GB/512GB/8GB RTX4060/165Hz/Win11 (NH.QLUSV.005),Laptop Acer,http://www.thegioididong.com/laptop/acer-predator-helios-neo-phn16-71-53m7-i5-nhqlusv005?utm_flashsale=1,25490000.0,0,1,Intel Core i5 Raptor Lake - 13500HX,Intel,16,DDR5,SSD,512 GB,"Card rời- NVIDIA GeForce RTX 4060, 8 GB",Nvidia,16,WUXGA
thegioididong,Laptop MSI Gaming Thin 15 B12UCX i5 12450H/16GB/512GB/4GB RTX2050/144Hz/Balo/Win11 (2046VN),Laptop MSI,http://www.thegioididong.com/laptop/msi-thin-15-b12ucx-i5-2046vn,,0,1,Intel Core i5 Alder Lake- 12450H,Intel,16,DDR4,SSD,512 GB,"Card rời- NVIDIA GeForce RTX 2050, 4 GB",Nvidia,15.6,Độ phân giải:Full HD
thegioididong,Laptop HP Pavilion X360 14 ek2024TU Core 5 120U/16GB/512GB/Touch/Pen/Win11 (9Z2V6PA),Laptop HP,http://www.thegioididong.com/laptop/hp-pavilion-x360-14-ek2024tu-core-5-9z2v6pa,23490000.0,0,1,Intel Core 5 Raptor Lake - 120U,Intel,16,DDR4,SSD,512 GB,Card tích hợp- Intel Graphics,Intel,14,Độ phân giải:Full HD
thegioididong,Laptop Asus Vivobook 15 X1504ZA i5 1235U/16GB/512GB/Win11 (NJ1546W),Laptop Asus,http://www.thegioididong.com/laptop/asus-vivobook-15-x1504za-i5-nj1546w,14290000.0,0,1,Intel Core i5 Alder Lake- 1235U,Intel,16,DDR4,SSD,512 GB,Card tích hợp-Intel Iris Xe Graphics,Intel,15.6,Độ phân giải:Full HD
thegioididong,Laptop Dell Inspiron 15 3520 i5 1235U/16GB/512GB/120Hz/OfficeHS/Win11 (N3520-i5U165W11BLU-FP),Laptop Dell,http://www.thegioididong.com/laptop/dell-inspiron-15-3520-i5-n3520i5u165w11blufp,16490000.0,0,1,Intel Core i5 Alder Lake- 1235U,Intel,16,DDR4,SSD,512 GB,Card tích hợp-Intel Iris Xe Graphics,Intel,15.6,Độ phân giải:Full HD
thegioididong,Laptop Lenovo Gaming LOQ Essential 15IAX9E i5 12450HX/16GB/512GB/4GB RTX2050/144Hz/Win11 (83LK000BVN),Laptop Lenovo,http://www.thegioididong.com/laptop/lenovo-loq-15iax9e-i5-83lk000bvn?utm_flashsale=1,,0,1,Intel Core i5 Alder Lake- 12450HX,Intel,16,DDR5,SSD,512 GB,"Card rời- NVIDIA GeForce RTX 2050, 4 GB",Nvidia,15.6,Độ phân giải:Full HD
thegioididong,Laptop Acer Gaming Aspire 5 A515 58GM 51LB i5 13420H/16GB/512GB/4GB RTX2050/Win11 (NX.KQ4SV.002),Laptop Acer,http://www.thegioididong.com/laptop/acer-aspire-5-a515-58gm-51lb-i5-nxkq4sv002,16490000.0,0,1,Intel Core i5 Raptor Lake - 13420H,Intel,16,DDR4,SSD,512 GB,"Card rời- NVIDIA GeForce RTX 2050, 4 GB",Nvidia,15.6,Độ phân giải:Full HD
thegioididong,Laptop HP 15 fd1063TU Ultra 5 125H/16GB/512GB/Win11 (9Z2Y1PA),Laptop HP,http://www.thegioididong.com/laptop/hp-15-fd1063tu-ultra-5-9z2y1pa,17990000.0,0,1,Intel Core Ultra 5 Meteor Lake - 125H,Intel,16,DDR5,SSD,512 GB,Card tích hợp- Intel Graphics,Intel,15.6,Độ phân giải:Full HD
thegioididong,Laptop Acer Aspire 5 A515 58P 34RJ i3 1315U/8GB/512GB/Win11 (NX.KHJSV.003),Laptop Acer,http://www.thegioididong.com/laptop/acer-aspire-5-a515-58p-34rj-i3-nxkhjsv003,9990000.0,0,1,Intel Core i3 Raptor Lake - 1315U,Intel,8,LPDDR5,SSD,512 GB,Card tích hợp-Intel UHD Graphics,Intel,15.6,Độ phân giải:Full HD
thegioididong,Laptop MSI Gaming Katana 15 B13UDXK i7 13620H/16GB/1TB/6GB RTX3050/144Hz/Balo/Win11 (2077VN),Laptop MSI,http://www.thegioididong.com/laptop/msi-katana-15-b13udxk-i7-2077vn?utm_flashsale=1,,0,1,Intel Core i7 Raptor Lake - 13620H,Intel,16,DDR5,SSD,1 TB,"Card rời- NVIDIA GeForce RTX 3050, 6 GB",Nvidia,15.6,Độ phân giải:Full HD
thegioididong,Laptop Dell Inspiron 15 3530 i5 1334U/16GB/512GB/120Hz/OfficeHS/Win11 (N3530-i5U165W11SLU),Laptop Dell,http://www.thegioididong.com/laptop/dell-inspiron-15-3530-i5-n3530i5u165w11slu,18490000.0,0,1,Intel Core i5 Raptor Lake - 1334U,Intel,16,DDR4,SSD,512 GB,Card tích hợp-Intel Iris Xe Graphics,Intel,15.6,Độ phân giải:Full HD
thegioididong,Laptop Asus Gaming Vivobook K3605ZC i5 12500H/16GB/512GB/4GB RTX3050/Win11 (RP629W),Laptop Asus,http://www.thegioididong.com/laptop/asus-vivobook-k3605zc-i5-rp629w?utm_flashsale=1,,0,1,Intel Core i5 Alder Lake- 12500H,Intel,16,DDR4,SSD,512 GB,"Card rời-NVIDIA GeForce RTX 3050, 4 GB",Nvidia,16,WUXGA
thegioididong,Laptop Asus TUF Gaming F15 FX507ZC4 i5 12500H/16GB/512GB/4GB RTX3050/144Hz/Win11 (HN330W),Laptop Asus,http://www.thegioididong.com/laptop/asus-gaming-tuf-f15-fx507zc4-i5-hn330w?utm_flashsale=1,,0,1,Intel Core i5 Alder Lake- 12500H,Intel,16,DDR4,SSD,512 GB,"Card rời-NVIDIA GeForce RTX 3050, 4 GB",Nvidia,15.6,Độ phân giải:Full HD
thegioididong,Laptop Acer Aspire 5 A514 56P 742F i7 1355U/16GB/512GB/Win11 (NX.KHRSV.005),Laptop Acer,http://www.thegioididong.com/laptop/acer-aspire-5-a514-56p-742f-i7-nxkhrsv005?utm_flashsale=1,13990000.0,0,1,Intel Core i7 Raptor Lake - 1355U,Intel,16,LPDDR5,SSD,512 GB,Card tích hợp-Intel Iris Xe Graphics,Intel,14,WUXGA
thegioididong,Laptop HP Gaming VICTUS 15 fb1022AX R5 7535HS/16GB/512GB/4GB RTX2050/144Hz/Win11 (94F19PA),Laptop HP,http://www.thegioididong.com/laptop/hp-victus-15-fb1022ax-r5-94f19pa,18490000.0,0,1,AMD Ryzen 5- 7535HS,AMD,16,DDR5,SSD,512 GB,"Card rời- NVIDIA GeForce RTX 2050, 4 GB",Nvidia,15.6,Độ phân giải:Full HD
thegioididong,Laptop MacBook Air 13 inch M3 16GB/256GB,Laptop MacBook,http://www.thegioididong.com/laptop/macbook-air-13-inch-m3-2024-16gb-256gb?utm_flashsale=1,,0,1,Apple M3 - Hãng không công bố,Apple,16,,SSD,256 GB,Card tích hợp- 10 nhân GPU,Apple,13.6,Retina
thegioididong,Laptop HP Pavilion 15 eg2081TU i5 1240P/16GB/512GB/Win11 (7C0Q4PA),Laptop HP,http://www.thegioididong.com/laptop/hp-pavilion-15-eg2081tu-i5-7c0q4pa,,0,1,Intel Core i5 Alder Lake- 1240P,Intel,16,DDR4,SSD,512 GB,Card tích hợp-Intel Iris Xe Graphics,Intel,15.6,Độ phân giải:Full HD
thegioididong,Laptop Acer Aspire 7 A715 76 53PJ i5 12450H/16GB/512GB/Win11 (NH.QGESV.007),Laptop Acer,http://www.thegioididong.com/laptop/acer-aspire-7-a715-76-53pj-i5-nhqgesv007,13990000.0,0,1,Intel Core i5 Alder Lake- 12450H,Intel,16,DDR4,SSD,512 GB,Card tích hợp-Intel UHD Graphics,Intel,15.6,Độ phân giải:Full HD
thegioididong,Laptop Lenovo Gaming LOQ 15ARP9 R7 7435HS/24GB/512GB/6GB RTX4050/144Hz/Win11 (83JC0040VN),Laptop Lenovo,http://www.thegioididong.com/laptop/lenovo-loq-15arp9-r7-83jc0040vn,26490000.0,0,1,AMD Ryzen 7- 7435HS,AMD,24,,SSD,512 GB,"Card rời- NVIDIA GeForce RTX 4050, 6 GB",Nvidia,15.6,Độ phân giải:Full HD
thegioididong,Laptop MSI Modern 14 C13M i5 1335U/16GB/512GB/Win11 (611VN),Laptop MSI,http://www.thegioididong.com/laptop/msi-modern-14-c13m-i5-611vn,13490000.0,0,1,Intel Core i5 Raptor Lake - 1335U,Intel,16,DDR4,SSD,512 GB,Card tích hợp-Intel Iris Xe Graphics,Intel,14,Độ phân giải:Full HD
thegioididong,Laptop Dell Inspiron 15 3530 i7 1355U/16GB/512GB/120Hz/OfficeHS/Win11 (71043888),Laptop Dell,http://www.thegioididong.com/laptop/dell-inspiron-15-3530-i7-71043888,21490000.0,0,1,Intel Core i7 Raptor Lake - 1355U,Intel,16,DDR4,SSD,512 GB,Card tích hợp-Intel Iris Xe Graphics,Intel,15.6,Độ phân giải:Full HD
thegioididong,Laptop Asus Vivobook 16 X1605VA i5 1335U/16GB/512GB/Win11 (MB360W),Laptop Asus,http://www.thegioididong.com/laptop/asus-vivobook-16-x1605va-i5-mb360w?utm_flashsale=1,,0,1,Intel Core i5 Raptor Lake - 1335U,Intel,16,DDR4,SSD,512 GB,Card tích hợp-Intel Iris Xe Graphics,Intel,16,WUXGA
thegioididong,Laptop Asus Zenbook 14 OLED UX3402VA i5 13500H/16GB/512GB/90Hz/Win11 (KM657W),Laptop Asus,http://www.thegioididong.com/laptop/asus-zenbook-14-oled-i5-km657w?itm_source=home&itm_medium=product_card&itm_campaign=viewed,23490000.0,0,1,Intel Core i5 Raptor Lake - 13500H,Intel,16,LPDDR5,SSD,512 GB,Card tích hợp-Intel Iris Xe Graphics,Intel,14,2.8K
thegioididong,Laptop Asus Vivobook S 16 OLED S5606MA Ultra 5 125H/16GB/512GB/120Hz/Win11 (MX050W),Laptop Asus,http://www.thegioididong.com/laptop/asus-vivobook-s-16-oled-s5606ma-ultra-5-mx050w?utm_flashsale=1,,0,1,Intel Core Ultra 5 Meteor Lake - 125H,Intel,16,LPDDR5,SSD,512 GB,Card tích hợp- Intel Arc Graphics,Intel,16,3.2K
thegioididong,Laptop HP 240 G9 i3 1215U/8GB/512GB/Win11 (AG2J5AT),Laptop HP,http://www.thegioididong.com/laptop/hp-240-g9-i3-ag2j5at,11490000.0,0,1,Intel Core i3 Alder Lake-1215U,Intel,8,DDR4,SSD,512 GB,Card tích hợp-Intel UHD Graphics,Intel,14,Độ phân giải:Full HD
thegioididong,Laptop HP Pavilion 15 eg3091TU i7 1355U/16GB/512GB/Win11 (8C5L2PA),Laptop HP,http://www.thegioididong.com/laptop/hp-pavilion-15-eg3091tu-i7-8c5l2pa,23490000.0,0,1,Intel Core i7 Raptor Lake - 1355U,Intel,16,DDR4,SSD,512 GB,Card tích hợp-Intel Iris Xe Graphics,Intel,15.6,Độ phân giải:Full HD
thegioididong,Laptop Acer Swift Go SFG14 71 513F i5 13500H/16GB/512GB/OfficeHS/Win11 (NX.KPZSV.003),Laptop Acer,http://www.thegioididong.com/laptop/acer-swift-go-sfg14-71-513f-i5-nxkpzsv003?itm_medium=shortcode&itm_content=Listing_Product_1199905&itm_source=hoidap,16590000.0,0,1,Intel Core i5 Raptor Lake - 13500H,Intel,16,LPDDR5,SSD,512 GB,Card tích hợp-Intel Iris Xe Graphics,Intel,14,2.8K
thegioididong,Laptop MSI Gaming GF63 Thin 12UC i7 12650H/8GB/512GB/4GB RTX3050/144Hz/Win11 (887VN),Laptop MSI,http://www.thegioididong.com/laptop/msi-gaming-gf63-thin-12uc-i7-887vn,17990000.0,0,1,Intel Core i7 Alder Lake- 12650H,Intel,8,DDR4,SSD,512 GB,"Card rời-NVIDIA GeForce RTX 3050, 4 GB",Nvidia,15.6,Độ phân giải:Full HD
thegioididong,Laptop Acer Aspire 5 A515 58P 774R i7 1355U/16GB/512GB/Win11 (NX.KHJSV.005),Laptop Acer,http://www.thegioididong.com/laptop/acer-aspire-5-a515-58p-774r-i7-nxkhjsv005?utm_flashsale=1,13990000.0,0,1,Intel Core i7 Raptor Lake - 1355U,Intel,16,LPDDR5,SSD,512 GB,Card tích hợp-Intel Iris Xe Graphics,Intel,15.6,Độ phân giải:Full HD
thegioididong,Laptop Dell Inspiron 15 3520 i5 1235U/16GB/512GB/120Hz/OfficeHS/KYHD/Win11 (71043883),Laptop Dell,http://www.thegioididong.com/laptop/dell-inspiron-15-3520-i5-71043883,16490000.0,0,1,Intel Core i5 Alder Lake- 1235U,Intel,16,DDR4,SSD,512 GB,Card tích hợp-Intel Iris Xe Graphics,Intel,15.6,Độ phân giải:Full HD
thegioididong,Laptop Asus Vivobook 14 X1404VA i5 1335U/16GB/512GB/Win11 (NK050W),Laptop Asus,http://www.thegioididong.com/laptop/asus-vivobook-14-x1404va-i5-nk050w?utm_flashsale=1,,0,1,Intel Core i5 Raptor Lake - 1335U,Intel,16,DDR4,SSD,512 GB,Card tích hợp-Intel Iris Xe Graphics,Intel,14,Độ phân giải:Full HD
thegioididong,Laptop Asus Vivobook 15 X1504ZA i5 1235U/16GB/1TB/Win11 (NJ1528W),Laptop Asus,http://www.thegioididong.com/laptop/asus-vivobook-15-x1504za-i5-nj1528w,,0,1,Intel Core i5 Alder Lake- 1235U,Intel,16,DDR4,SSD,1 TB,Card tích hợp-Intel Iris Xe Graphics,Intel,15.6,Độ phân giải:Full HD
thegioididong,Laptop Asus TUF Gaming F15 FX507ZC4 i7 12700H/16GB/512GB/4GB RTX3050/144Hz/Win11 (HN181W),Laptop Asus,http://www.thegioididong.com/laptop/asus-fx507zc4-i7-hn181w,22490000.0,0,1,Intel Core i7 Alder Lake- 12700H,Intel,16,DDR4,SSD,512 GB,"Card rời-NVIDIA GeForce RTX 3050, 4 GB",Nvidia,15.6,Độ phân giải:Full HD
thegioididong,Laptop HP 240 G9 i3 1215U/8GB/256GB/Win11 (6L1X7PA),Laptop HP,http://www.thegioididong.com/laptop/hp-240-g9-i3-6l1x7pa,10790000.0,0,1,Intel Core i3 Alder Lake-1215U,Intel,8,DDR4,SSD,256 GB,Card tích hợp-Intel UHD Graphics,Intel,14,Độ phân giải:Full HD
thegioididong,Laptop HP 240 G10 i5 1335U/16GB/512GB/Win11 (9H2E4PT),Laptop HP,http://www.thegioididong.com/laptop/hp-240-g10-i5-9h2e4pt,17590000.0,0,1,Intel Core i5 Raptor Lake - 1335U,Intel,16,DDR4,SSD,512 GB,Card tích hợp- Intel UHD Graphics (Iris Xe Graphics chỉ hoạt động với RAM kênh đôi),Intel,14,Độ phân giải:Full HD
thegioididong,Laptop Acer Aspire 5 A515 58M 56YX i5 13420H/16GB/512GB/Win11 (NX.KQ8SV.005),Laptop Acer,http://www.thegioididong.com/laptop/acer-aspire-5-a515-58m-56yx-i5-nxkq8sv005,14690000.0,0,1,Intel Core i5 Raptor Lake - 13420H,Intel,16,LPDDR5,SSD,512 GB,Card tích hợp-Intel UHD Graphics,Intel,15.6,Độ phân giải:Full HD
thegioididong,Laptop Acer Gaming Nitro AN515 58 773Y i7 12700H/16GB/512GB/4GB RTX3050Ti/144Hz/Win11 (NH.QFKSV.001.16G),Laptop Acer,http://www.thegioididong.com/laptop/acer-nitro-an515-58-773y-i7-12700h-nhqfksv00116g,22990000.0,0,1,Intel Core i7 Alder Lake- 12700H,Intel,16,DDR4,SSD,512 GB,"Card rời-NVIDIA GeForce RTX 3050Ti, 4 GB",Nvidia,15.6,Độ phân giải:Full HD
thegioididong,Laptop MSI Gaming Bravo 15 B7ED R5 7535HS/16GB/512GB/4GB RX6550M/144Hz/Win11 (010VN),Laptop MSI,http://www.thegioididong.com/laptop/msi-bravo-15-b7ed-r5-010vn,16490000.0,0,1,AMD Ryzen 5- 7535HS,AMD,16,DDR5,SSD,,"Card rời- AMD Radeon RX 6550M, 4 GB",AMD,15.6,Độ phân giải:Full HD
thegioididong,Laptop Lenovo IdeaPad Slim 5 14IMH9 Ultra 7 155H/32GB/1TB/Win11 (83DA0020VN),Laptop Lenovo,http://www.thegioididong.com/laptop/lenovo-ideapad-slim-5-14imh9-ultra-7-83da0020vn,27990000.0,0,1,Intel Core Ultra 7 Meteor Lake - 155H,Intel,32,,SSD,1 TB,Card tích hợp- Intel Arc Graphics,Intel,14,WUXGA
thegioididong,Laptop Dell Inspiron 15 3520 i5 1235U/8GB/512GB/120Hz/OfficeHS/Win11 (N3520-i5U085W11SLU),Laptop Dell,http://www.thegioididong.com/laptop/dell-inspiron-15-3520-i5-n3520-i5u085w11slu?utm_flashsale=1,,0,1,Intel Core i5 Alder Lake- 1235U,Intel,8,DDR4,SSD,512 GB,Card tích hợp- Intel UHD Graphics (Iris Xe Graphics chỉ hoạt động với RAM kênh đôi),Intel,15.6,Độ phân giải:Full HD
thegioididong,Laptop Asus TUF Gaming A15 FA506NF R5 7535HS/16GB/512GB/4GB RTX2050/144Hz/Win11 (HN012W),Laptop Asus,http://www.thegioididong.com/laptop/asus-tuf-gaming-a15-fa506nf-r5-hn012w,16990000.0,0,1,AMD Ryzen 5- 7535HS,AMD,16,DDR5,SSD,512 GB,"Card rời- NVIDIA GeForce RTX 2050, 4 GB",Nvidia,15.6,Độ phân giải:Full HD
thegioididong,Laptop Asus Vivobook S 14 OLED S5406MA Ultra 5 125H/16GB/1TB/120Hz/Win11 (PP136W),Laptop Asus,http://www.thegioididong.com/laptop/asus-vivobook-s-14-oled-s5406ma-ultra-5-pp136w,24990000.0,0,1,Intel Core Ultra 5 Meteor Lake - 125H,Intel,16,LPDDR5,SSD,1 TB,Card tích hợp- Intel Arc Graphics,Intel,14,2.8K
thegioididong,Laptop Acer Gaming Aspire 7 A715 76G 5806 i5 12450H/16GB/512GB/4GB RTX3050/144Hz/Win11 (NH.QMFSV.002),Laptop Acer,http://www.thegioididong.com/laptop/acer-aspire-7-gaming-a715-76g-5806-i5-nhqmfsv002,18490000.0,0,1,Intel Core i5 Alder Lake- 12450H,Intel,16,DDR4,SSD,512 GB,"Card rời-NVIDIA GeForce RTX 3050, 4 GB",Nvidia,15.6,Độ phân giải:Full HD
thegioididong,Laptop HP Gaming VICTUS 15 fa1139TX i5 12450H/16GB/512GB/4GB RTX2050/144Hz/Win11 (8Y6W3PA),Laptop HP,http://www.thegioididong.com/laptop/hp-victus-15-fa1139tx-i5-8y6w3pa?itm_medium=shortcode&itm_content=Listing_Product_1378321&itm_source=hoidap,18990000.0,0,1,Intel Core i5 Alder Lake- 12450H,Intel,16,DDR4,SSD,512 GB,"Card rời- NVIDIA GeForce RTX 2050, 4 GB",Nvidia,15.6,Độ phân giải:Full HD
thegioididong,Laptop Acer Gaming Aspire 5 A515 58GM 53PZ i5 13420H/8GB/512GB/4GB RTX2050/Win11 (NX.KQ4SV.008),Laptop Acer,http://www.thegioididong.com/laptop/acer-aspire-a515-58gm-53pz-i5-nxkq4sv008,15490000.0,0,1,Intel Core i5 Raptor Lake - 13420H,Intel,8,DDR4,SSD,512 GB,"Card rời- NVIDIA GeForce RTX 2050, 4 GB",Nvidia,15.6,Độ phân giải:Full HD
thegioididong,Laptop HP 15s fq5229TU i3 1215U/8GB/512GB/Win11 (8U237PA),Laptop HP,http://www.thegioididong.com/laptop/hp-15s-fq5229tu-i3-8u237pa?utm_flashsale=1,11190000.0,0,1,Intel Core i3 Alder Lake-1215U,Intel,8,DDR4,SSD,512 GB,Card tích hợp-Intel UHD Graphics,Intel,15.6,Độ phân giải:Full HD
thegioididong,Laptop Lenovo V14 G4 i7 1355U/16GB/512GB/Win11 (83A00012VN),Laptop Lenovo,http://www.thegioididong.com/laptop/lenovo-thinkpad-v14-i7-83a00012vn,16990000.0,0,1,Intel Core i7 Raptor Lake - 1355U,Intel,16,DDR4,SSD,512 GB,Card tích hợp-Intel Iris Xe Graphics,Intel,14,Độ phân giải:Full HD
thegioididong,Laptop Lenovo Ideapad Slim 5 16IMH9 Ultra 7 155H/32GB/512GB/120Hz/Win11 (83DC001SVN),Laptop Lenovo,http://www.thegioididong.com/laptop/lenovo-ideapad-slim-5-16imh9-ultra-7-83dc001svn,26990000.0,0,1,Intel Core Ultra 7 Meteor Lake - 155H,Intel,32,,SSD,512 GB,Card tích hợp- Intel Arc Graphics,Intel,16,2K
thegioididong,Laptop MSI Gaming Cyborg 15 A13VEK i7 13620H/16GB/512GB/6GB RTX4050/144Hz/Balo/Win11 (1423VN),Laptop MSI,http://www.thegioididong.com/laptop/msi-cyborg-15-a13vek-i7-1423vn,24990000.0,0,1,Intel Core i7 Raptor Lake - 13620H,Intel,16,DDR5,SSD,512 GB,"Card rời- NVIDIA GeForce RTX 4050, 6 GB",Nvidia,15.6,Độ phân giải:Full HD
thegioididong,Laptop Dell Vostro 3530 i5 1335U/16GB/512GB/120Hz/OfficeHS/Win11 (80GG93),Laptop Dell,http://www.thegioididong.com/laptop/dell-vostro-3530-i5-80gg93,18490000.0,0,1,Intel Core i5 Raptor Lake - 1335U,Intel,16,DDR4,SSD,512 GB,Card tích hợp-Intel Iris Xe Graphics,Intel,15.6,Độ phân giải:Full HD
thegioididong,Laptop Asus Vivobook 15 OLED A1505VA i5 13500H/16GB/512GB/120Hz/Win11 (MA467W),Laptop Asus,http://www.thegioididong.com/laptop/asus-vivobook-15-oled-a1505va-i5-ma467w,18490000.0,0,1,Intel Core i5 Raptor Lake - 13500H,Intel,16,DDR4,SSD,512 GB,Card tích hợp-Intel Iris Xe Graphics,Intel,15.6,2.8K
thegioididong,Laptop HP 240 G8 i3 1115G4/8GB/512GB/Win11 (6L1A2PA),Laptop HP,http://www.thegioididong.com/laptop/hp-240-g8-i3-6l1a2pa,10290000.0,0,1,Intel Core i3 Tiger Lake-1115G4,Intel,8,DDR4,SSD,512 GB,Card tích hợp-Intel UHD Graphics,Intel,14,Độ phân giải:Full HD
thegioididong,Laptop Asus Vivobook 15 OLED A1505VA i5 13500H/16GB/512GB/Chuột/Win11 (L1341W),Laptop Asus,http://www.thegioididong.com/laptop/asus-vivobook-15-oled-a1505va-i5-l1341w?utm_flashsale=1,,0,1,Intel Core i5 Raptor Lake - 13500H,Intel,16,DDR4,SSD,512 GB,Card tích hợp-Intel Iris Xe Graphics,Intel,15.6,Độ phân giải:Full HD
thegioididong,Laptop HP 15 fd0015TU i7 1355U/16GB/512GB/Win11 (A19C5PA),Laptop HP,http://www.thegioididong.com/laptop/hp-15-fd0015tu-i7-a19c5pa,20990000.0,0,1,Intel Core i7 Raptor Lake - 1355U,Intel,16,DDR4,SSD,512 GB,Card tích hợp-Intel Iris Xe Graphics,Intel,15.6,Độ phân giải:Full HD
thegioididong,Laptop Acer Aspire Lite AL16 51P 596H i5 1235U/8GB/512GB/Win11 (NX.KWZSV.002),Laptop Acer,http://www.thegioididong.com/laptop/acer-aspire-lite-al16-51p-596h-i5-nxkwzsv002,12690000.0,0,1,Intel Core i5 Alder Lake- 1235U,Intel,8,DDR5,SSD,512 GB,Card tích hợp-Intel UHD Graphics,Intel,16,WUXGA
thegioididong,Laptop Acer Aspire 3 A315 59 5283 i5 1235U/8GB/512GB/Win11 (NX.K6TSV.00B),Laptop Acer,http://www.thegioididong.com/laptop/acer-aspire-3-a315-59-5283-i5-nxk6tsv00b,12490000.0,0,1,Intel Core i5 Alder Lake- 1235U,Intel,8,DDR4,SSD,512 GB,Card tích hợp- Intel UHD Graphics (Iris Xe Graphics chỉ hoạt động với RAM kênh đôi),Intel,15.6,Độ phân giải:Full HD
thegioididong,Laptop Lenovo Ideapad Slim 5 15IRU9 Core 5 120U/16GB/512GB/Win11 (83D0000EVN),Laptop Lenovo,http://www.thegioididong.com/laptop/lenovo-ideapad-slim-5-15iru9-core-5-83d0000evn,17990000.0,0,1,Intel Core 5 Raptor Lake - 120U,Intel,16,LPDDR5,SSD,512 GB,Card tích hợp- Intel Graphics,Intel,15.3,WUXGA
thegioididong,Laptop MSI Gaming Katana 15 B13VFK i7 13620H/16GB/1TB/8GB RTX4060/144Hz/Balo/Win11 (676VN),Laptop MSI,http://www.thegioididong.com/laptop/msi-katana-15-b13vfk-i7-676vn,27490000.0,0,1,Intel Core i7 Raptor Lake - 13620H,Intel,16,DDR5,SSD,1 TB,"Card rời- NVIDIA GeForce RTX 4060, 8 GB",Nvidia,15.6,Độ phân giải:Full HD
thegioididong,Laptop Dell Inspiron 15 3520 i5 1235U/8GB/512GB/120Hz/OfficeHS/Win11 (i5U085W11BLU),Laptop Dell,http://www.thegioididong.com/laptop/dell-inspiron-15-3520-i5u085w11blu?utm_flashsale=1,,0,1,Intel Core i5 Alder Lake- 1235U,Intel,8,DDR4,SSD,512 GB,Card tích hợp- Intel UHD Graphics (Iris Xe Graphics chỉ hoạt động với RAM kênh đôi),Intel,15.6,Độ phân giải:Full HD
thegioididong,Laptop Dell Inspiron 15 3530 i5 1334U/16GB/512GB/120Hz/OfficeHS/Win11 (N5I5340W1),Laptop Dell,http://www.thegioididong.com/laptop/dell-inspiron-15-3530-i5-n5i5340w1,18490000.0,0,1,Intel Core i5 Raptor Lake - 1334U,Intel,16,DDR4,SSD,512 GB,Card tích hợp-Intel Iris Xe Graphics,Intel,15.6,Độ phân giải:Full HD
thegioididong,"Laptop Asus TUF Gaming F15 FX507VV i7 13620H/16GB/512GB/8GB RTX4060/15.6""F/144Hz/Win11 (LP151W)",Laptop Asus,http://www.thegioididong.com/laptop/asus-fx507vv-i7-lp151w,28990000.0,0,1,Intel Core i7 Raptor Lake - 13620H,Intel,16,DDR5,SSD,512 GB,"Card rời- NVIDIA GeForce RTX 4060, 8 GB",Nvidia,15.6,Độ phân giải:Full HD
thegioididong,Laptop Asus Vivobook 15 X1504VA i5 1335U/8GB/512GB/Win11 (NJ025W),Laptop Asus,http://www.thegioididong.com/laptop/asus-vivobook-15-x1504va-i5-nj025w,13990000.0,0,1,Intel Core i5 Raptor Lake - 1335U,Intel,8,DDR4,SSD,512 GB,Card tích hợp- Intel UHD Graphics (Iris Xe Graphics chỉ hoạt động với RAM kênh đôi),Intel,15.6,Độ phân giải:Full HD
thegioididong,Laptop HP 240 G9 i5 1235U/16GB/512GB/Win11 (9T2G2PT),Laptop HP,http://www.thegioididong.com/laptop/hp-240-g9-i5-9t2g2pt,16490000.0,0,1,Intel Core i5 Alder Lake- 1235U,Intel,16,DDR4,SSD,512 GB,Card tích hợp- Intel UHD Graphics (Iris Xe Graphics chỉ hoạt động với RAM kênh đôi),Intel,14,Độ phân giải:Full HD
thegioididong,Laptop Apple MacBook Air 13 inch M2 16GB/256GB/10GPU (Z15S),Laptop MacBook,http://www.thegioididong.com/laptop/apple-macbook-air-m2-2022-16gb-256gb-10gpu,,0,1,Apple M2,Apple,16,,SSD,256 GB,Card tích hợp- 10 nhân GPU,Apple,13.6,Retina
thegioididong,Laptop HP Pavilion 15 eg2088TU i7 1260P/16GB/512GB/Win11 (7C0R0PA),Laptop HP,http://www.thegioididong.com/laptop/hp-pavilion-15-eg2088tu-i7-7c0r0pa,21390000.0,0,1,Intel Core i7 Alder Lake- 1260P,Intel,16,DDR4,SSD,512 GB,Card tích hợp-Intel Iris Xe Graphics,Intel,15.6,Độ phân giải:Full HD
thegioididong,Laptop HP Envy x360 14 fc0094TU Ultra 5 125U/16GB/512GB/Touch/Pen/Win11 (A19C4PA),Laptop HP,http://www.thegioididong.com/laptop/hp-envy-x360-14-fc0094tu-ultra-5-a19c4pa,27290000.0,0,1,Intel Core Ultra 5 Meteor Lake - 125U,Intel,16,LPDDR5,SSD,512 GB,Card tích hợp- Intel Graphics,Intel,14,2.8K
thegioididong,Laptop Lenovo Yoga Slim 7 14IMH9 Ultra 7 155H/32GB/1TB/OfficeHS/Win11 (83CV001VVN),Laptop Lenovo,http://www.thegioididong.com/laptop/lenovo-yoga-7-14imh9-ultra7-83cv001vvn,31490000.0,0,1,Intel Core Ultra 7 Meteor Lake - 155H,Intel,32,,SSD,1 TB,Card tích hợp- Intel Arc Graphics,Intel,14,WUXGA
thegioididong,Laptop MSI Gaming Thin 15 B12UC i5 12450H/16GB/512GB/4GB RTX3050/144Hz/Balo/Win11 (2045VN),Laptop MSI,http://www.thegioididong.com/laptop/msi-thin-15-b12uc-i5-2045vn,16690000.0,0,1,Intel Core i5 Alder Lake- 12450H,Intel,16,DDR4,SSD,512 GB,"Card rời-NVIDIA GeForce RTX 3050, 4 GB",Nvidia,15.6,Độ phân giải:Full HD
thegioididong,Laptop Lenovo V14 Core 5 120U/16GB/512GB/Win11 (83HD0001VN),Laptop Lenovo,http://www.thegioididong.com/laptop/lenovo-v14-core-5-83hd0001vn,17490000.0,0,1,Intel Core 5 Raptor Lake - 120U,Intel,16,DDR5,SSD,512 GB,Card tích hợp- Intel Graphics,Intel,14,Độ phân giải:Full HD
thegioididong,Laptop Acer Gaming Nitro V ANV15 51 55CA i5 13420H/16GB/512GB/6GB RTX4050/144Hz/Win11 (NH.QN8SV.004),Laptop Acer,http://www.thegioididong.com/laptop/acer-nitro-v-anv15-51-55ca-i5-nhqn8sv004,24490000.0,0,1,Intel Core i5 Raptor Lake - 13420H,Intel,16,DDR5,SSD,512 GB,"Card rời- NVIDIA GeForce RTX 4050, 6 GB",Nvidia,15.6,Độ phân giải:Full HD
thegioididong,Laptop Dell Vostro 15 3520 i5 1235U/8GB/512GB/120Hz/OfficeHS/Win11 (5M2TT2),Laptop Dell,http://www.thegioididong.com/laptop/dell-vostro-15-3520-i5-5m2tt2?utm_flashsale=1,,0,1,Intel Core i5 Alder Lake- 1235U,Intel,8,DDR4,SSD,512 GB,Card tích hợp- Intel UHD Graphics (Iris Xe Graphics chỉ hoạt động với RAM kênh đôi),Intel,15.6,Độ phân giải:Full HD
thegioididong,Laptop Dell Inspiron 15 3530 i7 1355U/16GB/1TB/120Hz/OfficeHS/Win11 (P16WD),Laptop Dell,http://www.thegioididong.com/laptop/dell-inspiron-15-3530-i7-p16wd,22490000.0,0,1,Intel Core i7 Raptor Lake - 1355U,Intel,16,DDR4,SSD,1 TB,Card tích hợp-Intel Iris Xe Graphics,Intel,15.6,Độ phân giải:Full HD
thegioididong,Laptop Asus TUF Gaming F15 FX507ZC4 i5 12500H/16GB/1TB/4GB RTX3050/144Hz/Win11 (HN229W),Laptop Asus,http://www.thegioididong.com/laptop/asus-tuf-gaming-f15-fx507zc4-i5-hn229w?utm_flashsale=1,,0,1,Intel Core i5 Alder Lake- 12500H,Intel,16,DDR4,SSD,1 TB,"Card rời-NVIDIA GeForce RTX 3050, 4 GB",Nvidia,15.6,Độ phân giải:Full HD
thegioididong,Laptop Asus Zenbook 14 OLED UX3405MA Ultra 5 125H/16GB/512GB/Túi/Win11,Laptop Asus,http://www.thegioididong.com/laptop/asus-zenbook-14-oled-ux3405ma-ultra-5-pp151w?utm_flashsale=1,,0,1,Intel Core Ultra 5 Meteor Lake - 125H,Intel,16,LPDDR5,SSD,512 GB,Card tích hợp- Intel Arc Graphics,Intel,14,2.8K
thegioididong,Laptop HP 15s fq5147TU i7 1255U/8GB/512GB/Win11 (7C133PA),Laptop HP,http://www.thegioididong.com/laptop/hp-15s-fq5147tu-i7-7c133pa,16990000.0,0,1,Intel Core i7 Alder Lake- 1255U,Intel,8,DDR4,SSD,512 GB,Card tích hợp-Intel Iris Xe Graphics,Intel,15.6,Độ phân giải:Full HD
thegioididong,Laptop Asus TUF Gaming A15 FA506NCR R7 7435HS/16GB/512GB/4GB RTX3050/144Hz/Win11 (HN097W),Laptop Asus,http://www.thegioididong.com/laptop/asus-fa506ncr-r7-hn097w,19990000.0,0,1,AMD Ryzen 7- 7435HS,AMD,16,DDR5,SSD,512 GB,"Card rời-NVIDIA GeForce RTX 3050, 4 GB",Nvidia,15.6,Độ phân giải:Full HD
thegioididong,Laptop Acer Aspire Lite 15 51M 55NB i5 1155G7/8GB/512GB/Win11 (NX.KRSSV.001),Laptop Acer,http://www.thegioididong.com/laptop/acer-aspire-lite-15-51m-55nb-i5-nxkrssv001,11190000.0,0,1,Intel Core i5 Tiger Lake-1155G7,Intel,8,DDR4,SSD,512 GB,Card tích hợp-Intel Iris Xe Graphics,Intel,15.6,Độ phân giải:Full HD
thegioididong,Laptop MSI Gaming GF63 Thin 12VE i5 12450H/8GB/512GB/6GB RTX4050/144Hz/Win11 (460VN),Laptop MSI,http://www.thegioididong.com/laptop/msi-gaming-gf63-thin-12ve-i5-460vn,17990000.0,0,1,Intel Core i5 Alder Lake- 12450H,Intel,8,DDR4,SSD,512 GB,"Card rời- NVIDIA GeForce RTX 4050, 6 GB",Nvidia,15.6,Độ phân giải:Full HD
thegioididong,Laptop Lenovo IdeaPad Slim 5 14IMH9 Ultra 5 125H/16GB/512GB/Win11 (83DA001NVN),Laptop Lenovo,http://www.thegioididong.com/laptop/lenovo-ideapad-slim-5-14imh9-ultra-5-83da001nvn,21990000.0,0,1,Intel Core Ultra 5 Meteor Lake - 125H,Intel,16,LPDDR5,SSD,512 GB,Card tích hợp- Intel Arc Graphics,Intel,14,WUXGA
thegioididong,Laptop Acer Swift Lite 14 AI SFL14 51M 56HS Ultra 5 125U/16GB/512GB/Win11 (NX.J1HSV.002),Laptop Acer,http://www.thegioididong.com/laptop/acer-swift-lite-14-ai-sfl14-51m-56hs-ultra-5-nxj1hsv002,18690000.0,0,1,Intel Core Ultra 5 Meteor Lake - 125U,Intel,16,DDR5,SSD,512 GB,Card tích hợp- Intel Arc Graphics,Intel,14,Độ phân giải:Full HD
thegioididong,Laptop Lenovo Gaming LOQ 15IAX9 i5 12450HX/24GB/512GB/4GB RTX2050/144Hz/Win11 (83GS00DBVN),Laptop Lenovo,http://www.thegioididong.com/laptop/lenovo-loq-15iax9-i5-83gs00dbvn,20490000.0,0,1,Intel Core i5 Alder Lake- 12450HX,Intel,24,,SSD,512 GB,"Card rời- NVIDIA GeForce RTX 2050, 4 GB",Nvidia,15.6,Độ phân giải:Full HD
thegioididong,Laptop MSI Gaming Thin 15 B13UCX i5 13420H/16GB/512GB/4GB RTX2050/144Hz/Balo/Win11 (2080VN),Laptop MSI,http://www.thegioididong.com/laptop/msi-thin-15-b13ucx-i5-2080vn,16790000.0,0,1,Intel Core i5 Raptor Lake - 13420H,Intel,16,DDR4,SSD,512 GB,"Card rời- NVIDIA GeForce RTX 2050, 4 GB",Nvidia,15.6,Độ phân giải:Full HD
thegioididong,Laptop Dell Vostro 3520 i5 1235U/16GB/512GB/120Hz/OfficeHS/Win11 (71030559),Laptop Dell,http://www.thegioididong.com/laptop/dell-vostro-3520-i5-71030559,16490000.0,0,1,Intel Core i5 Alder Lake- 1235U,Intel,16,DDR4,SSD,512 GB,Card tích hợp-Intel Iris Xe Graphics,Intel,15.6,Độ phân giải:Full HD
thegioididong,Laptop Acer Gaming Nitro 5 Tiger AN515 58 52SP i5 12500H/8GB/512GB/4GB RTX3050/144Hz/Win11 (NH.QFHSV.001),Laptop Acer,http://www.thegioididong.com/laptop/acer-nitro-5-tiger-an515-58-52sp-i5-nhqfhsv001,19490000.0,0,1,Intel Core i5 Alder Lake- 12500H,Intel,8,DDR4,SSD,512 GB,"Card rời-NVIDIA GeForce RTX 3050, 4 GB",Nvidia,15.6,Độ phân giải:Full HD
thegioididong,Laptop Asus Vivobook 15 X1504VA i7 1355U/16GB/512GB/Win11 (NJ023W),Laptop Asus,http://www.thegioididong.com/laptop/asus-vivobook-15-x1504va-nj023w,18990000.0,0,1,Intel Core i7 Raptor Lake - 1355U,Intel,16,DDR4,SSD,512 GB,Card tích hợp-Intel Iris Xe Graphics,Intel,15.6,Độ phân giải:Full HD
thegioididong,Laptop MSI Thin 15 B13UC i7 13620H/32GB/512GB/4GB RTX3050/144Hz/Balo/Win11 (1411VN),Laptop MSI,http://www.thegioididong.com/laptop/msi-thin-15-b13uc-i7-1411vn,21490000.0,0,1,Intel Core i7 Raptor Lake - 13620H,Intel,32,DDR4,SSD,512 GB,"Card rời-NVIDIA GeForce RTX 3050, 4 GB",Nvidia,15.6,Độ phân giải:Full HD
thegioididong,Laptop HP Envy x360 14 fc0089TU Ultra 7 155U/16GB/512GB/Touch/Pen/Win11 (A19BZPA),Laptop HP,http://www.thegioididong.com/laptop/hp-envy-x360-14-fc0089tu-ultra-7-a19bzpa,30790000.0,0,1,Intel Core Ultra 7 Meteor Lake - 155U,Intel,16,LPDDR5,SSD,512 GB,Card tích hợp- Intel Graphics,Intel,14,2.8K
thegioididong,Laptop HP 240 G9 i5 1235U/8GB/512GB/Win11 (6L1Y2PA),Laptop HP,http://www.thegioididong.com/laptop/hp-240-g9-i5-6l1y2pa?utm_flashsale=1,15690000.0,0,1,Intel Core i5 Alder Lake- 1235U,Intel,8,DDR4,SSD,512 GB,Card tích hợp- Intel UHD Graphics (Iris Xe Graphics chỉ hoạt động với RAM kênh đôi),Intel,14,Độ phân giải:Full HD
thegioididong,Laptop Asus TUF Gaming A15 FA506NC R5 7535HS/16GB/512GB/4GB RTX3050/144Hz/Win11 (HN017W),Laptop Asus,http://www.thegioididong.com/laptop/asus-tuf-gaming-a15-fa506nc-r5-hn017w,18490000.0,0,1,AMD Ryzen 5- 7535HS,AMD,16,DDR5,SSD,512 GB,"Card rời-NVIDIA GeForce RTX 3050, 4 GB",Nvidia,15.6,Độ phân giải:Full HD
thegioididong,Laptop MSI Gaming Katana A15 AI B8VG R7 8845HS/16GB/1TB/8GB RTX4070/144Hz/Balo/Chuột/Bàn di/Win11 (465VN),Laptop MSI,http://www.thegioididong.com/laptop/msi-katana-a15-ai-b8vg-r7-465vn,36990000.0,0,1,AMD Ryzen 7- 8845HS,AMD,16,DDR5,SSD,1 TB,"Card rời- NVIDIA GeForce RTX 4070, 8 GB",Nvidia,15.6,Độ phân giải:Full HD
thegioididong,Laptop Lenovo V15 G4 IRU i5 1335U/16GB/512GB/Win11 (83A1000LVN),Laptop Lenovo,http://www.thegioididong.com/laptop/lenovo-v15-g4-iru-i5-83a1000lvn,,0,1,Intel Core i5 Raptor Lake - 1335U,Intel,16,DDR4,SSD,512 GB,Card tích hợp-Intel Iris Xe Graphics,Intel,15.6,Độ phân giải:Full HD
thegioididong,Laptop Lenovo Gaming LOQ 15IRX9 i7 13650HX/16GB/512GB/6GB RTX4050/144Hz/Win11 (83DV00D5VN),Laptop Lenovo,http://www.thegioididong.com/laptop/lenovo-loq-15irx9-i7-83dv00d5vn,28990000.0,0,1,Intel Core i7 Raptor Lake - 13650HX,Intel,16,DDR5,SSD,512 GB,"Card rời- NVIDIA GeForce RTX 4050, 6 GB",Nvidia,15.6,Độ phân giải:Full HD
thegioididong,Laptop Lenovo ThinkBook 14 Ultra 7 155U/16GB/512GB/Win11 (21MR0072VN),Laptop Lenovo,http://www.thegioididong.com/laptop/lenovo-thinkbook-14-ultra-7-21mr0072vn,25490000.0,0,1,Intel Core Ultra 7 Meteor Lake - 155U,Intel,16,DDR5,SSD,512 GB,Card tích hợp- Intel Graphics,Intel,14,WUXGA
thegioididong,Laptop Dell Vostro 15 3520 i5 1235U/16GB/512GB/120Hz/OfficeHS/Win11 (V3520-i5U165W11GRU),Laptop Dell,http://www.thegioididong.com/laptop/dell-vostro-15-3520-i5-v3520i5u165w11gru,16490000.0,0,1,Intel Core i5 Alder Lake- 1235U,Intel,16,DDR4,SSD,512 GB,Card tích hợp-Intel Iris Xe Graphics,Intel,15.6,Độ phân giải:Full HD
thegioididong,Laptop Dell Inspiron 15 3530 i7 1355U/16GB/512GB/120Hz/OfficeHS/Win11 (71026454),Laptop Dell,http://www.thegioididong.com/laptop/dell-inspiron-15-3530-i7-71026454,21490000.0,0,1,Intel Core i7 Raptor Lake - 1355U,Intel,16,DDR4,SSD,512 GB,Card tích hợp-Intel Iris Xe Graphics,Intel,15.6,Độ phân giải:Full HD
thegioididong,Laptop Asus Gaming TUF A15 FA507NUR R7 7435HS/16GB/512GB/6GB RTX4050/144Hz/Win11 (LP057W),Laptop Asus,http://www.thegioididong.com/laptop/asus-fa507nur-r7-lp057w,24990000.0,0,1,AMD Ryzen 7- 7435HS,AMD,16,DDR5,SSD,512 GB,"Card rời- NVIDIA GeForce RTX 4050, 6 GB",Nvidia,15.6,Độ phân giải:Full HD
thegioididong,Laptop Acer Swift Go 14 41 R251 R5 7430U/16GB/1TB/Win11 (NX.KG3SV.005),Laptop Acer,http://www.thegioididong.com/laptop/acer-swift-go-14-41-r251-r5-nxkg3sv005,16490000.0,0,1,AMD Ryzen 5- 7430U,AMD,16,LPDDR4,SSD,1 TB,Card tích hợp- AMD Radeon Graphics,AMD,14,Độ phân giải:Full HD
thegioididong,Laptop Asus Vivobook 15 OLED A1505ZA i5 12500H/16GB/512GB/Win11 (L1337W),Laptop Asus,http://www.thegioididong.com/laptop/asus-vivobook-15-oled-a1505za-i5-l1337w,16490000.0,0,1,Intel Core i5 Alder Lake- 12500H,Intel,16,DDR4,SSD,512 GB,Card tích hợp-Intel Iris Xe Graphics,Intel,15.6,Độ phân giải:Full HD
thegioididong,Laptop HP Pavilion X360 14 ek1047TU i7 1355U/16GB/512GB/Touch/Pen/Win11 (80R25PA),Laptop HP,http://www.thegioididong.com/laptop/hp-pavilion-x360-14-ek1047tu-i7-80r25pa?utm_flashsale=1,24990000.0,0,1,Intel Core i7 Raptor Lake - 1355U,Intel,16,DDR4,SSD,512 GB,Card tích hợp-Intel Iris Xe Graphics,Intel,14,Độ phân giải:Full HD
thegioididong,Laptop Asus Zenbook 14 OLED UX3405MA Ultra 9 185H/32GB/1TB/120Hz/Túi/Win11 (PP475W),Laptop Asus,http://www.thegioididong.com/laptop/asus-zenbook-14-oled-ux3405ma-ultra-9-pp475w?utm_flashsale=1,,0,1,Intel Core Ultra 9 Meteor Lake - 185H,Intel,32,,SSD,1 TB,Card tích hợp- Intel Arc Graphics,Intel,14,2.8K
thegioididong,Laptop Asus Gaming Vivobook K3605ZU i5 12500H/16GB/512GB/6GB RTX4050/144Hz/Win11 (RP296W),Laptop Asus,http://www.thegioididong.com/laptop/asus-gaming-vivobook-k3605zu-i5-rp296w,,0,1,Intel Core i5 Alder Lake- 12500H,Intel,16,DDR4,SSD,512 GB,"Card rời- NVIDIA GeForce RTX 4050, 6 GB",Nvidia,16,WUXGA
thegioididong,Laptop HP Elitebook 630 G10 i7 1355U/16GB/512GB/Win11 (873F2PA),Laptop HP,http://www.thegioididong.com/laptop/hp-elitebook-630-g10-i7-873f2pa,27490000.0,0,1,Intel Core i7 Raptor Lake - 1355U,Intel,16,DDR4,SSD,512 GB,Card tích hợp- Intel UHD Graphics (Iris Xe Graphics chỉ hoạt động với RAM kênh đôi),Intel,13.3,Độ phân giải:Full HD
thegioididong,Laptop Lenovo Gaming Legion Pro 5 16IRX9 i9 14900HX/32GB/1TB/8GB RTX4060/240Hz/Win11 (83DF0047VN),Laptop Lenovo,http://www.thegioididong.com/laptop/lenovo-legion-pro-5-16irx9-i9-83df0047vn,47990000.0,0,1,Intel Core i9 Raptor Lake - 14900HX,Intel,32,DDR5,SSD,1 TB,"Card rời- NVIDIA GeForce RTX 4060, 8 GB",Nvidia,16,
thegioididong,Laptop MSI Gaming GF63 Thin 12UCX i5 12450H/16GB/512GB/4GB RTX2050/144Hz/Win11 (873VN),Laptop MSI,http://www.thegioididong.com/laptop/msi-gaming-gf63-thin-12ucx-i5-873vn,15490000.0,0,1,Intel Core i5 Alder Lake- 12450H,Intel,16,DDR4,SSD,512 GB,"Card rời- NVIDIA GeForce RTX 2050, 4 GB",Nvidia,15.6,Độ phân giải:Full HD
thegioididong,Laptop Lenovo Ideapad Slim 5 16IMH9 Ultra 5 125H/16GB/512GB/120Hz/Win11 (83DC001RVN),Laptop Lenovo,http://www.thegioididong.com/laptop/lenovo-ideapad-slim-5-16imh9-ultra-5-83dc001rvn,22990000.0,0,1,Intel Core Ultra 5 Meteor Lake - 125H,Intel,16,LPDDR5,SSD,512 GB,Card tích hợp- Intel Arc Graphics,Intel,16,2K
thegioididong,Laptop Dell Inspiron 15 3530 i5 1334U/16GB/512GB/120Hz/OfficeHS/KYHD/Win11 (71043885),Laptop Dell,http://www.thegioididong.com/laptop/dell-inspiron-15-3530-i5-71043885,18490000.0,0,1,Intel Core i5 Raptor Lake - 1334U,Intel,16,DDR4,SSD,512 GB,Card tích hợp-Intel Iris Xe Graphics,Intel,15.6,Độ phân giải:Full HD
thegioididong,Laptop Dell Inspiron 15 3520 i5 1235U/8GB/512GB/120Hz/OfficeHS/KYHD/Win11 (71027003),Laptop Dell,http://www.thegioididong.com/laptop/dell-inspiron-15-3520-i5-71027003,,0,1,Intel Core i5 Alder Lake- 1235U,Intel,8,DDR4,SSD,512 GB,Card tích hợp- Intel UHD Graphics (Iris Xe Graphics chỉ hoạt động với RAM kênh đôi),Intel,15.6,Độ phân giải:Full HD
thegioididong,Laptop Acer Gaming Nitro V ANV15 51 53NE i5 13420H/16GB/512GB/4GB RTX2050/144Hz/Win11 (NH.QNASV.002),Laptop Acer,http://www.thegioididong.com/laptop/acer-nitro-v-anv15-51-53ne-i5-nhqnasv002?utm_recommendation=1,17690000.0,0,1,Intel Core i5 Raptor Lake - 13420H,Intel,16,DDR5,SSD,512 GB,"Card rời- NVIDIA GeForce RTX 2050, 4 GB",Nvidia,15.6,Độ phân giải:Full HD
thegioididong,Laptop HP Pavilion 15 eg2082TU i5 1240P/8GB/512GB/Win11 (7C0Q5PA),Laptop HP,http://www.thegioididong.com/laptop/hp-pavilion-15-eg2082tu-i5-7c0q5pa,,0,1,Intel Core i5 Alder Lake- 1240P,Intel,8,DDR4,SSD,512 GB,Card tích hợp-Intel Iris Xe Graphics,Intel,15.6,Độ phân giải:Full HD
thegioididong,Laptop HP Pavilion X360 14 ek2027TU Core 7 150U/16GB/512GB/Touch/Pen/Win11 (9Z2V9PA),Laptop HP,http://www.thegioididong.com/laptop/hp-pavilion-x360-14-ek2027tu-core-7-9z2v9pa,26590000.0,0,1,Intel Core 7 Raptor Lake - 150U,Intel,16,DDR4,SSD,512 GB,Card tích hợp- Intel Graphics,Intel,14,Độ phân giải:Full HD
thegioididong,Laptop Asus Vivobook S 16 OLED M5606WA R9 AI HX 370/32GB/1TB/120Hz/OfficeHS/Win11 (MX072WS),Laptop Asus,http://www.thegioididong.com/laptop/asus-vivobook-s-16-oled-m5606wa-r9-mx072ws,30490000.0,0,1,AMD Ryzen AI 9 - HX 370,AMD,32,,SSD,1 TB,Card tích hợp- AMD Radeon Graphics,AMD,16,3.2K
thegioididong,Laptop Asus Zenbook 14 OLED UX3405MA Ultra 7 155H/32GB/1TB/120Hz/Túi/Win11 (PP152W),Laptop Asus,http://www.thegioididong.com/laptop/asus-zenbook-14-oled-ux3405ma-ultra-7-pp152w,,0,1,Intel Core Ultra 7 Meteor Lake - 155H,Intel,32,,SSD,1 TB,Card tích hợp- Intel Arc Graphics,Intel,14,2.8K
thegioididong,Laptop Acer Gaming Nitro 5 Tiger AN515 58 769J i7 12700H/8GB/512GB/4GB RTX3050/144Hz/Win11 (NH.QFHSV.003),Laptop Acer,http://www.thegioididong.com/laptop/acer-nitro-5-an515-58-769j-i7-nhqfhsv003,21190000.0,0,1,Intel Core i7 Alder Lake- 12700H,Intel,8,DDR4,SSD,,"Card rời-NVIDIA GeForce RTX 3050, 4 GB",Nvidia,15.6,Độ phân giải:Full HD
thegioididong,Laptop MSI Gaming Stealth 14 AI Studio A1VFG Ultra 7 155H/32GB/1TB/8GB RTX4060/120Hz/Balo/Tai nghe/Móc chìa khóa/Chuột/Lót chuột/Win11 (085VN),Laptop MSI,http://www.thegioididong.com/laptop/msi-stealth-14-ai-studio-a1vfg-ultra-7-085vn,46990000.0,0,1,Intel Core Ultra 7 Meteor Lake - 155H,Intel,32,DDR5,SSD,1 TB,"Card rời- NVIDIA GeForce RTX 4060, 8 GB",Nvidia,14,2.8K
thegioididong,Laptop Lenovo ThinkBook 16 G7 Ultra 5 125U/16GB/512GB/Win11 (21MS007GVN),Laptop Lenovo,http://www.thegioididong.com/laptop/lenovo-thinkbook-16-g7-ultra-5-21ms007gvn,20790000.0,0,1,Intel Core Ultra 5 Meteor Lake - 125U,Intel,16,DDR5,SSD,512 GB,Card tích hợp- Intel Graphics,Intel,16,WUXGA
thegioididong,Laptop Lenovo Gaming Legion 5 16IRX9 i7 14650HX/16GB/1TB/8GB RTX4060/165Hz/Win11 (83DG0051VN),Laptop Lenovo,http://www.thegioididong.com/laptop/lenovo-legion-5-16irx9-i7-83dg0051vn,42990000.0,0,1,Intel Core i7 Raptor Lake - 14650HX,Intel,16,DDR5,SSD,1 TB,"Card rời- NVIDIA GeForce RTX 4060, 8 GB",Nvidia,16,
thegioididong,Laptop Asus TUF Gaming F15 FX507VU i7 13620H/16GB/512GB/6GB RTX4050/144Hz/Win11 (LP167W),Laptop Asus,http://www.thegioididong.com/laptop/asus-tuf-gaming-f15-fx507vu-i7-lp167w,26990000.0,0,1,Intel Core i7 Raptor Lake - 13620H,Intel,16,DDR5,SSD,512 GB,"Card rời- NVIDIA GeForce RTX 4050, 6 GB",Nvidia,15.6,Độ phân giải:Full HD
thegioididong,Laptop MSI Gaming Cyborg 14 A13VE i7 13620H/16GB/512GB/6GB RTX4050/144Hz/Balo/Win11 (090VN),Laptop MSI,http://www.thegioididong.com/laptop/msi-cyborg-14-a13ve-i7-090vn,25990000.0,0,1,Intel Core i7 Raptor Lake - 13620H,Intel,16,DDR5,SSD,512 GB,"Card rời- NVIDIA GeForce RTX 4050, 6 GB",Nvidia,14,Độ phân giải:Full HD
thegioididong,Laptop Dell Inspiron 14 5440 Core 7 150U/16GB/1TB/OfficeHS/Win11 (7FN5J),Laptop Dell,http://www.thegioididong.com/laptop/dell-inspiron-14-5440-core-7-7fn5j,24990000.0,0,1,Intel Core 7 Raptor Lake - 150U,Intel,16,DDR5,SSD,1 TB,Card tích hợp- Intel Graphics,Intel,14,Độ phân giải:Full HD
thegioididong,Laptop Asus TUF Gaming A15 FA506NFR R7 7435HS/16GB/512GB/4GB RTX2050/144Hz/Win11 (HN113W),Laptop Asus,http://www.thegioididong.com/laptop/asus-fa506nfr-r7-hn113w,,0,1,AMD Ryzen 7- 7435HS,AMD,16,DDR5,SSD,512 GB,"Card rời- NVIDIA GeForce RTX 2050, 4 GB",Nvidia,15.6,Độ phân giải:Full HD
thegioididong,Laptop Acer Swift Go SFG14 71 74CP i7 13700H/16GB/512GB/OfficeHS/Win11 (NX.KPZSV.004),Laptop Acer,http://www.thegioididong.com/laptop/acer-swift-go-sfg14-71-74cp-i7-nxkpzsv004?itm_source=home&itm_medium=product_card&itm_campaign=viewed,18990000.0,0,1,Intel Core i7 Raptor Lake - 13700H,Intel,16,LPDDR5,SSD,512 GB,Card tích hợp-Intel Iris Xe Graphics,Intel,14,2.8K
thegioididong,Laptop Asus TUF Gaming F15 FX507VU i7 13620H/16GB/512GB/6GB RTX4050/144Hz/Win11 (LP186W),Laptop Asus,http://www.thegioididong.com/laptop/asus-fx507vu-i7-lp186w,26990000.0,0,1,Intel Core i7 Raptor Lake - 13620H,Intel,16,DDR5,SSD,512 GB,"Card rời- NVIDIA GeForce RTX 4050, 6 GB",Nvidia,15.6,Độ phân giải:Full HD
thegioididong,Laptop HP Elitebook 630 G10 i5 1335U/16GB/512GB/Win11 (9J0B4PT),Laptop HP,http://www.thegioididong.com/laptop/hp-elitebook-630-g10-i5-19j0b4pt,22490000.0,0,1,Intel Core i5 Raptor Lake - 1335U,Intel,16,DDR4,SSD,512 GB,Card tích hợp- Intel UHD Graphics (Iris Xe Graphics chỉ hoạt động với RAM kênh đôi),Intel,13.3,Độ phân giải:Full HD
thegioididong,Laptop HP Pavilion 15 eg2062TX i5 1235U/8GB/512GB/2GB MX550/Win11 (7C0W7PA),Laptop HP,http://www.thegioididong.com/laptop/hp-pavilion-15-eg2062tx-i5-7c0w7pa?utm_flashsale=1,16990000.0,0,1,Intel Core i5 Alder Lake- 1235U,Intel,8,DDR4,SSD,512 GB,Card rời- NVIDIA GeForce MX550 2 GB,Apple,15.6,Độ phân giải:Full HD
thegioididong,Laptop Asus Vivobook 15 OLED A1505VA i9 13900H/16GB/512GB/120Hz/OfficeHS/Win11 (MA586WS),Laptop Asus,http://www.thegioididong.com/laptop/asus-vivobook-15-oled-a1505va-i9-ma586ws?utm_flashsale=1,,0,1,Intel Core i9 Raptor Lake - 13900H,Intel,16,DDR4,SSD,512 GB,Card tích hợp-Intel Iris Xe Graphics,Intel,15.6,2.8K
thegioididong,Laptop Lenovo ThinkPad E14 Gen 6 Ultra 7 155U/16GB/512GB/Win11 (21M7004UVN),Laptop Lenovo,http://www.thegioididong.com/laptop/lenovo-thinkpad-e14-ultra-7-21m7004uvn,26490000.0,0,1,Intel Core Ultra 7 Meteor Lake - 155U,Intel,16,DDR5,SSD,512 GB,Card tích hợp- Intel Graphics,Intel,14,WUXGA
thegioididong,Laptop MSI Prestige 14 AI Studio C1VEG Ultra 7 155H/32GB/1TB/6GB RTX4050/Túi/Win11 (056VN),Laptop MSI,http://www.thegioididong.com/laptop/msi-prestige-14-ai-studio-c1veg-ultra-7-056vn,32990000.0,0,1,Intel Core Ultra 7 Meteor Lake - 155H,Intel,32,DDR5,SSD,1 TB,"Card rời- NVIDIA GeForce RTX 4050, 6 GB",Nvidia,14,2.8K
thegioididong,Laptop MSI Gaming Thin A15 B7UCX R5 7535HS/8GB/512GB/4GB RTX2050/144Hz/Balo/Win11 (020VN),Laptop MSI,http://www.thegioididong.com/laptop/msi-gaming-thin-a15-b7ucx-r5-020vn,15490000.0,0,1,AMD Ryzen 5- 7535HS,AMD,8,DDR5,SSD,512 GB,"Card rời- NVIDIA GeForce RTX 2050, 4 GB",Nvidia,15.6,Độ phân giải:Full HD
thegioididong,Laptop Lenovo Gaming Legion Slim 5 16AHP9 R7 8845HS/32GB/1TB/8GB RTX4060/165Hz/Win11 (83DH003BVN),Laptop Lenovo,http://www.thegioididong.com/laptop/lenovo-legion-slim-5-16ahp9-r7-83dh003bvn,41990000.0,0,1,AMD Ryzen 7- 8845HS,AMD,32,DDR5,SSD,1 TB,"Card rời- NVIDIA GeForce RTX 4060, 8 GB",Nvidia,16,
thegioididong,Laptop Lenovo V15 G5 IRL Core 5 120U/16GB/512GB/Win11 (83HF0000VN),Laptop Lenovo,http://www.thegioididong.com/laptop/lenovo-v15-g5-irl-core-5-83hf0000vn,17490000.0,0,1,Intel Core 5 Raptor Lake - 120U,Intel,16,DDR5,SSD,512 GB,Card tích hợp- Intel Graphics,Intel,15.6,Độ phân giải:Full HD
thegioididong,Laptop Dell Inspiron 16 5640 Core 7 150U/16GB/1TB/2GB MX570A/OfficeHS/Win11 (KHPF5),Laptop Dell,http://www.thegioididong.com/laptop/dell-inspiron-16-5640-core-7-khpf5,27990000.0,0,1,Intel Core 7 Raptor Lake - 150U,Intel,16,DDR5,SSD,1 TB,"Card rời- NVIDIA Geforce MX570A, 2 GB",Nvidia,16,Độ phân giải:Full HD
thegioididong,Laptop Acer Aspire 5 A515 58M 79R7 i7 13620H/16GB/512GB/Win11 (NX.KQ8SV.007),Laptop Acer,http://www.thegioididong.com/laptop/acer-aspire-5-a515-58m-79r7-i7-nxkq8sv007,18690000.0,0,1,Intel Core i7 Raptor Lake - 13620H,Intel,16,LPDDR5,SSD,512 GB,Card tích hợp-Intel UHD Graphics,Intel,15.6,Độ phân giải:Full HD
thegioididong,Laptop Asus Vivobook 15 OLED A1505VA i9 13900H/16GB/1TB/Win11 (L1386W),Laptop Asus,http://www.thegioididong.com/laptop/asus-vivobook-15-oled-a1505va-i9-l1386w,21990000.0,0,1,Intel Core i9 Raptor Lake - 13900H,Intel,16,DDR4,SSD,1 TB,Card tích hợp-Intel Iris Xe Graphics,Intel,15.6,Độ phân giải:Full HD
thegioididong,Laptop HP Gaming VICTUS 16 s0173AX R5 7640HS/16GB/512GB/6GB RTX3050/144Hz/Win11 (A9LG9PA),Laptop HP,http://www.thegioididong.com/laptop/hp-victus-16-s0173ax-r5-a9lg9pa,22690000.0,0,1,AMD Ryzen 5- 7640HS,AMD,16,DDR5,SSD,512 GB,"Card rời- NVIDIA GeForce RTX 3050, 6 GB",Nvidia,16.1,Độ phân giải:Full HD
thegioididong,Laptop Acer Aspire 5 A514 56P 54TN i5 1335U/8GB/512GB/Win11 (NX.KHRSV.004),Laptop Acer,http://www.thegioididong.com/laptop/acer-aspire-5-a514-56p-54tn-i5-nxkhrsv004,13490000.0,0,1,Intel Core i5 Raptor Lake - 1335U,Intel,8,LPDDR5,SSD,512 GB,Card tích hợp-Intel Iris Xe Graphics,Intel,14,WUXGA
thegioididong,Laptop HP 15 fd1064TU Ultra 5 125H/16GB/512GB/Win11 (9Z2Y2PA),Laptop HP,http://www.thegioididong.com/laptop/hp-15-fd1064tu-ultra-5-9z2y2pa?utm_flashsale=1,17990000.0,0,1,Intel Core Ultra 5 Meteor Lake - 125H,Intel,16,DDR5,SSD,512 GB,Card tích hợp- Intel Arc Graphics,Intel,15.6,Độ phân giải:Full HD
thegioididong,Laptop Asus TUF Gaming A15 FA507NVR R7 7435HS/16GB/512GB/8GB RTX4060/144Hz/Win11 (LP007W),Laptop Asus,http://www.thegioididong.com/laptop/asus-fa507nvr-r7-lp007w,27490000.0,0,1,AMD Ryzen 7- 7435HS,AMD,16,DDR5,SSD,512 GB,"Card rời- NVIDIA GeForce RTX 4060, 8 GB",Nvidia,15.6,Độ phân giải:Full HD
thegioididong,Laptop MSI Prestige 13 AI Evo A1MG Ultra 7 155H/32GB/1TB/Balo/Chuột/Win11 (062VN),Laptop MSI,http://www.thegioididong.com/laptop/msi-prestige-13-ai-evo-a1mg-ultra-7-062vn,30990000.0,0,1,Intel Core Ultra 7 Meteor Lake - 155H,Intel,32,,SSD,1 TB,Card tích hợp- Intel Arc Graphics,Intel,13.3,2.8K
thegioididong,Laptop Lenovo Yoga Pro 7 14IMH9 Ultra 7 155H/32GB/1TB/6GB RTX4050/120Hz/OfficeHS/Win11 (83E2005DVN),Laptop Lenovo,http://www.thegioididong.com/laptop/lenovo-yoga-pro-7-14imh9-ultra-7-83e2005dvn,,0,1,Intel Core Ultra 7 Meteor Lake - 155H,Intel,32,,SSD,1 TB,"Card rời- NVIDIA GeForce RTX 4050, 6 GB",Nvidia,14.5,2.8K
thegioididong,Laptop Acer Swift AI SF14 51 53P9 Ultra 5 226V/16GB/1TB/Win11 (NX.J2KSV.002),Laptop Acer,http://www.thegioididong.com/laptop/acer-swift-ai-sf14-51-53p9-ultra-5-nxj2ksv002,34990000.0,0,1,Intel Core Ultra 5 Lunar Lake - 226V,Intel,16,LPDDR5,SSD,1 TB,Card tích hợp- Intel Arc Graphics 130V,Intel,14,2.8K
thegioididong,Laptop Dell Inspiron 15 3530 i7 1355U/16GB/1TB/120Hz/OfficeHS/Win11 (N3530-i7U161W11BLU-FP),Laptop Dell,http://www.thegioididong.com/laptop/dell-inspiron-15-3530-i7-n3530i7u161w11blufp,22490000.0,0,1,Intel Core i7 Raptor Lake - 1355U,Intel,16,DDR4,SSD,1 TB,Card tích hợp-Intel Iris Xe Graphics,Intel,15.6,Độ phân giải:Full HD
thegioididong,Laptop HP 15s fq5162TU i5 1235U/8GB/512GB/Win11 (7C134PA),Laptop HP,http://www.thegioididong.com/laptop/hp-15s-fq5162tu-i5-7c134pa,14990000.0,0,1,Intel Core i5 Alder Lake- 1235U,Intel,8,DDR4,SSD,512 GB,Card tích hợp-Intel Iris Xe Graphics,Intel,15.6,Độ phân giải:Full HD
thegioididong,Laptop Dell Inspiron 15 3530 i7 1355U/16GB/512GB/120Hz/Office365/KYHD/Win11 (N5I7301W1),Laptop Dell,http://www.thegioididong.com/laptop/dell-inspiron-15-3530-i7-n5i7301w1?utm_flashsale=1,,0,1,Intel Core i7 Raptor Lake - 1355U,Intel,16,DDR4,SSD,512 GB,Card tích hợp-Intel Iris Xe Graphics,Intel,15.6,Độ phân giải:Full HD
thegioididong,Laptop HP Envy x360 14 fc0162TU Ultra 5 125U/16GB/512GB/Touch/Pen/OfficeHS/Win11 (AY8X1PA),Laptop HP,http://www.thegioididong.com/laptop/hp-envy-x360-14-fc0162tu-ultra-5-ay8x1pa,27690000.0,0,1,Intel Core Ultra 5 Meteor Lake - 125U,Intel,16,LPDDR5,SSD,512 GB,Card tích hợp- Intel Graphics,Intel,14,2.8K
thegioididong,Laptop Acer Gaming Nitro V ANV15 51 58AN i5 13420H/8GB/512GB/4GB RTX2050/144Hz/Win11 (NH.QNASV.001),Laptop Acer,http://www.thegioididong.com/laptop/acer-nitro-v-anv15-51-58an-i5-nhqnasv001,16990000.0,0,1,Intel Core i5 Raptor Lake - 13420H,Intel,8,DDR5,SSD,512 GB,"Card rời- NVIDIA GeForce RTX 2050, 4 GB",Nvidia,15.6,Độ phân giải:Full HD
thegioididong,Laptop Asus TUF Gaming A15 FA507NV R7 7735HS/16GB/512GB/8GB RTX4060/144Hz/Win11 (LP031W),Laptop Asus,http://www.thegioididong.com/laptop/asus-tuf-gaming-a15-fa507nv-r7-lp031w,27990000.0,0,1,AMD Ryzen 7- 7735HS,AMD,16,DDR5,SSD,512 GB,"Card rời- NVIDIA GeForce RTX 4060, 8 GB",Nvidia,15.6,Độ phân giải:Full HD
thegioididong,Laptop Acer Aspire 5 A514 54 5127 i5 1135G7/8GB/512GB/Win11 (NX.A28SV.007),Laptop Acer,http://www.thegioididong.com/laptop/acer-aspire-a514-54-5127-i5-nxa28sv007,12690000.0,0,1,Intel Core i5 Tiger Lake-1135G7,Intel,8,DDR4,SSD,512 GB,Card tích hợp-Intel Iris Xe Graphics,Intel,14,Độ phân giải:Full HD
thegioididong,Laptop Asus Vivobook 14X OLED K3405VC i5 13500H/16GB/512GB/4GB RTX3050/Win11 (KM006W),Laptop Asus,http://www.thegioididong.com/laptop/asus-vivobook-14x-oled-k3405vc-i5-km006w,23990000.0,0,1,Intel Core i5 Raptor Lake - 13500H,Intel,16,DDR4,SSD,512 GB,"Card rời-NVIDIA GeForce RTX 3050, 4 GB",Nvidia,14,2.8K
thegioididong,Laptop Asus TUF Gaming A15 FA507NU R5 7535HS/16GB/512GB/6GB RTX4050/144Hz/Win11 (LP105W),Laptop Asus,http://www.thegioididong.com/laptop/asus-tuf-gaming-a15-fa507nu-r5-lp105w,22990000.0,0,1,AMD Ryzen 5- 7535HS,AMD,16,DDR5,SSD,512 GB,"Card rời- NVIDIA GeForce RTX 4050, 6 GB",Nvidia,15.6,Độ phân giải:Full HD
thegioididong,Laptop Acer Gaming Nitro V ANV15 51 57B2 i5 13420H/8GB/512GB/6GB RTX4050/144Hz/Win11 (NH.QN8SV.001),Laptop Acer,http://www.thegioididong.com/laptop/acer-nitro-v-anv15-51-57b2-i5-nhqn8sv001,23190000.0,0,1,Intel Core i5 Raptor Lake - 13420H,Intel,8,DDR5,SSD,512 GB,"Card rời- NVIDIA GeForce RTX 4050, 6 GB",Nvidia,15.6,Độ phân giải:Full HD
thegioididong,Laptop Acer Gaming Nitro 5 Tiger AN515 58 773Y i7 12700H/8GB/512GB/4GB RTX3050Ti/144Hz/Win11 (NH.QFKSV.001),Laptop Acer,http://www.thegioididong.com/laptop/acer-nitro-5-tiger-an515-58-773y-i7-nhqfksv001,21990000.0,0,1,Intel Core i7 Alder Lake- 12700H,Intel,8,DDR4,SSD,512 GB,"Card rời-NVIDIA GeForce RTX 3050Ti, 4 GB",Nvidia,15.6,Độ phân giải:Full HD
thegioididong,Laptop Lenovo ThinkBook 14 G6 i7 1355U/16GB/512GB/Win11 (21KG00BQVN),Laptop Lenovo,http://www.thegioididong.com/laptop/lenovo-thinkbook-14-g6-i7-21kg00bqvn,22990000.0,0,1,Intel Core i7 Raptor Lake - 1355U,Intel,16,DDR5,SSD,512 GB,Card tích hợp-Intel Iris Xe Graphics,Intel,14,WUXGA
thegioididong,Laptop MSI Gaming Sword 16 HX B14VFKG i7 14700HX/16GB/1TB/8GB RTX4060/240Hz/Balo/Win11 (045VN),Laptop MSI,http://www.thegioididong.com/laptop/msi-gaming-sword-16-hx-b14vfkg-i7-045vn,36990000.0,0,1,Intel Core i7 Raptor Lake - 14700HX,Intel,16,DDR5,SSD,1 TB,"Card rời- NVIDIA GeForce RTX 4060, 8 GB",Nvidia,16,Độ phân giải:QHD
thegioididong,Laptop MSI Prestige 14 AI Studio C1UDXG Ultra 7 155H/16GB/1TB/6GB RTX3050/144Hz/Túi/Win11 (058VN),Laptop MSI,http://www.thegioididong.com/laptop/msi-prestige-14-ai-studio-c1udxg-ultra-7-058vn,26990000.0,0,1,Intel Core Ultra 7 Meteor Lake - 155H,Intel,16,DDR5,SSD,1 TB,"Card rời- NVIDIA GeForce RTX 3050, 6 GB",Nvidia,14,Độ phân giải:Full HD
thegioididong,Laptop Dell Inspiron 14 5440 Core 7 150U/16GB/512GB/OfficeHS/Win11 (N4I7204W1),Laptop Dell,http://www.thegioididong.com/laptop/dell-inspiron-14-5440-core-7-n4i7204w1,23990000.0,0,1,Intel Core 7 Raptor Lake - 150U,Intel,16,DDR5,SSD,512 GB,Card tích hợp- Intel Graphics,Intel,14,Độ phân giải:Full HD
thegioididong,Laptop Dell Inspiron 15 3530 i5 1334U/16GB/512GB/120Hz/OfficeHS/Win11 (P16WD2),Laptop Dell,http://www.thegioididong.com/laptop/dell-inspiron-15-3530-i5-p16wd2,18490000.0,0,1,Intel Core i5 Raptor Lake - 1334U,Intel,16,DDR4,SSD,512 GB,Card tích hợp-Intel Iris Xe Graphics,Intel,15.6,Độ phân giải:Full HD
thegioididong,Laptop HP Pavilion 15 eg3095TU i5 1335U/8GB/512GB/Win11 (8C5L6PA),Laptop HP,http://www.thegioididong.com/laptop/hp-pavilion-15-eg3095tu-i5-8c5l6pa,18490000.0,0,1,Intel Core i5 Raptor Lake - 1335U,Intel,8,DDR4,SSD,512 GB,Card tích hợp-Intel Iris Xe Graphics,Intel,15.6,Độ phân giải:Full HD
thegioididong,Laptop HP Pavilion 15 eg3094TU i5 1335U/8GB/512GB/Win11 (8C5L5PA),Laptop HP,http://www.thegioididong.com/laptop/hp-pavilion-15-eg3094tu-i5-8c5l5pa,18490000.0,0,1,Intel Core i5 Raptor Lake - 1335U,Intel,8,DDR4,SSD,512 GB,Card tích hợp-Intel Iris Xe Graphics,Intel,15.6,Độ phân giải:Full HD
thegioididong,Laptop HP Probook 450 G10 i7 1355U/16GB/512GB/Win11 (873D3PA),Laptop HP,http://www.thegioididong.com/laptop/hp-probook-450-g10-i7-873d3pa,24990000.0,0,1,Intel Core i7 Raptor Lake - 1355U,Intel,16,DDR4,SSD,512 GB,Card tích hợp- Intel UHD Graphics (Iris Xe Graphics chỉ hoạt động với RAM kênh đôi),Intel,15.6,Độ phân giải:Full HD
thegioididong,Laptop Lenovo ThinkPad E14 Ultra 7 155H/32GB/1TB/Win11 (21M70051VN),Laptop Lenovo,http://www.thegioididong.com/laptop/lenovo-thinkpad-e14-ultra-7-21m70051vn,33490000.0,0,1,Intel Core Ultra 7 Meteor Lake - 155H,Intel,32,DDR5,SSD,1 TB,Card tích hợp- Intel Arc Graphics,Intel,14,2.2K
thegioididong,Laptop MSI Gaming Katana A15 AI B8VF R7 8845HS/16GB/512GB/8GB RTX4060/144Hz/Balo/Win11 (419VN),Laptop MSI,http://www.thegioididong.com/laptop/msi-gaming-katana-a15-ai-b8vf-r7-419vn,28490000.0,0,1,AMD Ryzen 7- 8845HS,AMD,16,DDR5,SSD,512 GB,"Card rời- NVIDIA GeForce RTX 4060, 8 GB",Nvidia,15.6,Độ phân giải:Full HD
thegioididong,Laptop Lenovo Gaming Legion Pro 5 16IRX9 i9 14900HX/32GB/1TB/8GB RTX4070/240Hz/Win11 (83DF0046VN),Laptop Lenovo,http://www.thegioididong.com/laptop/lenovo-legion-pro-5-16irx9-i9-83df0046vn?itm_source=home&itm_medium=product_card&itm_campaign=viewed,54990000.0,0,1,Intel Core i9 Raptor Lake - 14900HX,Intel,32,DDR5,SSD,1 TB,"Card rời- NVIDIA GeForce RTX 4070, 8 GB",Nvidia,16,
thegioididong,Laptop Acer Swift AI SF14 51 75VP Ultra 7 258V/32GB/1TB/Win11 (NX.J2KSV.001),Laptop Acer,http://www.thegioididong.com/laptop/acer-swift-ai-sf14-51-75vp-ultra-7-nxj2ksv001,39990000.0,0,1,Intel Core Ultra 7 Lunar Lake - 258V,Intel,32,,SSD,1 TB,Card tích hợp- Intel Arc 140V,Intel,14,2.8K
thegioididong,Laptop Dell Inspiron 16 5640 Core 7 150U/16GB/1TB/OfficeHS/Win11 (N5640-C7U161W11IBU),Laptop Dell,http://www.thegioididong.com/laptop/dell-inspiron-16-5640-core-7-n5640c7u161w11ibu,25990000.0,0,1,Intel Core 7 Raptor Lake - 150U,Intel,16,DDR5,SSD,1 TB,Card tích hợp- Intel Graphics,Intel,16,Độ phân giải:Full HD
thegioididong,Laptop HP Probook 450 G10 i5 1335U/16GB/512GB/Win11 (9H1N5PT),Laptop HP,http://www.thegioididong.com/laptop/hp-probook-450-g10-i5-9h1n5pt,21490000.0,0,1,Intel Core i5 Raptor Lake - 1335U,Intel,16,DDR4,SSD,512 GB,Card tích hợp- Intel UHD Graphics (Iris Xe Graphics chỉ hoạt động với RAM kênh đôi),Intel,15.6,Độ phân giải:Full HD
thegioididong,Laptop HP Gaming VICTUS 16 s0078AX R5 7640HS/16GB/512GB/6GB RTX3050/144Hz/Win11 (8C5N7PA),Laptop HP,http://www.thegioididong.com/laptop/hp-victus-16-s0078ax-r5-8c5n7pa?utm_flashsale=1,22690000.0,0,1,AMD Ryzen 5- 7640HS,AMD,16,DDR5,SSD,512 GB,"Card rời- NVIDIA GeForce RTX 3050, 6 GB",Nvidia,16.1,Độ phân giải:Full HD
thegioididong,Laptop MSI Gaming Katana 15 B13VGK i7 13620H/16GB/1TB/8GB RTX4070/144Hz/Balo/Win11 (1211VN),Laptop MSI,http://www.thegioididong.com/laptop/msi-gaming-katana-15-b13vgk-i7-1211vn,36990000.0,0,1,Intel Core i7 Raptor Lake - 13620H,Intel,16,DDR5,SSD,1 TB,"Card rời- NVIDIA GeForce RTX 4070, 8 GB",Nvidia,15.6,Độ phân giải:Full HD
thegioididong,Laptop Asus TUF Gaming F15 FX507ZC4 i5 12500H/8GB/512GB/4GB RTX3050/144Hz/Win11 (HN074W),Laptop Asus,http://www.thegioididong.com/laptop/asus-tuf-gaming-f15-fx507zc4-i5-hn074w,18990000.0,0,1,Intel Core i5 Alder Lake- 12500H,Intel,8,DDR4,SSD,512 GB,"Card rời-NVIDIA GeForce RTX 3050, 4 GB",Nvidia,15.6,Độ phân giải:Full HD
thegioididong,Laptop Dell Inspiron 15 3530 i5 1335U/16GB/512GB/120Hz/OfficeHS/Win11 (N5I5791W1),Laptop Dell,http://www.thegioididong.com/laptop/dell-inspiron-15-3530-i5-n5i5791w1,18490000.0,0,1,Intel Core i5 Raptor Lake - 1335U,Intel,16,DDR4,SSD,512 GB,Card tích hợp-Intel Iris Xe Graphics,Intel,15.6,Độ phân giải:Full HD
thegioididong,Laptop Lenovo Ideapad Slim 5 14IMH9 Ultra 7 155H/32GB/512GB/Win11 (83DA001YVN),Laptop Lenovo,http://www.thegioididong.com/laptop/lenovo-ideapad-slim-5-14imh9-ultra-7-83da001yvn,26990000.0,0,1,Intel Core Ultra 7 Meteor Lake - 155H,Intel,32,,SSD,512 GB,Card tích hợp- Intel Arc Graphics,Intel,14,WUXGA
thegioididong,Laptop Dell Vostro 15 3520 i5 1235U/16GB/512GB/120Hz/OfficeHS/KYHD/Win11 (i5U165W11GRU),Laptop Dell,http://www.thegioididong.com/laptop/dell-vostro-15-3520-i5-i5u165w11gru,16490000.0,0,1,Intel Core i5 Alder Lake- 1235U,Intel,16,DDR4,SSD,512 GB,Card tích hợp-Intel Iris Xe Graphics,Intel,15.6,Độ phân giải:Full HD
thegioididong,Laptop Dell Latitude 3440 i7 1355U/16GB/512GB/Win11 (71038103),Laptop Dell,http://www.thegioididong.com/laptop/dell-latitude-3440-i7-71038103,24490000.0,0,1,Intel Core i7 Raptor Lake - 1355U,Intel,16,DDR4,SSD,512 GB,Card tích hợp-Intel Iris Xe Graphics,Intel,14,Độ phân giải:Full HD
thegioididong,Laptop HP 240 G9 i3 1215U/8GB/512GB/Win11 (6L1X8PA),Laptop HP,http://www.thegioididong.com/laptop/hp-240-g9-i3-6l1x8pa,11490000.0,0,1,Intel Core i3 Alder Lake-1215U,Intel,8,DDR4,SSD,512 GB,Card tích hợp-Intel UHD Graphics,Intel,14,Độ phân giải:Full HD
thegioididong,Laptop Acer Swift Go 14 AI SFG14 73 71ZX Ultra 7 155H/16GB/512GB/Win11 (NX.KSLSV.002),Laptop Acer,http://www.thegioididong.com/laptop/acer-swift-go-14-ai-73-71zx-ultra-7-nxkslsv002,25990000.0,0,1,Intel Core Ultra 7 Meteor Lake - 155H,Intel,16,LPDDR5,SSD,512 GB,Card tích hợp- Intel Arc Graphics,Intel,14,2.8K
thegioididong,Laptop HP 15 fd0304TU i3 1315U/8GB/512GB/Win11 (A2NL5PA),Laptop HP,http://www.thegioididong.com/laptop/hp-15-fd0304tu-i3-a2nl5pa?utm_flashsale=1,11890000.0,0,1,Intel Core i3 Raptor Lake - 1315U,Intel,8,DDR4,SSD,512 GB,Card tích hợp-Intel UHD Graphics,Intel,15.6,Độ phân giải:Full HD
thegioididong,Laptop Dell Inspiron 15 3520 i5 1235U/16GB/512GB/120Hz/OfficeHS/Win11 (N5I5011W1),Laptop Dell,http://www.thegioididong.com/laptop/dell-inspiron-15-3520-i5-n5i5011w1,16490000.0,0,1,Intel Core i5 Alder Lake- 1235U,Intel,16,DDR4,SSD,512 GB,Card tích hợp-Intel Iris Xe Graphics,Intel,15.6,Độ phân giải:Full HD
thegioididong,Laptop MSI Gaming Katana A15 AI B8VE R7 8845HS/16GB/512GB/6GB RTX4050/144Hz/Balo/Win11 (402VN),Laptop MSI,http://www.thegioididong.com/laptop/msi-gaming-katana-a15-ai-b8ve-r7-402vn,26990000.0,0,1,AMD Ryzen 7- 8845HS,AMD,16,DDR5,SSD,512 GB,"Card rời- NVIDIA GeForce RTX 4050, 6 GB",Nvidia,15.6,Độ phân giải:Full HD
thegioididong,Laptop Lenovo ThinkPad E16 Ultra 7 155H/32GB/1TB/Win11 (21MA004PVN),Laptop Lenovo,http://www.thegioididong.com/laptop/lenovo-thinkpad-e16-ultra-7-21ma004pvn,32990000.0,0,1,Intel Core Ultra 7 Meteor Lake - 155H,Intel,32,DDR5,SSD,1 TB,Card tích hợp- Intel Arc Graphics,Intel,16,
thegioididong,Laptop Asus Vivobook S 15 S5507QA X1E 78 100/32GB/1TB/Win11/OfficeHS (MA090WS),Laptop Asus,http://www.thegioididong.com/laptop/asus-s5507qa-x1e-78-100-ma090ws,31990000.0,0,1,Snapdragon X Elite - X1E 78 100,Qualcomm,32,,SSD,1 TB,Card tích hợp- Qualcomm Adreno GPU,Apple,15.6,2.8K
thegioididong,Laptop Lenovo IdeaPad Slim 5 14Q8X9 X1P 42 100/16GB/512GB/Win11 (83HL000KVN),Laptop Lenovo,http://www.thegioididong.com/laptop/lenovo-ideapad-slim-5-14q8x9-x1p-42-100-83hl000kvn,22990000.0,0,1,Snapdragon X Plus - X1P 42 100,Qualcomm,16,LPDDR5,SSD,512 GB,Card tích hợp- Qualcomm Adreno GPU,Apple,14,WUXGA
thegioididong,Laptop Dell Vostro 3420 i5 1235U/8GB/512GB/OfficeHS/Win11 (V4I5702W1),Laptop Dell,http://www.thegioididong.com/laptop/dell-vostro-3420-i5-v4i5702w1?utm_flashsale=1,,0,1,Intel Core i5 Alder Lake- 1235U,Intel,8,DDR4,SSD,512 GB,Card tích hợp- Intel UHD Graphics (Iris Xe Graphics chỉ hoạt động với RAM kênh đôi),Intel,14,Độ phân giải:Full HD
thegioididong,Laptop Asus TUF Gaming Dash F15 FX517ZE i5 12450H/8GB/512GB/4GB RTX3050Ti/144Hz/Win11 (HN045W),Laptop Asus,http://www.thegioididong.com/laptop/asus-tuf-gaming-fx517ze-i5-hn045w,19990000.0,0,1,Intel Core i5 Alder Lake- 12450H,Intel,8,DDR5,SSD,512 GB,"Card rời-NVIDIA GeForce RTX 3050Ti, 4 GB",Nvidia,15.6,Độ phân giải:Full HD
thegioididong,Laptop Dell Inspiron 15 3530 i5 1335U/8GB/512GB/120Hz/OfficeHS/Win11 (N3530-i5U085W11BLU),Laptop Dell,http://www.thegioididong.com/laptop/dell-inspiron-3530-i5-1335u-i5u085w11blu,,0,1,Intel Core i5 Raptor Lake - 1335U,Intel,8,DDR4,SSD,512 GB,Card tích hợp- Intel UHD Graphics (Iris Xe Graphics chỉ hoạt động với RAM kênh đôi),Intel,15.6,Độ phân giải:Full HD
thegioididong,Laptop Dell Inspiron 15 3530 i7 1355U/16GB/512GB/2GB MX550/OfficeHS/Win11 (N3530I716W1),Laptop Dell,http://www.thegioididong.com/laptop/dell-inspiron-15-3530-i7-n3530i716w1,23990000.0,0,1,Intel Core i7 Raptor Lake - 1355U,Intel,16,DDR4,SSD,512 GB,Card rời- NVIDIA GeForce MX550 2 GB,Apple,15.6,Độ phân giải:Full HD
thegioididong,Laptop HP Probook 450 G10 i7 1355U/16GB/512GB/Win11 (9H8H1PT),Laptop HP,http://www.thegioididong.com/laptop/hp-probook-450-g10-i7-9h8h1pt,24990000.0,0,1,Intel Core i7 Raptor Lake - 1355U,Intel,16,DDR4,SSD,512 GB,Card tích hợp- Intel UHD Graphics (Iris Xe Graphics chỉ hoạt động với RAM kênh đôi),Intel,15.6,Độ phân giải:Full HD
thegioididong,Laptop HP Probook 450 G10 i5 1335U/16GB/512GB/Win11 (873D1PA),Laptop HP,http://www.thegioididong.com/laptop/hp-probook-450-g10-i5-873d1pa,21490000.0,0,1,Intel Core i5 Raptor Lake - 1335U,Intel,16,DDR4,SSD,512 GB,Card tích hợp- Intel UHD Graphics (Iris Xe Graphics chỉ hoạt động với RAM kênh đôi),Intel,15.6,Độ phân giải:Full HD
thegioididong,Laptop HP VICTUS 16 r0283TX i5 13500H/16GB/512GB/144Hz/6GB RTX3050/Win11 (AD9T3PA),Laptop HP,http://www.thegioididong.com/laptop/hp-victus-16-r0283tx-i5-ad9t3pa,24990000.0,0,1,Intel Core i5 Raptor Lake - 13500H,Intel,16,DDR5,SSD,512 GB,"Card rời- NVIDIA GeForce RTX 3050, 6 GB",Nvidia,16.1,Độ phân giải:Full HD
thegioididong,Laptop Lenovo ThinkBook 16 G6 i5 13420H/16GB/512GB/Win11 (21KH00Q0VN),Laptop Lenovo,http://www.thegioididong.com/laptop/lenovo-thinkbook-16-g6-i5-21kh00q0vn,20590000.0,0,1,Intel Core i5 Raptor Lake - 13420H,Intel,16,DDR5,SSD,512 GB,Card tích hợp-Intel UHD Graphics,Intel,16,WUXGA
thegioididong,Laptop MSI Gaming Cyborg 15 AI A1VEK Ultra 7 155H/16GB/512GB/6GB RTX4050/144Hz/Balo/Win11 (053VN),Laptop MSI,http://www.thegioididong.com/laptop/msi-gaming-cyborg-15-ai-a1vek-ultra-7-053vn,28490000.0,0,1,Intel Core Ultra 7 Meteor Lake - 155H,Intel,16,DDR5,SSD,512 GB,"Card rời- NVIDIA GeForce RTX 4050, 6 GB",Nvidia,15.6,Độ phân giải:Full HD
thegioididong,Laptop Dell Vostro 15 3520 i5 1235U/8GB/512GB/120Hz/OfficeHS/KYHD/Win11 (V5I5610W1),Laptop Dell,http://www.thegioididong.com/laptop/dell-vostro-15-3520-i5-v5i5610w1?utm_flashsale=1,,0,1,Intel Core i5 Alder Lake- 1235U,Intel,8,DDR4,SSD,512 GB,Card tích hợp- Intel UHD Graphics (Iris Xe Graphics chỉ hoạt động với RAM kênh đôi),Intel,15.6,Độ phân giải:Full HD
thegioididong,Laptop Dell Inspiron 7440 Core 7 150U/16GB/1TB/Touch/Pen/OfficeHS/Win11 (N7440-C7U161W11IBU),Laptop Dell,http://www.thegioididong.com/laptop/dell-inspiron-7440-core-7-n7440c7u161w11ibu,31990000.0,0,1,Intel Core 7 Raptor Lake - 150U,Intel,16,DDR5,SSD,1 TB,Card tích hợp- Intel Graphics,Intel,14,Độ phân giải:Full HD
thegioididong,Laptop Dell Latitude 3540 i5 1235U/16GB/512GB/Win11 (71038100),Laptop Dell,http://www.thegioididong.com/laptop/dell-latitude-3540-i5-71038100,16990000.0,0,1,Intel Core i5 Alder Lake- 1235U,Intel,16,DDR4,SSD,512 GB,Card tích hợp-Intel Iris Xe Graphics,Intel,15.6,Độ phân giải:Full HD
thegioididong,Laptop Dell Inspiron 7440 Core 5 120U/16GB/1TB/Touch/Pen/OfficeHS/Win11 (N4I5006W1),Laptop Dell,http://www.thegioididong.com/laptop/dell-inspiron-7440-core-5-n4i5006w1,29490000.0,0,1,Intel Core 5 Raptor Lake - 120U,Intel,16,DDR5,SSD,1 TB,Card tích hợp- Intel Graphics,Intel,14,Độ phân giải:Full HD
thegioididong,Laptop ASUS TUF Gaming A15 FA507UV R7 8845HS/16GB/512GB/8GB RTX4060/144Hz/Win11 (LP142W),Laptop Asus,http://www.thegioididong.com/laptop/asus-fa507uv-r7-lp142w,28990000.0,0,1,AMD Ryzen 7- 8845HS,AMD,16,DDR5,SSD,512 GB,"Card rời- NVIDIA GeForce RTX 4060, 8 GB",Nvidia,15.6,Độ phân giải:Full HD
thegioididong,Laptop Acer Swift Go 14 AI SFG14 73 53X7 Ultra 5 125H/16GB/512GB/Win11 (NX.KSLSV.001),Laptop Acer,http://www.thegioididong.com/laptop/acer-swift-go-14-ai-73-53x7-ultra-5-nxkslsv001?itm_source=home&itm_medium=product_card&itm_campaign=viewed,22990000.0,0,1,Intel Core Ultra 5 Meteor Lake - 125H,Intel,16,LPDDR5,SSD,512 GB,Card tích hợp- Intel Arc Graphics,Intel,14,2.8K
thegioididong,Laptop HP Envy X360 14 fc0083TU Ultra 7 155U/32GB/1TB/Touch/Pen/Win11 (A19BSPA),Laptop HP,http://www.thegioididong.com/laptop/hp-envy-x360-14-fc0083tu-ultra-7-a19bspa,33890000.0,0,1,Intel Core Ultra 7 Meteor Lake - 155U,Intel,32,,SSD,1 TB,Card tích hợp- Intel Graphics,Intel,14,2.8K
thegioididong,Laptop HP Envy X360 14 fa0048AU R7 8840HS/16GB/512GB/Touch/Pen/Win11 (A19BQPA),Laptop HP,http://www.thegioididong.com/laptop/hp-envy-x360-14-fa0048au-r7-a19bqpa,28990000.0,0,1,AMD Ryzen 7- 8840HS,AMD,16,LPDDR5,SSD,512 GB,Card tích hợp- AMD Radeon Graphics,AMD,14,2.8K
thegioididong,Laptop Dell Inspiron 16 5640 Core 7 150U/16GB/1TB/2GB MX570A/120Hz/OfficeHS/Win11 (N6I7512W1),Laptop Dell,http://www.thegioididong.com/laptop/dell-inspiron-16-5640-core-7-n6i7512w1,31490000.0,0,1,Intel Core 7 Raptor Lake - 150U,Intel,16,DDR5,SSD,1 TB,"Card rời- NVIDIA Geforce MX570A, 2 GB",Nvidia,16,2.5K
thegioididong,Laptop Dell XPS 13 9340 Ultra 7 155H/16GB/1TB/Touch/OfficeHS/Win11 (HXRGT),Laptop Dell,http://www.thegioididong.com/laptop/dell-xps-13-9340-ultra-7-hxrgt,54990000.0,0,1,Intel Core Ultra 7 Meteor Lake - 155H,Intel,16,LPDDR5,SSD,1 TB,Card tích hợp- Intel Arc Graphics,Intel,13.4,Độ phân giải:QHD
thegioididong,Laptop Lenovo Thinkpad X13 Ultra 5 125U/16GB/512GB/Win11 Pro (21LU004NVN),Laptop Lenovo,http://www.thegioididong.com/laptop/lenovo-thinkpad-x13-ultra-5-21lu004nvn,32990000.0,0,1,Intel Core Ultra 5 Meteor Lake - 125U,Intel,16,LPDDR5,SSD,512 GB,Card tích hợp- Intel Graphics,Intel,13.3,WUXGA
thegioididong,Laptop HP VICTUS 16 r0127TX i7 13700H/16GB/512GB/8GB RTX4060/144Hz/Win11 (8C5N2PA),Laptop HP,http://www.thegioididong.com/laptop/hp-victus-16-r0127tx-i7-8c5n2pa,34790000.0,0,1,Intel Core i7 Raptor Lake - 13700H,Intel,16,DDR5,SSD,512 GB,"Card rời- NVIDIA GeForce RTX 4060, 8 GB",Nvidia,16.1,Độ phân giải:Full HD
thegioididong,Laptop HP Spectre X360 14 eu0050TU Ultra 7 155H/32GB/1TB/Touch/Pen/Win11 (A19BLPA),Laptop HP,http://www.thegioididong.com/laptop/hp-spectre-x360-14-eu0050tu-ultra-7-a19blpa,51790000.0,0,1,Intel Core Ultra 7 Meteor Lake - 155H,Intel,32,,SSD,1 TB,Card tích hợp- Intel Arc Graphics,Intel,14,2.8K
thegioididong,Laptop HP Gaming VICTUS 16 s0139AX R7 7840HS/32GB/512GB/8GB RTX4060/144Hz/Win11 (9Q986PA),Laptop HP,http://www.thegioididong.com/laptop/hp-victus-16-s0139ax-r7-9q986pa,34990000.0,0,1,AMD Ryzen 7- 7840HS,AMD,32,DDR5,SSD,512 GB,"Card rời- NVIDIA GeForce RTX 4060, 8 GB",Nvidia,16.1,Độ phân giải:Full HD
thegioididong,Laptop MSI Gaming Stealth 16 Mercedes AMG A1VGG Ultra 9 185H/32GB/2TB/8GB RTX4070/240Hz/Win11 (293VN),Laptop MSI,http://www.thegioididong.com/laptop/msi-stealth-16-mercedes-amg-a1vgg-ultra-9-293vn,66490000.0,0,1,Intel Core Ultra 9 Meteor Lake - 185H,Intel,32,DDR5,SSD,2 TB,"Card rời- NVIDIA GeForce RTX 4070, 8 GB",Nvidia,16,
thegioididong,Laptop Asus Zenbook S 14 UX5406SA Ultra 7 258V/32GB/1TB/120Hz/Túi/OfficeHS/Win11 (PV140WS),Laptop Asus,http://www.thegioididong.com/laptop/asus-ux5406sa-ultra-7-pv140ws,43990000.0,0,1,Intel Core Ultra 7 Lunar Lake - 258V,Intel,32,,SSD,1 TB,Card tích hợp- Intel Arc Graphics,Intel,14,2.8K
thegioididong,Laptop HP Pavilion 15 eg3098TU i3 1315U/8GB/256GB/Win11 (8C5L9PA),Laptop HP,http://www.thegioididong.com/laptop/hp-pavilion-15-eg3098tu-i3-8c5l9pa?utm_flashsale=1,12590000.0,0,1,Intel Core i3 Raptor Lake - 1315U,Intel,8,DDR4,SSD,256 GB,Card tích hợp-Intel UHD Graphics,Intel,15.6,Độ phân giải:Full HD
thegioididong,Laptop MSI Creator M16 HX C14VFG i7 14700HX/32GB/1TB/8GB RTX4060/240Hz/Balo/Win11 (040VN),Laptop MSI,http://www.thegioididong.com/laptop/msi-creator-m16-hx-c14vfg-i7-040vn,41990000.0,0,1,Intel Core i7 Raptor Lake - 14700HX,Intel,32,DDR5,SSD,1 TB,"Card rời- NVIDIA GeForce RTX 4060, 8 GB",Nvidia,16,Độ phân giải:QHD
thegioididong,Laptop Lenovo ThinkPad T14s i7 1355U/32GB/512GB/Touch/Win11 Pro (21F6007XVN),Laptop Lenovo,http://www.thegioididong.com/laptop/lenovo-thinkpad-t14s-i7-21f6007xvn,44290000.0,0,1,Intel Core i7 Raptor Lake - 1355U,Intel,32,,SSD,512 GB,Card tích hợp-Intel Iris Xe Graphics,Intel,14,WUXGA
thegioididong,Laptop HP Envy X360 14 fa0050AU R5 8640HS/16GB/512GB/Touch/Pen/Win11 (A29H8PA),Laptop HP,http://www.thegioididong.com/laptop/hp-envy-x360-14-fa0050au-r5-a29h8pa,26790000.0,0,1,AMD Ryzen 5- 8640HS,AMD,16,LPDDR5,SSD,512 GB,Card tích hợp- AMD Radeon Graphics,AMD,14,2.8K
thegioididong,Laptop Dell G15 5530 i9 13900HX/16GB/1TB/8GB RTX4060/165Hz/OfficeHS/Win11 (i9HX161W11GR4060),Laptop Dell,http://www.thegioididong.com/laptop/dell-g15-5530-i9-i9hx161w11gr4060,40990000.0,0,1,Intel Core i9 Raptor Lake - 13900HX,Intel,16,DDR5,SSD,1 TB,"Card rời- NVIDIA GeForce RTX 4060, 8 GB",Nvidia,15.6,Độ phân giải:Full HD
thegioididong,Laptop HP Elitebook 630 G10 i7 1355U/16GB/512GB/Win11 (9H1N9PT),Laptop HP,http://www.thegioididong.com/laptop/hp-elitebook-630-g10-i7-9h1n9pt,27490000.0,0,1,Intel Core i7 Raptor Lake - 1355U,Intel,16,DDR4,SSD,512 GB,Card tích hợp- Intel UHD Graphics (Iris Xe Graphics chỉ hoạt động với RAM kênh đôi),Intel,13.3,Độ phân giải:Full HD
thegioididong,Laptop MacBook Air 13 inch M3 16GB/256GB/8GPU,Laptop MacBook,http://www.thegioididong.com/laptop/macbook-air-13-inch-m3-16gb-256gb-8gpu,27690000.0,0,1,Apple M3 - Hãng không công bố,Apple,16,,SSD,256 GB,Card tích hợp- 8 nhân GPU,Apple,13.6,Retina
thegioididong,Laptop HP Probook 460 G11 Ultra 5 125U/16GB/512GB/Win11 (A74BTPT),Laptop HP,http://www.thegioididong.com/laptop/hp-probook-460-g11-ultra-5-a74btpt,22990000.0,0,1,Intel Core Ultra 5 Meteor Lake - 125U,Intel,16,DDR5,SSD,512 GB,Card tích hợp- Intel Graphics,Intel,16,WUXGA
thegioididong,Laptop HP Gaming VICTUS 16 r0130TX i5 13500H/16GB/512GB/144Hz/6GB RTX3050/Win11 (8C5N5PA),Laptop HP,http://www.thegioididong.com/laptop/hp-gaming-victus-16-r0130tx-i5-8c5n5pa?utm_flashsale=1,24990000.0,0,1,Intel Core i5 Raptor Lake - 13500H,Intel,16,DDR5,SSD,512 GB,"Card rời- NVIDIA GeForce RTX 3050, 6 GB",Nvidia,16.1,Độ phân giải:Full HD
thegioididong,Laptop MSI Cyborg 15 A13VFK i7 13620H/16GB/512GB/8GB RTX4060/144Hz/Balo/Win11 (876VN),Laptop MSI,http://www.thegioididong.com/laptop/msi-cyborg-15-a13vfk-i7-876vn,27490000.0,0,1,Intel Core i7 Raptor Lake - 13620H,Intel,16,DDR5,SSD,512 GB,"Card rời- NVIDIA GeForce RTX 4060, 8 GB",Nvidia,15.6,Độ phân giải:Full HD
thegioididong,Laptop Asus TUF Gaming A14 FA401WV R9 AI HX 370/16GB/1TB/8GB RTX4060/165Hz/OfficeHS/Office365/Win11 (RG062WS),Laptop Asus,http://www.thegioididong.com/laptop/asus-fa401wv-r9-ai-rg062ws,40990000.0,0,1,AMD Ryzen AI 9 - HX 370,AMD,16,LPDDR5,SSD,1 TB,"Card rời- NVIDIA GeForce RTX 4060, 8 GB",Nvidia,14,Độ phân giải:QHD
thegioididong,Laptop HP Gaming VICTUS 16 s0077AX R7 7840HS/16GB/512GB/144Hz/6GB RTX3050/Win11 (8C5N6PA),Laptop HP,http://www.thegioididong.com/laptop/hp-gaming-victus-16-s0077ax-r7-8c5n6pa,28990000.0,0,1,AMD Ryzen 7- 7840HS,AMD,16,DDR5,SSD,512 GB,"Card rời- NVIDIA GeForce RTX 3050, 6 GB",Nvidia,16.1,Độ phân giải:Full HD
thegioididong,Laptop HP Elitebook 630 G11 Ultra 7 155U/16GB/512GB/Win11 (A7LC5PT),Laptop HP,http://www.thegioididong.com/laptop/hp-elitebook-630-g11-ultra-7-a7lc5pt,30990000.0,0,1,Intel Core Ultra 7 Meteor Lake - 155U,Intel,16,DDR5,SSD,512 GB,Card tích hợp- Intel Graphics,Intel,13.3,WUXGA
thegioididong,Laptop MSI Prestige 13 AI+ A2VMG Ultra 7 258V/32GB/1TB/Balo/Win11 (040VN),Laptop MSI,http://www.thegioididong.com/laptop/msi-prestige-13-ai-a2vmg-ultra-7-258v-040vn,36990000.0,0,1,Intel Core Ultra 7 Lunar Lake - 258V,Intel,32,,SSD,1 TB,Card tích hợp- Intel Arc 140V,Intel,13.3,2.8K
thegioididong,Laptop Asus Zenbook 14 Duo OLED UX8406MA Ultra 9 185H/32GB/1TB/120Hz/Touch/Pen/Túi/Win11 (PZ142W),Laptop Asus,http://www.thegioididong.com/laptop/asus-zenbook-14-duo-oled-ux8406ma-ultra-9-pz142w,,0,1,Intel Core Ultra 9 Meteor Lake - 185H,Intel,32,,SSD,1 TB,Card tích hợp- Intel Arc Graphics,Intel,14,2.8K
thegioididong,Laptop MSI Prestige 16 AI+ B2VMG Ultra 9 288V/32GB/1TB/Balo/Win11 (016VN),Laptop MSI,http://www.thegioididong.com/laptop/msi-prestige-16-ai-b2vmg-ultra-9-288v-016vn,43990000.0,0,1,Intel Core Ultra 9 Lunar Lake - 288V,Intel,32,,SSD,1 TB,Card tích hợp- Intel Arc 140V,Intel,16,Độ phân giải:4K/UHD
thegioididong,Laptop Dell XPS 13 9340 Ultra 5 125H/16GB/2TB/Touch/OfficeHS/Win11 (XPSU5934W1),Laptop Dell,http://www.thegioididong.com/laptop/dell-xps-13-9340-ultra-5-xpsu5934w1,,0,1,Intel Core Ultra 5 Meteor Lake - 125H,Intel,16,LPDDR5,SSD,2 TB,Card tích hợp- Intel Arc Graphics,Intel,13.4,Độ phân giải:QHD
thegioididong,Laptop MSI Stealth A16 AI+ A3XVGG R9 AI HX 370/32GB/2TB/8GB RTX4070/120Hz/Balo/Chuột/Win11 (208VN),Laptop MSI,http://www.thegioididong.com/laptop/msi-stealth-a16-ai-a3xvgg-r9-ai-hx-370-208vn,69990000.0,0,1,AMD Ryzen AI 9 - HX 370,AMD,32,,SSD,2 TB,"Card rời- NVIDIA GeForce RTX 4070, 8 GB",Nvidia,16,Độ phân giải:4K/UHD
thegioididong,Laptop MacBook Pro 14 inch M4 Pro 24GB/512GB,Laptop MacBook,http://www.thegioididong.com/laptop/macbook-pro-14-inch-m4-pro-24gb-512gb,49990000.0,0,1,Apple M4 Pro - Hãng không công bố,Apple,24,,SSD,512 GB,Card tích hợp- 16 nhân GPU,Apple,14.2,Retina
thegioididong,Laptop Apple MacBook Pro 14 inch Nano M4 Pro 24GB/512GB,Laptop MacBook,http://www.thegioididong.com/laptop/macbook-pro-14-nano-m4-pro-24-512,53790000.0,0,1,Apple M4 Pro - Hãng không công bố,Apple,24,,SSD,512 GB,Card tích hợp- 16 nhân GPU,Apple,14.2,Retina
thegioididong,Laptop MacBook Pro 14 inch M4 Pro 24GB/1TB,Laptop MacBook,http://www.thegioididong.com/laptop/macbook-pro-14-inch-m4-pro-24gb-1tb,54990000.0,0,1,Apple M4 Pro - Hãng không công bố,Apple,24,,SSD,1 TB,Card tích hợp- 16 nhân GPU,Apple,14.2,Retina
thegioididong,Laptop MacBook Air 13 inch M3 24GB/512GB,Laptop MacBook,http://www.thegioididong.com/laptop/macbook-air-13-m3-24gb-512gb?utm_flashsale=1,37990000.0,0,1,Apple M3 - Hãng không công bố,Apple,24,,SSD,512 GB,Card tích hợp- 8 nhân GPU,Apple,13.6,Retina
thegioididong,Laptop Acer Aspire 3 A315 59 314F i3 1215U/8GB/256GB/Win11 (NX.K6TSV.002),Laptop Acer,http://www.thegioididong.com/laptop/acer-aspire-3-a315-59-314f-i3-nxk6tsv002,13490000.0,0,1,Intel Core i3 Alder Lake-1215U,Intel,8,DDR4,SSD,256 GB,Card tích hợp-Intel UHD Graphics,Intel,15.6,Độ phân giải:Full HD
thegioididong,Laptop MacBook Pro 14 inch M4 Pro 48GB/512GB,Laptop MacBook,http://www.thegioididong.com/laptop/macbook-pro-14-inch-m4-pro-48gb-512gb,59990000.0,0,1,Apple M4 Pro - Hãng không công bố,Apple,48,,SSD,512 GB,Card tích hợp- 16 nhân GPU,Apple,14.2,Retina
thegioididong,Laptop Apple MacBook Pro 16 inch M4 Pro 48GB/1TB,Laptop MacBook,http://www.thegioididong.com/laptop/macbook-pro-16-inch-m4-pro-48gb-1tb,79990000.0,0,1,Apple M4 Pro - Hãng không công bố,Apple,48,,SSD,1 TB,Card tích hợp- 20 nhân GPU,Apple,16.2,Retina
thegioididong,Laptop HP Pavilion 15 eg2034TX i7 1255U/8GB/512GB/2GB MX550/Win11 (6K780PA),Laptop HP,http://www.thegioididong.com/laptop/hp-pavilion-15-eg2034tx-i7-6k780pa,19990000.0,0,1,Intel Core i7 Alder Lake- 1255U,Intel,8,DDR4,SSD,512 GB,Card rời- NVIDIA GeForce MX550 2 GB,Apple,15.6,Độ phân giải:Full HD
thegioididong,Laptop Apple MacBook Air 15 inch M3 16GB-256GB,Laptop MacBook,http://www.thegioididong.com/laptop/macbook-air-15-inch-m3-2024-16gb-256gb,,0,1,Apple M3 - Hãng không công bố,Apple,16,,SSD,256 GB,Card tích hợp- 10 nhân GPU,Apple,15.3,Retina
thegioididong,Laptop Asus Vivobook 14 A1405VA i3 1315U/8GB/512GB/Win11 (LY097W),Laptop Asus,http://www.thegioididong.com/laptop/asus-vivobook-14-a1405va-i3-ly097w,11490000.0,0,1,Intel Core i3 Raptor Lake - 1315U,Intel,8,DDR4,SSD,512 GB,Card tích hợp-Intel UHD Graphics,Intel,14,WUXGA
thegioididong,Laptop Dell Inspiron 14 5430 i5 1340P/16GB/512GB/4GB RTX2050/120Hz/OfficeHS/Win11 (N5430-i5P165W11SL2050),Laptop Dell,http://www.thegioididong.com/laptop/dell-inspiron-14-5430-i5-i5p165w11sl2050,27990000.0,0,1,Intel Core i5 Raptor Lake - 1340P,Intel,16,LPDDR5,SSD,512 GB,"Card rời- NVIDIA GeForce RTX 2050, 4 GB",Nvidia,14,Độ phân giải:QHD
thegioididong,Laptop Dell G15 5530 i7 13650HX/16GB/1TB/8GB RTX4060/165Hz/OfficeHS/Win11 (i7HX161W11GR4060),Laptop Dell,http://www.thegioididong.com/laptop/dell-g15-5530-i7-i7hx161w11gr4060,36990000.0,0,1,Intel Core i7 Raptor Lake - 13650HX,Intel,16,DDR5,SSD,1 TB,"Card rời- NVIDIA GeForce RTX 4060, 8 GB",Nvidia,15.6,Độ phân giải:Full HD
thegioididong,Laptop Samsung Galaxy Chromebook Go XE310XDA N4500/4GB/32GB/ChromeOS,Laptop Samsung,http://www.thegioididong.com/laptop/samsung-galaxy-chromebook-go-xe310xda-n4500,7990000.0,0,1,Intel Celeron- N4500,Intel,4,LPDDR4,,,Card tích hợp-Intel UHD Graphics,Intel,11.6,Độ phân giải:HD
thegioididong,Laptop HP Gaming VICTUS 16 s0140AX R7 7840HS/32GB/512GB/6GB RTX4050/144Hz/Win11 (9Q987PA),Laptop HP,http://www.thegioididong.com/laptop/hp-victus-16-s0140ax-r7-9q987pa,32490000.0,0,1,AMD Ryzen 7- 7840HS,AMD,32,DDR5,SSD,512 GB,"Card rời- NVIDIA GeForce RTX 4050, 6 GB",Nvidia,16.1,Độ phân giải:Full HD
thegioididong,Laptop HP Gaming VICTUS 16 s0138AX R7 7840HS/32GB/512GB/8GB RTX4070/144Hz/Win11 (9Q985PA),Laptop HP,http://www.thegioididong.com/laptop/hp-victus-16-s0138ax-r7-9q985pa,37990000.0,0,1,AMD Ryzen 7- 7840HS,AMD,32,DDR5,SSD,512 GB,"Card rời- NVIDIA GeForce RTX 4070, 8 GB",Nvidia,16.1,Độ phân giải:Full HD
thegioididong,Laptop HP OMEN 16 xf0070AX R9 7940HS/32GB/1TB/8GB RTX4070/240Hz/Win11 (8W945PA),Laptop HP,http://www.thegioididong.com/laptop/hp-omen-16-xf0070ax-r9-8w945pa,55990000.0,0,1,AMD Ryzen 9 - 7940HS,AMD,32,DDR5,SSD,1 TB,"Card rời- NVIDIA GeForce RTX 4070, 8 GB",Nvidia,16.1,Độ phân giải:QHD
thegioididong,Laptop Apple MacBook Pro 16 inch M3 Pro 36GB/1TB,Laptop MacBook,http://www.thegioididong.com/laptop/apple-macbook-pro-16-inch-m3-pro-2023-12-core-cpu-36gb-1tb,74990000.0,0,1,Apple M3 Pro - Hãng không công bố,Apple,36,,SSD,1 TB,Card tích hợp- 18 nhân GPU,Apple,16.2,Retina
thegioididong,Laptop Samsung Galaxy Chromebook Go XE340XDA N4500/4GB/32GB/ChromeOS,Laptop Samsung,http://www.thegioididong.com/laptop/samsung-galaxy-chromebook-go-xe340xda-n4500,8990000.0,0,1,Celeron - N4500,,4,LPDDR4,,,Card tích hợp-Intel UHD Graphics,Intel,14,Độ phân giải:HD
thegioididong,Laptop HP Elitebook 630 G11 Ultra 5 125U/16GB/512GB/Win11 (A7LL8PT),Laptop HP,http://www.thegioididong.com/laptop/hp-elitebook-630-g11-ultra-5-a7ll8pt,24990000.0,0,1,Intel Core Ultra 5 Meteor Lake - 125U,Intel,16,DDR5,SSD,512 GB,Card tích hợp- Intel Graphics,Intel,13.3,WUXGA
thegioididong,Laptop Apple MacBook Pro 14 inch Nano M4 Max 36GB/1TB,Laptop MacBook,http://www.thegioididong.com/laptop/macbook-pro-14-nano-m4-max-36-1t,83790000.0,0,1,Apple M4 Max - Hãng không công bố,Apple,36,,SSD,1 TB,Card tích hợp- 32 nhân GPU,Apple,14.2,Retina
thegioididong,Laptop Apple MacBook Pro 16 inch Nano M4 Max 36GB/1TB,Laptop MacBook,http://www.thegioididong.com/laptop/macbook-pro-16-nano-m4-max-36-1t,93790000.0,0,1,Apple M4 Max - Hãng không công bố,Apple,36,,SSD,1 TB,Card tích hợp- 32 nhân GPU,Apple,16.2,Retina
thegioididong,Laptop HP Gaming VICTUS 16 r0128TX i5 13450HX/16GB/512GB/144Hz/6GB RTX4050/Win11 (8C5N3PA),Laptop HP,http://www.thegioididong.com/laptop/hp-gaming-victus-16-r0128tx-i5-8c5n3pa,28290000.0,0,1,Intel Core i5 Raptor Lake - 13450HX,Intel,16,DDR5,SSD,512 GB,"Card rời- NVIDIA GeForce RTX 4050, 6 GB",Nvidia,16.1,Độ phân giải:Full HD
thegioididong,Laptop Dell Precision 15 3581 i7 13800H/32GB/1TB/4GB RTXA500/Win11 Pro (71024677),Laptop Dell,http://www.thegioididong.com/laptop/dell-precision-15-3581-i7-71024677,57290000.0,0,1,Intel Core i7 Raptor Lake - 13800H,Intel,32,DDR5,SSD,1 TB,"Card rời- NVIDIA GeForce RTX A500, 4 GB",Apple,15.6,Độ phân giải:Full HD
thegioididong,Laptop HP Elitebook 630 G10 i5 1335U/16GB/512GB/Touch/Win11 (9J0B5PT),Laptop HP,http://www.thegioididong.com/laptop/hp-elitebook-630-g10-i5-9j0b5pt,23290000.0,0,1,Intel Core i5 Raptor Lake - 1335U,Intel,16,DDR4,SSD,512 GB,Card tích hợp- Intel UHD Graphics (Iris Xe Graphics chỉ hoạt động với RAM kênh đôi),Intel,13.3,Độ phân giải:Full HD
thegioididong,Laptop HP Gaming VICTUS 16 r0228TX i5 13500H/32GB/512GB/6GB RTX4050/144Hz/Win11 (9Q979PA),Laptop HP,http://www.thegioididong.com/laptop/hp-victus-16-r0228tx-i5-9q979pa,30990000.0,0,1,Intel Core i5 Raptor Lake - 13500H,Intel,32,DDR5,SSD,512 GB,"Card rời- NVIDIA GeForce RTX 4050, 6 GB",Nvidia,16.1,Độ phân giải:Full HD
thegioididong,Laptop HP Gaming VICTUS 16 r0227TX i5 13500H/32GB/512GB/8GB RTX4060/144Hz/Win11 (9Q978PA),Laptop HP,http://www.thegioididong.com/laptop/hp-victus-16-r0227tx-i5-9q978pa,32490000.0,0,1,Intel Core i5 Raptor Lake - 13500H,Intel,32,DDR5,SSD,512 GB,"Card rời- NVIDIA GeForce RTX 4060, 8 GB",Nvidia,16.1,Độ phân giải:Full HD
thegioididong,Laptop HP OMEN 16 xf0071AX R7 7840HS/32GB/1TB/8GB RTX4060/240Hz/Win11 (8W946PA),Laptop HP,http://www.thegioididong.com/laptop/hp-omen-16-xf0071ax-r7-8w946pa,51990000.0,0,1,AMD Ryzen 7- 7840HS,AMD,32,DDR5,SSD,1 TB,"Card rời- NVIDIA GeForce RTX 4060, 8 GB",Nvidia,16.1,Độ phân giải:QHD
thegioididong,Laptop MSI Creator Z17 HX Studio A14VGT i7 14700HX/32GB/2TB/8GB RTX4070/165Hz/Touch/Pen/Balo/Win11 (272VN),Laptop MSI,http://www.thegioididong.com/laptop/msi-creator-z17-hx-studio-a14vgt-i7-272vn,65990000.0,0,1,Intel Core i7 Raptor Lake - 14700HX,Intel,32,DDR5,SSD,2 TB,"Card rời- NVIDIA GeForce RTX 4070, 8 GB",Nvidia,17,Độ phân giải:QHD
thegioididong,Laptop HP Probook 460 G11 Ultra 7 155U/16GB/512GB/Win11 (A74C0PT),Laptop HP,http://www.thegioididong.com/laptop/hp-probook-460-g11-ultra-7-a74c0pt,26990000.0,0,1,Intel Core Ultra 7 Meteor Lake - 155U,Intel,16,DDR5,SSD,512 GB,Card tích hợp- Intel Graphics,Intel,16,WUXGA
thegioididong,Laptop Lenovo Gaming Legion Pro 7 16IRX9H i9 14900HX/32GB/1TB/16GB RTX4090/240Hz/Win11 (83DE001MVN),Laptop Lenovo,http://www.thegioididong.com/laptop/lenovo-legion-pro-7-16irx9h-i9-83de001mvn,106990000.0,0,1,Intel Core i9 Raptor Lake - 14900HX,Intel,32,DDR5,SSD,1 TB,"Card rời- NVIDIA GeForce RTX 4090, 16 GB",Nvidia,16,
thegioididong,Laptop MSI Modern 15 B12MO i5 1235U/16GB/512GB/Win11 (628VN),Laptop MSI,http://www.thegioididong.com/laptop/msi-modern-15-b12mo-i5-628vn,12290000.0,0,1,Intel Core i5 Alder Lake- 1235U,Intel,16,DDR4,SSD,512 GB,Card tích hợp-Intel Iris Xe Graphics,Intel,15.6,Độ phân giải:Full HD
thegioididong,Laptop MSI Gaming Katana A15 AI B8VG R9 8945HS/16GB/1TB/8GB RTX4070/144Hz/Balo/Lót chuột/Chuột/Win11 (466VN),Laptop MSI,http://www.thegioididong.com/laptop/msi-katana-a15-ai-b8vg-r9-466vn,38990000.0,0,1,AMD Ryzen 9 - 8945HS,AMD,16,DDR5,SSD,1 TB,"Card rời- NVIDIA GeForce RTX 4070, 8 GB",Nvidia,15.6,Độ phân giải:Full HD
thegioididong,Laptop Lenovo Thinkpad X13 Ultra 7 155H/32GB/1TB/Touch/Win11 Pro (21LU004LVN),Laptop Lenovo,http://www.thegioididong.com/laptop/lenovo-thinkpad-x13-ultra-7-21lu004lvn,44990000.0,0,1,Intel Core Ultra 7 Meteor Lake - 155H,Intel,32,,SSD,1 TB,Card tích hợp- Intel Arc Graphics,Intel,13.3,WUXGA
thegioididong,Laptop Lenovo Gaming LOQ 15ARP9 R7 7435HS/24GB/512GB/8GB RTX4060/144Hz/Win11 (83JC003YVN),Laptop Lenovo,http://www.thegioididong.com/laptop/lenovo-loq-15iax9-i5-83jc003yvn,26990000.0,0,1,AMD Ryzen 7- 7435HS,AMD,24,,SSD,512 GB,"Card rời- NVIDIA GeForce RTX 4060, 8 GB",Nvidia,15.6,Độ phân giải:Full HD
thegioididong,Laptop Asus TUF Gaming A14 FA401WV R9 AI HX 370/32GB/1TB/8GB RTX4060/165Hz/OfficeHS/Balo/Win11 (RG061WS),Laptop Asus,http://www.thegioididong.com/laptop/asus-fa401wv-r9-ai-hx-370-rg061ws,45990000.0,0,1,AMD Ryzen AI 9 - HX 370,AMD,32,,SSD,1 TB,"Card rời- NVIDIA GeForce RTX 4060, 8 GB",Nvidia,14,
thegioididong,Laptop Dell Inspiron 15 3530 i7 1355U/16GB/512GB/120Hz/OfficeHS/Win11 (N5I7240W1),Laptop Dell,http://www.thegioididong.com/laptop/dell-inspiron-15-3530-i7-n5i7240w1,21490000.0,0,1,Intel Core i7 Raptor Lake - 1355U,Intel,16,DDR4,SSD,512 GB,Card tích hợp-Intel Iris Xe Graphics,Intel,15.6,Độ phân giải:Full HD
thegioididong,Laptop HP Elitebook X360 830 G11 Ultra 5 135U/16GB/512GB/Touch/Pen/Win11 Pro (A7RB9PT),Laptop HP,http://www.thegioididong.com/laptop/hp-elitebook-x360-830-g11-ultra-5-a7rb9pt,43790000.0,0,1,Intel Core Ultra 5 Meteor Lake - 135U,Intel,16,LPDDR5,SSD,512 GB,Card tích hợp- Intel Graphics,Intel,13.3,WUXGA
thegioididong,Laptop HP Elitebook X360 830 G11 Ultra 7 165U/16GB/512GB/Touch/Pen/Win11 Pro (A7RC0PT),Laptop HP,http://www.thegioididong.com/laptop/hp-elitebook-x360-830-g11-ultra-7-a7rc0pt,48790000.0,0,1,Intel Core Ultra 7 Meteor Lake - 165U,Intel,16,LPDDR5,SSD,512 GB,Card tích hợp- Intel Graphics,Intel,13.3,WUXGA
thegioididong,Laptop HP Envy X360 14 fa0097AU R5 8640HS/16GB/512GB/Touch/Pen/Office365/Win11 (AY8U7PA),Laptop HP,http://www.thegioididong.com/laptop/hp-envy-x360-14-fa0097au-r5-ay8u7pa,27390000.0,0,1,AMD Ryzen 5- 8640HS,AMD,16,LPDDR5,SSD,512 GB,Card tích hợp- AMD Radeon Graphics,AMD,14,2.8K
thegioididong,Laptop HP Envy X360 14 fc0153TU Ultra 7 155U/32GB/512GB/Touch/Pen/Office365/Win11 (AY8V4PA),Laptop HP,http://www.thegioididong.com/laptop/hp-envy-x360-14-fc0153tu-ultra-7-ay8v4pa,33290000.0,0,1,Intel Core Ultra 7 Meteor Lake - 155U,Intel,32,,SSD,512 GB,Card tích hợp- Intel Graphics,Intel,14,2.8K
thegioididong,Laptop MacBook Pro 14 inch M4 Pro 48GB/1TB,Laptop MacBook,http://www.thegioididong.com/laptop/macbook-pro-14-inch-m4-pro-48gb-1tb,64990000.0,0,1,Apple M4 Pro - Hãng không công bố,Apple,48,,SSD,1 TB,Card tích hợp- 16 nhân GPU,Apple,14.2,Retina
thegioididong,Laptop Apple MacBook Pro 16 inch M4 Pro 24GB/512GB,Laptop MacBook,http://www.thegioididong.com/laptop/macbook-pro-16-inch-m4-pro-24gb-512gb,64990000.0,0,1,Apple M4 Pro - Hãng không công bố,Apple,24,,SSD,512 GB,Card tích hợp- 20 nhân GPU,Apple,16.2,Retina
thegioididong,Laptop Apple MacBook Pro 16 inch M4 Pro 24GB/1TB,Laptop MacBook,http://www.thegioididong.com/laptop/macbook-pro-16-inch-m4-pro-24gb-1tb,69990000.0,0,1,Apple M4 Pro - Hãng không công bố,Apple,24,,SSD,1 TB,Card tích hợp- 20 nhân GPU,Apple,16.2,Retina
thegioididong,Laptop MacBook Air 15 inch M3 24GB/512GB,Laptop MacBook,http://www.thegioididong.com/laptop/macbook-air-15-inch-m3-24gb-512gb?utm_flashsale=1,42990000.0,0,1,Apple M3 - Hãng không công bố,Apple,24,,SSD,512 GB,Card tích hợp- 10 nhân GPU,Apple,15.3,Retina
thegioididong,Laptop MacBook Air 13 inch M2 24GB/512GB,Laptop MacBook,http://www.thegioididong.com/laptop/macbook-air-13-m2-24gb-512gb,34990000.0,0,1,Apple M2- Hãng không công bố,Apple,24,,SSD,512 GB,Card tích hợp- 8 nhân GPU,Apple,13.6,Retina
thegioididong,Laptop HP OMEN Transcend 14 fb0135TX Ultra 7 155H/16GB/1TB/8GB RTX4060/120Hz/Win11 (AY8V1PA),Laptop HP,http://www.thegioididong.com/laptop/hp-omen-14-fb0135tx-ultra-7-ay8v1pa,65790000.0,0,1,Intel Core Ultra 7 Meteor Lake - 155H,Intel,16,LPDDR5,SSD,1 TB,"Card rời- NVIDIA GeForce RTX 4060, 8 GB",Nvidia,14,2.8K
thegioididong,Laptop Lenovo IdeaPad 5 2in1 14Q8X9 X1P 42 100/16GB/512GB/Touch/Win11 (83GH001FVN),Laptop Lenovo,http://www.thegioididong.com/laptop/lenovo-ideapad-5-2in1-14q8x9-x1p-42-100-83gh001fvn,25990000.0,0,1,Snapdragon X Plus - X1P 42 100,Qualcomm,16,LPDDR5,SSD,512 GB,Card tích hợp- Qualcomm Adreno GPU,Apple,14,WUXGA
thegioididong,Laptop Lenovo IdeaPad Flex 5 14ABR8 R7 7730U/16GB/512GB/Touch/Win11 (82XX00DLVN),Laptop Lenovo,http://www.thegioididong.com/laptop/lenovo-ideapad-flex-5-14abr8-r7-7730u-82xx00dlvn,18990000.0,0,1,AMD Ryzen 7- 7730U,AMD,16,LPDDR4,SSD,512 GB,Card tích hợp- AMD Radeon Graphics,AMD,14,WUXGA
thegioididong,Laptop Lenovo Gaming LOQ 15IRX9 i7 13650HX/24GB/512GB/6GB RTX4050/144Hz/Win11 (83DV00UGVN),Laptop Lenovo,http://www.thegioididong.com/laptop/lenovo-loq-15irx9-i7-83dv00ugvn,32990000.0,0,1,Intel Core i7 Raptor Lake - 13650HX,Intel,24,,SSD,512 GB,"Card rời- NVIDIA GeForce RTX 4050, 6 GB",Nvidia,15.6,Độ phân giải:Full HD
thegioididong,Laptop Lenovo ThinkBook 14 G7 Ultra 7 155U/32GB/1TB/Win11 (21MR0070VN),Laptop Lenovo,http://www.thegioididong.com/laptop/lenovo-thinkbook-14-g7-ultra-7-21mr0070vn,30090000.0,0,1,Intel Core Ultra 7 Meteor Lake - 155U,Intel,32,DDR5,SSD,1 TB,Card tích hợp- Intel Graphics,Intel,14,WUXGA
thegioididong,Laptop Lenovo ThinkBook 16 G7 Ultra 7 155U/32GB/1TB/Win11 (21MS007HVN),Laptop Lenovo,http://www.thegioididong.com/laptop/lenovo-thinkbook-16-g7-ultra-7-21ms007hvn,30390000.0,0,1,Intel Core Ultra 7 Meteor Lake - 155U,Intel,32,DDR5,SSD,1 TB,Card tích hợp- Intel Graphics,Intel,16,WUXGA
thegioididong,Laptop Lenovo ThinkPad E14 Ultra 7 155H/16GB/512GB/Win11 (21M7004YVN),Laptop Lenovo,http://www.thegioididong.com/laptop/lenovo-thinkpad-e14-ultra-7-21m7004yvn,28890000.0,0,1,Intel Core Ultra 7 Meteor Lake - 155H,Intel,16,DDR5,SSD,512 GB,Card tích hợp- Intel Arc Graphics,Intel,14,WUXGA
thegioididong,Laptop Lenovo ThinkPad E16 Ultra 5 125U/32GB/1TB/Win11 (21MA0049VN),Laptop Lenovo,http://www.thegioididong.com/laptop/lenovo-thinkpad-e16-ultra-5-21ma0049vn,26590000.0,0,1,Intel Core Ultra 5 Meteor Lake - 125U,Intel,32,DDR5,SSD,1 TB,Card tích hợp- Intel Graphics,Intel,16,WUXGA
thegioididong,Laptop Lenovo ThinkPad X1 Carbon Ultra 7 155H/32GB/1TB/Win11 Pro (21KC008NVN),Laptop Lenovo,http://www.thegioididong.com/laptop/lenovo-thinkpad-x1-carbon-ultra-7-21kc008nvn,56390000.0,0,1,Intel Core Ultra 7 Meteor Lake - 155H,Intel,32,,SSD,1 TB,Card tích hợp- Intel Arc Graphics,Intel,14,WUXGA
thegioididong,Laptop Lenovo ThinkPad X1 Carbon Ultra 7 155H/32GB/1TB/120Hz/Touch/Win11 Pro (21KC008SVN),Laptop Lenovo,http://www.thegioididong.com/laptop/lenovo-thinkpad-x1-carbon-ultra-7-21kc008svn,60190000.0,0,1,Intel Core Ultra 7 Meteor Lake - 155H,Intel,32,,SSD,1 TB,Card tích hợp- Intel Arc Graphics,Intel,14,2.8K
thegioididong,Laptop Lenovo ThinkPad X1 Carbon Ultra 7 165U/64GB/1TB/120Hz/Win11 Pro (21KC00AGVN),Laptop Lenovo,http://www.thegioididong.com/laptop/lenovo-thinkpad-x1-carbon-ultra-7-21kc00agvn,65390000.0,0,1,Intel Core Ultra 7 Meteor Lake - 165U,Intel,64,,SSD,1 TB,Card tích hợp- Intel Graphics,Intel,14,2.8K
thegioididong,Laptop Lenovo Yoga 7 2in1 14IML9 Ultra 5 125H/16GB/512GB/Touch/Office/Win11 (83DJ00DMVN),Laptop Lenovo,http://www.thegioididong.com/laptop/lenovo-yoga-7-2in1-14iml9-ultra-5-83dj00dmvn,26990000.0,0,1,Intel Core Ultra 5 Meteor Lake - 125H,Intel,16,LPDDR5,SSD,512 GB,Card tích hợp- Intel Arc Graphics,Intel,14,WUXGA
thegioididong,Laptop Apple MacBook Pro 16 inch Nano M4 Pro 24GB/512GB,Laptop MacBook,http://www.thegioididong.com/laptop/macbook-pro-16-nano-m4-pro-24-512,68790000.0,0,1,Apple M4 Pro - Hãng không công bố,Apple,24,,SSD,512 GB,Card tích hợp- 20 nhân GPU,Apple,16.2,Retina
thegioididong,Laptop Acer Nitro V 16 ProPanel ANV16 41 R6ZY R5 8645HS/16GB/512GB/6GB RTX3050/165Hz/Win11 (NH.QP2SV.002),Laptop Acer,http://www.thegioididong.com/laptop/acer-nitro-v-16-propanel-anv16-41-r6zy-r5-nhqp2sv002,25990000.0,0,1,AMD Ryzen 5- 8645HS,AMD,16,DDR5,SSD,512 GB,"Card rời- NVIDIA GeForce RTX 3050, 6 GB",Nvidia,16,WUXGA
