brand,price,old,new,cpu,cpu_brand,ram_capacity,ram_brand,hard_drive_type,hard_drive_capacity,card,card_brand,screen_size,screen_type
Dell,15990000.0,0,1,Intel Core i5 1340P,Intel,16.0,LPDDR5,SSD,512GB,Intel Iris Xe Graphics,Intel,16,FHD
Lenovo,27990000.0,0,1,Intel Core i7 1365U,Intel,16.0,LPDDR5,SSD,256GB,Intel Iris Xe Graphics,Intel,14,FHD
Dell,15990000.0,0,1,Intel Core i5 1340P,Intel,16.0,LPDDR5,SSD,512GB,Intel Iris Xe Graphics,Intel,14,FHD
Lenovo,17990000.0,0,1,AMD Ryzen 7 7735H,AMD,16.0,LPDDR5,SSD,512GB,AMD Radeon 680M,AMD,14,3K
Microsoft,26990000.0,0,1,Intel Core i7-1255U,Intel,16.0,LPDDR5,SSD,256GB,Intel Iris Xe Graphics,Intel,13,3K
Lenovo,31390000.0,0,1,Intel Core i7 1280P,Intel,32.0,LPDDR5,SSD,512GB,Intel Iris Xe Graphics,Intel,13,2K
Dell,52990000.0,0,1,Intel Core i7-1360P,Intel,32.0,LPDDR5,SSD,1TB,Intel Iris Xe Graphics,Intel,13.4,4K
Dell,16990000.0,0,1,Intel Core i5-1230U,Intel,8.0,LPDDR5,SSD,512GB,Intel Iris Xe Graphics,Intel,13.4,FHD
Dell,16790000.0,0,1,Intel Core i7 12700H,Intel,16.0,DDR5,SSD,512GB,Intel Iris Xe Graphics,Intel,14,2K
Macbook,28990000.0,0,1,Apple M2,Apple,8.0,LPDDR5,SSD,256GB,Apple GPU,Apple,13.4,2.5K
Dell,24990000.0,0,1,Intel Core i7-11850H,Intel,16.0,DDR4,SSD,1TB,Quadro RTX A2000 4GB,Quadro,15.6,FHD
Lenovo,12190000.0,0,1,Intel Core i5-10310U,Intel,16.0,LPDDR3,SSD,256GB,Intel UHD 620,Intel,14,FHD
Lenovo,16990000.0,0,1,Intel Core i7 1160G7,Intel,16.0,LPDDR4X,SSD,256GB,Intel Iris Xe Graphics,Intel,13,2K
Lenovo,16390000.0,0,1,Intel Core i5 1145G7,Intel,16.0,LPDDR4X,SSD,256GB,Intel Iris Xe Graphics,Intel,14,FHD
Lenovo,9990000.0,0,1,Intel Core i5 8365U,Intel,16.0,LPDDR3,SSD,512GB,Intel UHD Graphics,Intel,14,FHD
Lenovo,17990000.0,0,1,Intel Core i7-1255U,Intel,16.0,DDR4,SSD,512GB,Intel UHD Graphics,Intel,16,FHD
Lenovo,29990000.0,0,1,Intel Core i7 12700H,Intel,16.0,DDR5,SSD,512GB,Quadro RTX A1000 4GB,Quadro,16,4K
Lenovo,17990000.0,0,1,Intel Core i7 1185G7,Intel,32.0,LPDDR4X,SSD,512GB,Intel Iris Xe Graphics,Intel,14,FHD
Acer,20790000.0,0,1,Intel Core i7 12650H,Intel,16.0,DDR4,SSD,1TB,Geforce RTX 4050 6GB,Geforce,15.6,FHD
Microsoft,10790000.0,0,1,Intel Core i5 1135G7,Intel,8.0,LPDDR4X,SSD,128GB,Intel Iris Xe Graphics,Intel,12.3,3K
Lenovo,14990000.0,0,1,Intel Core i7 1265U,Intel,16.0,LPDDR4,SSD,256GB,Intel Iris Xe Graphics,Intel,14,FHD
Lenovo,13690000.0,0,1,Intel Core i7 1185G7,Intel,16.0,LPDDR4X,SSD,256GB,Intel Iris Xe Graphics,Intel,13,FHD
Dell,9990000.0,0,1,Intel Core i5 1135G7,Intel,16.0,DDR4,SSD,512GB,Intel Iris Xe Graphics,Intel,15.6,FHD
Lenovo,19990000.0,0,1,Intel Core i7 10850H,Intel,32.0,DDR4,SSD,1TB,Geforce GTX 1650Ti Max-Q 4GB,Geforce,15.6,FHD
Lenovo,28690000.0,0,1,Intel Core i7-11850H,Intel,32.0,DDR4,SSD,512GB,NVIDIA GeForce RTX 3070 8GB,NVIDIA,16,4K
Lenovo,24990000.0,0,1,Intel Core i7-11850H,Intel,32.0,DDR4,SSD,1TB,Quadro T1200M 4GB,Quadro,16,4K
Lenovo,10390000.0,0,1,Intel Core i7 10510U,Intel,16.0,DDR4,SSD,256GB,Intel UHD Graphics,Intel,14,FHD
Dell,18990000.0,0,1,Intel Core i5 1245U,Intel,16.0,LPDDR5,SSD,256GB,Intel Iris Xe graphics,Intel,14,2.5K
Dell,26990000.0,0,1,Intel Core i7-1250U,Intel,16.0,LPDDR4X,SSD,512GB,Intel Iris Xe Graphics,Intel,13,3K
Lenovo,16390000.0,0,1,AMD Ryzen 7 6800H,AMD,16.0,LPDDR5,SSD,512GB,AMD Radeon 660M Graphics,AMD,14,3K
Lenovo,28790000.0,0,1,Intel Core i7 12700H,Intel,16.0,DDR5,SSD,256GB,GeForce RTX 3050Ti 4GB,GeForce,16,4K
Dell,14990000.0,0,1,Intel Core i7 1265U,Intel,32.0,DDR4,SSD,256GB,Intel Iris Xe Graphics,Intel,14,FHD
Dell,29990000.0,0,1,Intel Xeon W-11855M,Intel,32.0,DDR4,SSD,1TB,Nvidia Quadro RTX A4000 8GB,Nvidia,15.6,FHD
Dell,16990000.0,0,1,Intel Core i7 1185G7,Intel,16.0,LPDDR4X,SSD,256GB,Intel Iris Xe,Intel,14,2.5K
Lenovo,14790000.0,0,1,Intel Core i7 1265U,Intel,16.0,LPDDR5,SSD,256GB,Intel Iris Xe Graphics,Intel,13.3,FHD
Lenovo,12390000.0,0,1,AMD Ryzen 7 5825U,AMD,16.0,DDR4,SSD,512GB,AMD Radeon Series-roi,AMD,15.6,FHD
Lenovo,23390000.0,0,1,Intel Core i7-12700H,Intel,16.0,DDR5,SSD,512GB,NVIDIA T1200M 4GB,NVIDIA,15.6,FHD
Lenovo,19990000.0,0,1,Intel Core i7 12700H,Intel,32.0,LPDDR5,SSD,1TB,Arc A370M 4GB,Arc,16,2.5K
Lenovo,18490000.0,0,1,Intel Core i7 1160G7,Intel,16.0,LPDDR4X,SSD,512GB,Intel Iris Xe Graphics,Intel,12.3,FHD
Lenovo,14390000.0,0,1,AMD Ryzen 5 8640HS,AMD,8.0,LPDDR5,SSD,512GB,AMD Radeon 760M Graphics,AMD,14,FHD
LG,36990000.0,0,1,Intel Core Ultra 7 155H,Intel,32.0,LPDDR5,SSD,2TB,Intel Arc graphics,Intel,16,2.5K
Lenovo,22990000.0,0,1,AMD Ryzen 7 8745H,AMD,24.0,LPDDR5X,SSD,1TB,AMD Radeon 780M,AMD,16,2.5K
Lenovo,22790000.0,0,1,Intel Core i7-1360P,Intel,16.0,LPDDR5X,SSD,512GB,Intel UHD Graphics,Intel,14,FHD
Macbook,17990000.0,0,1,Intel Core i9-9880H,Intel,16.0,DDR4,SSD,1TB,AMD Radeon 5500M 4GB,AMD,16,3K
Asus,15490000.0,0,1,Intel Core Ultra 5 125H,Intel,8.0,LPDDR5,SSD,512GB,Intel Arc Graphics,Intel,14,FHD
Dell,16990000.0,0,1,AMD Ryzen 7 8840HS,AMD,16.0,DDR5,SSD,512GB,AMD Radeon 780M,AMD,14,2K
Dell,13990000.0,0,1,Intel Core i7-1270P,Intel,16.0,LPDDR5,SSD,512GB,Intel Iris Xe Graphics eligible,Intel,15.6,FHD
Acer,17990000.0,0,1,Intel Core Ultra 7 155H,Intel,16.0,LPDDR5X,SSD,1TB,Intel ARC Graphics,Intel,14,FHD
Dell,36990000.0,0,1,Snapdragon X Elite,Qualcomm,16.0,LPDDR5X,SSD,512GB,Qualcomm Adreno GPU,Qualcomm,13.4,FHD
Lenovo,17290000.0,0,1,Intel Core i7-10750H,Intel,16.0,DDR4,SSD,512GB,Nvidia Quadro T1000 4GB,Nvidia,15.6,FHD
Lenovo,24790000.0,0,1,Intel Core i7 12700H,Intel,16.0,LPDDR5,SSD,512GB,Geforce RTX 3050 4GB,Geforce,14.5,3K
Acer,26590000.0,0,1,Intel Core Ultra 7 155H,Intel,16.0,LPDDR5X,SSD,512GB,Intel Arc Graphics,Intel,14,FHD
Asus,50990000.0,0,1,AMD Ryzen 9 8945HS,AMD,32.0,LPDDR5X,SSD,512GB,RTX 4050 6GB,RTX,14,3K
Asus,63990000.0,0,1,Intel Core Ultra 9 185H,Intel,32.0,LPDDR5X,SSD,1TB,RTX 4060 8GB,RTX,16,2.5K
Acer,18490000.0,0,1,Intel Core Ultra 5 125U,Intel,16.0,DDR5,SSD,512GB,Intel Arc Graphics,Intel,14,FHD
Lenovo,19390000.0,0,1,Intel Core Ultra 5 125U,Intel,16.0,DDR5,SSD,512GB,Intel Graphics,Intel,14,FHD
Acer,46990000.0,0,1,Intel Core Ultra 7 155H,Intel,32.0,LPDDR5,SSD,1TB,RTX 4060 8GB,RTX,14.5,3K
Acer,46590000.0,0,1,Intel Core i7-14650HX,Intel,16.0,DDR5,SSD,1TB,RTX 4060 8GB,RTX,16,FHD
Acer,35990000.0,0,1,Intel Core i5-13500HX,Intel,16.0,DDR5,SSD,512GB,RTX 4060 8GB,RTX,16,FHD
Acer,26990000.0,0,1,Intel Core Ultra 7 155H,Intel,16.0,LPDDR5,SSD,512GB,Intel Arc Graphics,Intel,14,FHD
Acer,25990000.0,0,1,AMD Ryzen 7 8845HS,AMD,16.0,DDR5,SSD,512GB,RTX 3050 6GB,RTX,16,FHD
Asus,54990000.0,0,1,AMD Ryzen 9 8945HS,AMD,32.0,LPDDR5X,SSD,1TB,RTX 4060 8GB,RTX,14,3K
Lenovo,19990000.0,0,1,Intel Core i5-1350P,Intel,16.0,LPDDR5X,SSD,512GB,Quadro RTX A500 4GB,Quadro,16,FHD
Acer,35990000.0,0,1,Intel Core i9 14900HX,Intel,16.0,DDR5,SSD,1TB,NVIDIA GeForce RTX 4060 8GB GDDR6,NVIDIA,16,FHD
Asus,22390000.0,0,1,Intel Core i9-13900H,Intel,16.0,DDR4,SSD,512GB,Intel Iris Xe Graphics,Intel,15.6,3K
Asus,17790000.0,0,1,Intel Core i5-13500H,Intel,16.0,DDR4,SSD,512GB,Intel Iris Xe Graphics,Intel,15.6,3K
Asus,15790000.0,0,1,Intel Core i5-12500H,Intel,16.0,DDR4,SSD,512GB,Intel Iris Xe Graphics,Intel,14,3K
Asus,22990000.0,0,1,Intel Core i5-12500H,Intel,16.0,DDR4,SSD,512GB,RTX 4050 6GB,RTX,16,FHD
Asus,16990000.0,0,1,Intel Core i5-12500H,Intel,16.0,DDR4,SSD,512GB,RTX 2050 4GB,RTX,16,FHD
Lenovo,14190000.0,0,1,Intel Core i5-12450H,Intel,16.0,DDR5,SSD,512GB,Intel UHD Graphics,Intel,14,FHD
Lenovo,79990000.0,0,1,Intel Core i9-14900HX,Intel,32.0,DDR5,SSD,1TB,RTX 4080 12GB,RTX,16,FHD
Lenovo,39990000.0,0,1,Intel Core i7-14650HX,Intel,16.0,DDR5,SSD,1TB,RTX 4060 8GB,RTX,16,FHD
Lenovo,32990000.0,0,1,Intel Core Ultra 7 155H,Intel,16.0,DDR5,SSD,512GB,Intel Arc Graphics,Intel,16,FHD
Lenovo,29490000.0,0,1,Intel Core i7-13650HX,Intel,16.0,DDR5,SSD,512GB,RTX 4050 6GB,RTX,15.6,FHD
Lenovo,25490000.0,0,1,Intel Core Ultra 7 155H,Intel,32.0,LPDDR5,SSD,512GB,Intel Arc Graphics,Intel,16,FHD
Lenovo,21790000.0,0,1,Intel Core Ultra 5 125H,Intel,16.0,LPDDR5,SSD,512GB,Intel Arc Graphics,Intel,16,FHD
Lenovo,19990000.0,0,1,Intel Core 5 120U,Intel,32.0,LPDDR5X,SSD,512GB,Intel Graphics,Intel,15.3,FHD
Lenovo,78990000.0,0,1,Intel Core Ultra 7 258V,Intel,32.0,LPDDR5X,SSD,1TB,Intel Arc Xe2 GPU,Intel,14,3K
Lenovo,34990000.0,0,1,Intel Ultra 7 155U,Intel,16.0,LPDDR5X,SSD,512GB,Intel Arc Graphics,Intel,13.3,FHD
Lenovo,51990000.0,0,1,Intel Core Ultra 7 155H,Intel,16.0,LPDDR5X,SSD,512GB,Intel Arc Graphics,Intel,14,FHD
Lenovo,50490000.0,0,1,Intel Core Ultra 5 125H,Intel,32.0,LPDDR5X,SSD,1TB,Intel Arc Graphics,Intel,14,FHD
Lenovo,18990000.0,0,1,Intel Core i5-13420H,Intel,16.0,DDR4,SSD,512GB,Intel UHD Graphics,Intel,14,FHD
Dell,23490000.0,0,1,Intel Core Ultra 7 155H,Intel,16.0,LPDDR5X,SSD,1TB,Intel Arc Graphics,Intel,16,FHD
Asus,14390000.0,0,1,AMD Ryzen7 7730U,AMD,16.0,DDR4,SSD,1TB,AMD Radeon Graphics,AMD,15.6,FHD
Lenovo,11990000.0,0,1,Intel Core i5-12450H,Intel,8.0,LPDDR5,SSD,512GB,Intel UHD Graphics,Intel,14,FHD
Asus,44990000.0,0,1,Intel Core Ultra 7 258V,Intel,32.0,LPDDR5X,SSD,1TB,Intel Arc Graphics,Intel,14,3K
Asus,26390000.0,0,1,Intel Core Ultra 7 155H,Intel,16.0,LPDDR5,SSD,512GB,Intel Arc Graphics,Intel,16,3.5K
Asus,24590000.0,0,1,Core Ultra 5 125H,Intel,16.0,LPDDR5,SSD,512GB,Intel Arc Graphics,Intel,14,3K
Lenovo,47990000.0,0,1,Intel Core Ultra 9 185H,Intel,32.0,DDR5,SSD,1TB,RTX A3000 8GB,RTX,16,FHD
Asus,32990000.0,0,1,AMD Ryzen 9 HX 370,AMD,32.0,LPDDR5X,SSD,1TB,AMD Radeon Graphics,AMD,14,3K
Asus,33990000.0,0,1,Snapdragon X Elite X1E 78 100 Processor,Qualcomm,32.0,LPDDR5X,SSD,1TB,Qualcomm Adreno GPU,Qualcomm,15.6,3K
Asus,20990000.0,0,1,Intel Core i5-12500H,Intel,16.0,DDR4,SSD,512GB,RTX 2050 4GB,RTX,16,3.5K
Asus,19790000.0,0,1,Intel Core i7-13700H,Intel,16.0,DDR4,SSD,512GB,Intel Iris Xe Graphics,Intel,15.6,3K
Lenovo,17990000.0,0,1,Intel Core i5-13420H,Intel,16.0,DDR5,SSD,512GB,Intel UHD Graphics,Intel,14,FHD
Lenovo,16990000.0,0,1,Intel Core i5-13420H,Intel,16.0,DDR5,SSD,512GB,Intel UHD Graphics,Intel,14,FHD
Lenovo,15790000.0,0,1,AMD Ryzen 5 7530U,AMD,16.0,DDR4,SSD,512GB,AMD Radeon Graphics,AMD,14,FHD
Lenovo,21490000.0,0,1,AMD Ryzen 5 7235HS,AMD,12.0,DDR5,SSD,512GB,RTX 3050 6GB,RTX,15.6,FHD
Lenovo,24990000.0,0,1,AMD Ryzen 7 7435HS,AMD,12.0,DDR5,SSD,512GB,RTX 4050 6GB,RTX,15.6,FHD
Lenovo,29990000.0,0,1,Intel Core i5-13500H,Intel,16.0,DDR5,SSD,512GB,RTX 4050 6GB,RTX,16,FHD
Acer,20990000.0,0,1,AMD Ryzen 5 7535HS,AMD,16.0,DDR5,SSD,512GB,RTX 2050 4GB,RTX,15.6,FHD
Lenovo,14790000.0,0,1,AMD Ryzen 7 7730U,AMD,16.0,DDR4,SSD,512GB,AMD Radeon Graphics,AMD,15.6,FHD
Lenovo,15590000.0,0,1,Intel Core i5-12450H,Intel,16.0,LPDDR5,SSD,512GB,Intel UHD Graphics,Intel,14,FHD
Lenovo,14990000.0,0,1,Intel Core i5-12450H,Intel,16.0,LPDDR5,SSD,1TB,Intel UHD Graphics,Intel,14,FHD
Lenovo,51990000.0,0,1,Intel Core Ultra 7 155H,Intel,32.0,LPDDR5X,SSD,1TB,Intel Arc Graphics,Intel,14,FHD
Lenovo,55990000.0,0,1,Intel Core Ultra 7 155H,Intel,32.0,LPDDR5X,SSD,1TB,Intel Arc Graphics,Intel,14,FHD
Lenovo,27990000.0,0,1,Intel Core Ultra 5 125H,Intel,16.0,DDR5,SSD,512GB,Intel Iris Xe Graphics,Intel,16,FHD
Lenovo,33290000.0,0,1,Intel Core Ultra 7 155U,Intel,16.0,DDR5,SSD,512GB,Intel Graphics,Intel,14,FHD
Lenovo,33490000.0,0,1,Intel Core Ultra 7 155H,Intel,16.0,DDR5,SSD,512GB,Intel Arc Graphics,Intel,14,FHD
Lenovo,28490000.0,0,1,Intel Core Ultra 5 125U,Intel,16.0,DDR5,SSD,512GB,Intel Graphics,Intel,14,FHD
Lenovo,17190000.0,0,1,Intel Core i5-13420H,Intel,16.0,DDR5,SSD,512GB,Intel UHD Graphics,Intel,16,FHD
Lenovo,20990000.0,0,1,AMD Ryzen 7 7730U,AMD,32.0,DDR4,SSD,1TB,AMD Radeon Graphics,AMD,16,FHD
Lenovo,21990000.0,0,1,Intel Core Ultra 5 125U,Intel,16.0,DDR5,SSD,1TB,Intel Graphics,Intel,14,FHD
Lenovo,17290000.0,0,1,Intel Core i5-12450H,Intel,16.0,LPDDR5,SSD,1TB,Intel UHD Graphics,Intel,16,FHD
Lenovo,22590000.0,0,1,AMD Ryzen 7 8845HS,AMD,16.0,LPDDR5X,SSD,512GB,AMD Radeon 780M,AMD,14,FHD
Lenovo,24890000.0,0,1,Qualcomm Snapdragon X Plus X1P-42-100,Qualcomm,16.0,LPDDR5X,SSD,512GB,Qualcomm Adreno GPU,Qualcomm,14,FHD
Lenovo,45990000.0,0,1,Intel Core Ultra 7 155H,Intel,32.0,LPDDR5X,SSD,1TB,RTX 4050 6GB,RTX,14.5,FHD
Lenovo,21490000.0,0,1,Intel Core i5-12450HX,Intel,12.0,DDR5,SSD,512GB,RTX 3050 6GB,RTX,15.6,FHD
Lenovo,23490000.0,0,1,AMD Ryzen 5-7235HS,AMD,24.0,DDR5,SSD,512GB,RTX 3050 6GB,RTX,15.6,FHD
Lenovo,28990000.0,0,1,AMD Ryzen 7 7435HS,AMD,24.0,DDR5,SSD,512GB,RTX 4060 8GB,RTX,15.6,FHD
Lenovo,36490000.0,0,1,Intel Core i7-13650HX,Intel,24.0,DDR5,SSD,512GB,RTX 4060 8GB,RTX,60Hz,
Lenovo,39690000.0,0,1,Intel Core i7-14650HX,Intel,16.0,DDR5,SSD,512GB,GeForce RTX 4060 8GB,GeForce,16,2.5K
Asus,14390000.0,0,1,AMD Ryzen 5 7535HS,Intel,8.0,DDR5,SSD,512GB,RTX 2050 4GB,RTX,15.6,FHD
MSI,38990000.0,0,1,AMD Ryzen 9 AI Processor 365,AMD,32.0,LPDDR5X,1TB,,AMD Radeon 880M,AMD,16,
Lenovo,22990000.0,0,1,AMD Ryzen 7 8845H,Ryzen,32.0,LPDDR5X,SSD,1TB,AMD Radeon 780M,AMD,14.5,3K
Macbook,,0,1,Apple M4 Max (14-core & 16-core),Apple,36.0,,SSD,,GPU 32 Core GPU 40 Core,GPU,16.2,
Macbook,,0,1,Apple M4 Pro (14-core),Apple,24.0,,SSD,,GPU 20 Core,GPU,16.2,
Macbook,,0,1,Apple M4 Max (14-core),Apple,36.0,,SSD,,GPU 32 Core,GPU,14.2,
Macbook,,0,1,Apple M4 Pro (12-core & 14-core),Apple,24.0,,SSD,512GB,GPU 16 Core GPU 20 Core,GPU,14.2,
HP,10290000.0,0,1,AMD Ryzen 5 7520U,AMD,8.0,DDR4,SSD,512GB,AMD Radeon Graphics,AMD,15.6,
Acer,16990000.0,0,1,Intel Core i7-1355U,Intel,16.0,LPDDR5,SSD,512GB,Intel Iris Xe Graphics,Intel,14,
HP,16990000.0,0,1,AMD Ryzen 7 8840HS,AMD,16.0,DDR5,SSD,1TB,AMD Radeon Graphics,AMD,14,FHD
Asus,38690000.0,0,1,Intel Core i7-13650HX,Intel,16.0,DDR5,SSD,1TB,NVIDIA GeForce RTX 4050 6GB GDDR6,NVIDIA,16,2.5K
Asus,54690000.0,0,1,Intel Core i9-14900HX,Intel,32.0,DDR5,SSD,,NVIDIA GeForce RTX 4070 8GB GDDR6,NVIDIA,16,2.5K
Asus,40490000.0,0,1,Intel Core i7-13650HX,Intel,16.0,DDR5,SSD,1TB,NVIDIA RTX4050 6GB GDDR6,NVIDIA,18,
Asus,49990000.0,0,1,Intel Core i9-14900HX,Intel,32.0,DDR5,SSD,1TB,NVIDIA GeForce RTX 4060 8GB GDDR6,NVIDIA,18,
Asus,83990000.0,0,1,Intel Core i9-14900HX,Intel,32.0,DDR5,SSD,1TB,RTX 4080 12GB GDDR6,RTX,18,2.5K
Asus,64990000.0,0,1,AMD Ryzen 9 HX 370,AMD,32.0,,SSD,1TB,Card NVIDIA GeForce RTX 4070 8GB GDDR6,Card,16,2.5K
Lenovo,16990000.0,0,1,AMD Ryzen 5 7235HS,AMD,12.0,,SSD,512GB,NVIDIA GeForce RTX 3050 6GB GDDR6,NVIDIA,15.6,FHD
Dell,16290000.0,0,1,AMD Ryzen 7 8840HS,AMD,16.0,DDR5,SSD,512GB,AMD Radeon 780M,AMD,14,2.2K
HP,13990000.0,0,1,AMD Ryzen 5 8640HS,AMD,8.0,DDR5,SSD,512GB,AMD   Radeon Graphics,AMD,16,FHD
Asus,18490000.0,0,1,AMD Ryzen 7 7435HS,AMD,16.0,DDR5,SSD,512GB,NVIDIA GeForce RTX 2050 4GB GDDR6,NVIDIA,15.6,FHD
Lenovo,17590000.0,0,1,Intel Core i5-12450HX,Intel,12.0,DDR5,SSD,512GB,Nvidia Geforce RTX 3050 6GB,Nvidia,15.6,FHD
Dell,15290000.0,0,1,Intel Core i5-1340P,Intel,16.0,DDR5,SSD,512GB,Intel Iris Xe Graphics,Intel,14,FHD
LG,44590000.0,0,1,Intel Core Ultra 7 155H,Intel,16.0,LPDDR5,SSD,512GB,Intel Arc,Intel,16,
LG,39990000.0,0,1,Intel Core Ultra 7 155H,Intel,16.0,LPDDR5,SSD,512GB,Intel Arc,Intel,15.6,FHD
LG,41990000.0,0,1,Intel Core Ultra 7 155H,Intel,16.0,LPDDR5,SSD,1TB,Intel Arc,Intel,17,
LG,38990000.0,0,1,Intel Core Ultra 7 155H,Intel,16.0,LPDDR5,SSD,512GB,Intel Arc,Intel,16,
LG,35890000.0,0,1,Intel Core Ultra 7 155H,Intel,16.0,LPDDR5,SSD,512GB,Intel Arc,Intel,14,
LG,30490000.0,0,1,Intel Core Ultra 5 125H,Intel,16.0,LPDDR5,SSD,512GB,Intel Arc,Intel,14,
Lenovo,18990000.0,0,1,Intel Core i5-12450HX,Intel,16.0,DDR5,SSD,512GB,NVIDIA GeForce RTX 2050 4GB GDDR6,NVIDIA,15.6,FHD
Asus,24990000.0,0,1,Intel Core Ultra 7 155H,Intel,16.0,DDR5,SSD,1TB,NVIDIA GeForce RTX 3050,NVIDIA,15.6,FHD
Lenovo,16990000.0,0,1,Intel Core i5-1145G7,Intel,32.0,LPDDR4,256,,Intel Iris Xe Graphics,Intel,14,FHD
MSI,16990000.0,0,1,Intel Core i5-13420H,Intel,16.0,DDR4,SSD,512GB,Nvidia Geforce RTX 2050,Nvidia,15.6,FHD
MSI,18490000.0,0,1,Intel Core i5-13420H,Intel,16.0,DDR4,SSD,512GB,Nvidia Geforce RTX 3050,Nvidia,15.6,FHD
Asus,41990000.0,0,1,Intel Core Ultra 7 258V,Intel,32.0,LPDDR5X,SSD,1TB,Intel Arc Graphics,Intel,14,3K
Asus,15690000.0,0,1,Intel Core i7-1255U,Intel,16.0,DDR4,SSD,512GB,Intel UHD | Iris Xe Graphics,Intel,15.6,FHD
Lenovo,13990000.0,0,1,Intel Core i5-120U,Intel,8.0,DDR5,SSD,512GB,Intel Graphics,Intel,15.6,FHD
Lenovo,9990000.0,0,1,Intel Core i3-1305U,Intel,8.0,DDR5,SSD,512GB,Intel Graphics,Intel,15.6,FHD
Lenovo,13990000.0,0,1,Intel Core i5-120U,Intel,8.0,DDR5,SSD,512GB,Intel Graphics,Intel,16,FHD
Lenovo,19690000.0,0,1,Intel Core i5-12450HX,Intel,12.0,DDR5,SSD,,RTX 3050 6GB GDDR6,RTX,15.6,FHD
HP,16990000.0,0,1,Intel Core Ultra 7 155U,Intel,16.0,LPDDR5,SSD,512GB,Intel Graphics,Intel,16,FHD
HP,11590000.0,0,1,Intel Core i5-1235U,Intel,8.0,DDR4,SSD,512GB,Iris Xe Graphics,Iris,15.6,FHD
Dell,15990000.0,0,1,Intel Core i5-12450H,Intel,16.0,LPDDR5,SSD,512GB,Intel Iris Xe Graphics,Intel,14,FHD
Lenovo,17990000.0,0,1,Intel Core i5-12450HX,Intel,12.0,DDR5,SSD,512GB,Nvidia Geforce RTX 3050 6GB,Nvidia,15.6,FHD
Lenovo,19090000.0,0,1,Intel Core Ultra 5 125H,Intel,16.0,LPDDR5,SSD,512GB,Intel Arc Graphics,Intel,14.5,2.5K
Lenovo,15790000.0,0,1,AMD Ryzen 5 7530U,AMD,16.0,DDR4,SSD,512GB,Integrated AMD Radeon Graphics,Integrated,14,FHD
Lenovo,21290000.0,0,1,Intel Core i7-1355U,Intel,16.0,DDR5,SSD,512GB,Intel Iris Xe Graphics,Intel,14,FHD
Lenovo,21590000.0,0,1,AMD Ryzen 7 7730U,AMD,32.0,DDR4,SSD,1TB,AMD Radeon Graphics,AMD,16,2K
Asus,20490000.0,0,1,AMD Ryzen 7 7435HS,AMD,16.0,DDR5,SSD,512GB,Nvidia Geforce RTX 3050 4GB,Nvidia,15.6,FHD
Lenovo,16990000.0,0,1,Intel Core i5-12450HX,Intel,12.0,DDR5,SSD,512GB,NVIDIA GeForce RTX 2050,NVIDIA,15.6,FHD
Lenovo,29990000.0,0,1,Intel Core i7-13650HX,Intel,24.0,DDR5,SSD,512GB,NVIDIA GeForce RTX 4060 8GB GDDR6,NVIDIA,15.6,FHD
Lenovo,21290000.0,0,1,AMD Ryzen 7 7435HS,AMD,16.0,DDR5,SSD,512GB,NVIDIA GeForce RTX 4050,NVIDIA,15.6,FHD
Lenovo,31990000.0,0,1,Intel Core i7-14650HX,Intel,16.0,,512,,NVIDIA GeForce RTX 4060 8GB GDDR6,NVIDIA,16,2.5K
Lenovo,34590000.0,0,1,Intel Core Ultra 9 185H,Intel,32.0,LPDDR5,SSD,1TB,Intel Arc Graphics,Intel,13.5,2.8K
Acer,14990000.0,0,1,AMD Ryzen 7 7735U,AMD,16.0,LPDDR5,SSD,1TB,AMD Radeon Vega Graphics,AMD,16,4K
Lenovo,21990000.0,0,1,AMD Ryzen 7 8845H,AMD,16.0,DDR5,SSD,1TB,AMD Radeon Graphics,AMD,16,2.5K
Dell,22990000.0,0,1,Intel Core Ultra 7 155H,Intel,16.0,LPDDR5X,SSD,1TB,Intel Arc Graphics,Intel,16,FHD
Dell,15290000.0,0,1,AMD Ryzen 5 8640HS,AMD,8.0,DDR5,SSD,512GB,AMD Radeon Graphics,AMD,14,FHD
Lenovo,13990000.0,0,1,Intel Core i7-1355U,Intel,16.0,LPDDR5,512,,Intel Iris Xe Graphics,Intel,16,FHD
Lenovo,45990000.0,0,1,Intel Core i9-14900HX,Intel,32.0,DDR5,SSD,1TB,NVIDIA Geforce RTX 4060,NVIDIA,16,3.2K
Lenovo,34990000.0,0,1,Intel Core i7-14650HX,Intel,16.0,DDR5,SSD,1TB,NVIDIA Geforce RTX 4060,NVIDIA,16,3.2K
HP,17990000.0,0,1,AMD Ryzen 7 8840HS,AMD,16.0,DDR5,SSD,1TB,AMD Radeon Graphics,AMD,14,FHD
Asus,32990000.0,0,1,Qualcomm Snapdragon X Elite X1E 78 100,Qualcomm,32.0,LPDDR5X,SSD,1TB,Qualcomm Adreno GPU,Qualcomm,15.6,3K
MSI,18690000.0,0,1,Intel Core i7-13620H,Intel,8.0,DDR4,SSD,512GB,NVIDIA GeForce RTX 3050 4GB GDDR6,NVIDIA,15.6,FHD
Asus,31990000.0,0,1,Qualcomm Snapdragon X Elite X1E 78 100,Qualcomm,32.0,LPDDR5X,SSD,1TB,Qualcomm Adreno GPU,Qualcomm,15.6,3K
Asus,23990000.0,0,1,Intel Core Ultra 5 125H,Intel,16.0,LPDDR5X,SSD,512GB,Intel Arc Graphics,Intel,14,3K
MSI,41990000.0,0,1,Intel Core i7-14700HX,Intel,32.0,DDR5,SSD,1TB,Card Nvidia Geforce RTX 4060 6GB GDDR6,Card,16,2.5K
Dell,9390000.0,1,0,Intel Core i5-10310U,Intel,16.0,DDR4,SSD,256GB,Intel UHD Graphics Card rời Quadro P520,Intel,15.6,FHD
Asus,27690000.0,0,1,Intel Core Ultra 7 155H,Intel,16.0,LPDDR5X,SSD,512GB,Intel Arc Graphics,Intel,14,3K
Asus,77990000.0,0,1,AMD Ryzen 9 HX 370,AMD,32.0,,SSD,1TB,Card NVIDIA GeForce RTX 4070 8GB GDDR6,Card,16,2.5K
Asus,31490000.0,0,1,AMD Ryzen 9 HX 370,AMD,32.0,LPDDR5X,SSD,1TB,AMD Radeon 890M Graphics,AMD,14,3K
Lenovo,11590000.0,0,1,Intel Core i3-1315U,Intel,8.0,DDR5,512,,Intel UHD Graphics,Intel,16,FHD
Lenovo,33590000.0,0,1,Intel Core i7-13650HX,Intel,24.0,DDR5,SSD,512GB,NVIDIA GeForce RTX 4060 8GB GDDR6,NVIDIA,15.6,FHD
Dell,,0,1,Intel Core i7-1360P,Intel,16.0,DDR5,SSD,1TB,Intel Iris Xe Graphics,Intel,16,FHD
Asus,37490000.0,0,1,Intel Core i7-13650HX,Intel,16.0,DDR5,SSD,512GB,NVIDIA GeForce RTX 4060 8GB GDDR6,NVIDIA,16,2.5K
Acer,20990000.0,0,1,Intel Core i7-12650H,Intel,16.0,DDR5,SSD,1TB,NVIDIA GeForce RTX 4050 6GB GDDR6,NVIDIA,15.6,FHD
HP,17990000.0,0,1,Intel Core i7-150U,Intel,16.0,DDR4,SSD,512GB,Intel Iris Xe Graphics,Intel,14,FHD
Lenovo,8990000.0,0,1,Intel Core i3-1315U,Intel,8.0,DDR4,SSD,256GB,Intel UHD Graphics,Intel,14,FHD
Lenovo,13990000.0,0,1,Intel Core i5-1240P,Intel,16.0,DDR4,SSD,512GB,Intel Iris Xe Graphics,Intel,,FHD
Lenovo,12990000.0,0,1,Intel Core i5-1235U,Intel,8.0,DDR4,SSD,512GB,Intel UHD Graphics,Intel,14,FHD
Lenovo,12990000.0,0,1,Intel Core i5-1335U,Intel,8.0,DDR4,512,,Intel Iris Xe / UHD Graphics,Intel,15.6,FHD
MSI,17990000.0,0,1,Intel Core i7-13700H,Intel,16.0,,SSD,1TB,Card Intel Iris Xe Graphics,Card,14,FHD
MSI,16990000.0,0,1,Intel Core i7-13700H,Intel,16.0,DDR4,SSD,1TB,Card Intel Iris Xe Graphics,Card,15.6,FHD
MSI,48990000.0,0,1,Intel Core Ultra 7 155H,Intel,32.0,DDR5,SSD,1TB,NVIDIA GeForce RTX 4070 8GB GDDR6,NVIDIA,17,
MSI,48990000.0,0,1,Intel Core Ultra 7 155H,Intel,32.0,DDR5,SSD,1TB,NVIDIA GeForce RTX 4060 8GB GDDR6,NVIDIA,14,2.8K
MSI,23990000.0,0,1,Intel Core i7-13620H,Intel,16.0,DDR5,SSD,512GB,Card Nvidia Geforce RTX 4050 6GB GDDR6,Card,14,FHD
MSI,36990000.0,0,1,Intel Core i7-14650HX,Intel,16.0,DDR5,SSD,1TB,Nvidia Geforce RTX 4060 8GB GDDR6 + MUX switch,Nvidia,16,2.5K
Dell,20290000.0,0,1,Intel Core i7-150U,Intel,16.0,DDR5,SSD,1TB,Intel Graphics,Intel,14,FHD
HP,13990000.0,0,1,Intel Core i5-1340P,Intel,16.0,DDR4,SSD,1TB,Intel Iris Xe Graphics,Intel,14,2.5K
Asus,25890000.0,0,1,AMD Ryzen 7 7435HS,AMD,16.0,DDR5,SSD,512GB,AMD Radeon RX7600S 8GB GDDR6,AMD,16.,
Asus,41690000.0,0,1,AMD Ryzen 9 HX 370,AMD,16.0,LPDDR5X,1TB,,RTX 4060 GPU 8GB GDDR6,RTX,14,2.5K
Asus,17790000.0,0,1,Intel Core i5-13500H,Intel,16.0,DDR4,SSD,512GB,Intel Iris Xᵉ Graphics,Intel,,2.8K
Acer,24990000.0,0,1,AMD Ryzen 7 7840H,AMD,16.0,DDR5,SSD,512GB,Nvidia Geforce RTX 4060,Nvidia,16,FHD
Lenovo,23990000.0,0,1,Intel Core i5-12500H,Intel,16.0,DDR5,SSD,512GB,NVIDIA GeForce RTX 3050Ti,NVIDIA,16,2K
Asus,15690000.0,0,1,Intel Core i5-12500H,Intel,16.0,DDR4,SSD,512GB,Intel Iris Xe Graphics,Intel,14,2.8K
Asus,18790000.0,0,1,Intel Core i5-12500H,Intel,16.0,DDR4,SSD,512GB,NVIDIA Geforce RTX 3050 4GB GDDR6,NVIDIA,16,
Lenovo,21290000.0,0,1,Intel Core Ultra 5 125H,Intel,16.0,,SSD,512GB,Intel Arc Graphics,Intel,16,2.5K
Lenovo,23190000.0,0,1,AMD Ryzen 7 8845H,AMD,32.0,,SSD,1TB,AMD Radeon 780M,AMD,16,2.5K
Lenovo,23190000.0,0,1,Intel Core Ultra 5 125H,Intel,32.0,,SSD,1TB,Intel Arc Graphics,Intel,14.5,3K
Lenovo,23990000.0,0,1,AMD Ryzen 7 6800H,AMD,16.0,DDR5,SSD,512GB,Nvidia RTX 3050,Nvidia,15.6,2.5K
Lenovo,21990000.0,0,1,AMD Ryzen 5 6600H,AMD,16.0,DDR5,SSD,512GB,Nvidia RTX 3050,Nvidia,15.6,2.5K
Lenovo,37990000.0,0,1,Intel Core i7-14650HX,Intel,16.0,DDR5,SSD,1TB,NVIDIA Geforce RTX 4060,NVIDIA,16,3.2K
Asus,26990000.0,0,1,Intel Core i7-13620H,Intel,16.0,,SSD,512GB,NVIDIA GeForce RTX 4050 6GB GDDR6,NVIDIA,15.6,FHD
Asus,52990000.0,0,1,Intel Core i9-13900H,Intel,16.0,,SSD,1TB,Card NVIDIA GeForce RTX 4050 6GB GDDR6,Card,13.4,2.5K
Asus,16990000.0,0,1,Intel Core i5-12500H,Intel,16.0,,SSD,512GB,NVIDIA GeForce RTX 2050 4GB GDDR6,NVIDIA,16,
Asus,50690000.0,0,1,Intel Core i9-13900H,Intel,16.0,,SSD,1TB,NVIDIA GeForce RTX 4060 Laptop GPU 8GB GDDR6,NVIDIA,16,2.5K
Macbook,,0,1,Apple M4 (10-core),Apple,16.0,,SSD,512GB,GPU 10 Core,GPU,14.2,
HP,9990000.0,0,1,Intel Core i3 1215U,Intel,8.0,DDR4,SSD,256GB,Card Intel UHD Graphics,Card,15.6,FHD
HP,10690000.0,0,1,Intel Core i3 1215U,Intel,8.0,DDR4,SSD,512GB,Card Intel UHD Graphics,Card,15.6,FHD
Lenovo,12990000.0,0,1,Intel Core i5-13420H,Intel,16.0,,SSD,512GB,Integrated Intel UHD Graphics,Integrated,14,FHD
Lenovo,20990000.0,0,1,AMD Ryzen 7 8840HS,AMD,16.0,LPDDR5,SSD,1TB,AMD Radeon 760M Graphics,AMD,14,
HP,15990000.0,0,1,Intel Core i5-1334U,Intel,8.0,,SSD,512GB,Intel UHD | Iris Xe Graphics,Intel,15.6,FHD
HP,16290000.0,0,1,Intel Core i5-12450H,Intel,8.0,DDR4,SSD,512GB,NVIDIA GeForce RTX 3050,NVIDIA,15.6,FHD
Lenovo,26990000.0,0,1,Intel Core Ultra 7 155H,Intel,32.0,,SSD,1TB,Integrated Intel Arc Graphics,Integrated,14,
Lenovo,21990000.0,0,1,Intel Core Ultra 5 125H,Intel,16.0,LPDDR5X,SSD,1TB,Integrated Intel Arc Graphics,Integrated,14,
Asus,26390000.0,0,1,Intel Core Ultra 7 155H,Intel,16.0,LPDDR5X,SSD,512GB,Intel Arc Graphics,Intel,16,3.2K
Asus,41990000.0,0,1,Intel Core Ultra 7 155U,Intel,32.0,LPDDR5X,SSD,1TB,Intel Graphic,Intel,13.3,3K
Asus,13690000.0,0,1,Intel Core i5-1335U,Intel,8.0,DDR4,SSD,512GB,Intel UHD Graphics,Intel,14,FHD
Acer,33990000.0,0,1,Intel Core i9-14900HX,Intel,16.0,DDR5,SSD,1TB,NVIDIA GeForce RTX 4060 8GB GDDR6,NVIDIA,16,2.5K
Asus,21990000.0,0,1,Intel Core i9-13900H,Intel,16.0,DDR4,SSD,512GB,Intel Iris Xᵉ Graphics,Intel,15.6,2.8K
Asus,19690000.0,0,1,Intel Core i7-13700H,Intel,16.0,DDR4,SSD,512GB,Intel Iris Xᵉ Graphics,Intel,15.6,2.8K
Asus,14690000.0,0,1,AMD Ryzen 5 7530U,AMD,16.0,DDR4,SSD,512GB,AMD Radeon Graphics,AMD,15.6,FHD
Lenovo,44990000.0,0,1,Intel Core Ultra 7 155H,Intel,32.0,LPDDR5X,SSD,1TB,Card NVIDIA GeForce RTX 4050 6GB GDDR6,Card,14.5,2.8K
Lenovo,29590000.0,0,1,AMD Ryzen 7 7435HS,AMD,24.0,,SSD,512GB,Card NVIDIA GeForce RTX 4060 8GB GDDR6,Card,15.6,FHD
Lenovo,27990000.0,0,1,Intel Core Ultra 7 155H,Intel,16.0,,512,,Intel Arc Graphics,Intel,14,
Gaming,32990000.0,0,1,AMD Ryzen 7 8845HS,AMD,16.0,DDR5,512,,NVIDIA GeForce RTX 4060 8GB GDDR6,NVIDIA,15.6,FHD
Lenovo,139990000.0,0,1,Intel Core i9-14900HX,Intel,64.0,DDR5,2TB,,NVIDIA GeForce RTX 4090 16GB GDDR6,NVIDIA,16,3.2K
Lenovo,16790000.0,0,1,Intel Core i7-13620H,Intel,16.0,,SSD,512GB,Card Intel UHD Graphics,Card,15.6,FHD
Lenovo,86990000.0,0,1,Intel Core i9-14900HX,Intel,32.0,DDR5,SSD,1TB,NVIDIA GeForce RTX 4080 12GB GDDR6,NVIDIA,16,2K
Lenovo,37590000.0,0,1,AMD Ryzen 7 8845HS,AMD,16.0,DDR5,SSD,512GB,NVIDIA GeForce RTX 4060 8GB GDDR6,NVIDIA,16,2.5K
Lenovo,,0,1,AMD Ryzen 5 7640HS,AMD,16.0,,SSD,512GB,Card NVIDIA GeForce RTX 4060 8GB GDDR6,Card,16,
Lenovo,40990000.0,0,1,Intel Core i7-14650HX,Intel,16.0,,1TB,,NVIDIA GeForce RTX 4060 8GB GDDR6,NVIDIA,16,2.5K
Lenovo,14490000.0,1,0,Intel Core i5 12450HX,Intel,12.0,DDR5,SSD,512GB,Card Intel Graphics,Card,15.6,FHD
Lenovo,12990000.0,0,1,AMD Ryzen 7 7730U,AMD,16.0,DDR4,SSD,1TB,AMD Radeon Graphics,AMD,16,FHD
Lenovo,44990000.0,0,1,Intel Core Ultra 7 155H,Intel,32.0,LPDDR5X,SSD,1TB,NVIDIA GeForce RTX 4050 6GB GDDR6,NVIDIA,14.5,2.8K
Lenovo,61990000.0,0,1,Intel Core i9-14900HX,Intel,32.0,,SSD,1TB,NVIDIA GeForce RTX 4070 8GB GDDR6,NVIDIA,16,3.2K
Dell,18990000.0,0,1,Intel Core i7-13620H,Intel,16.0,LPDDR5,SSD,1TB,Intel UHD Graphics,Intel,14,2.5K
Dell,13990000.0,0,1,Intel Core i5-1335U,Intel,8.0,,SSD,512GB,Intel UHD Graphics,Intel,16,FHD
Lenovo,23990000.0,0,1,AMD Ryzen 7 7435HS,Ryzen,16.0,,SSD,512GB,NVIDIA GeForce RTX 4060 8GB GDDR6,NVIDIA,15.6,FHD
Dell,15990000.0,0,1,Intel Core 5 120U,Intel,8.0,DDR5,SSD,512GB,Intel Graphics,Intel,14,FHD
Dell,25990000.0,0,1,Intel Core i7-150U,Intel,16.0,,SSD,1TB,Intel Graphics,Intel,16,FHD
Dell,24990000.0,0,1,Intel Core 5 120U,Intel,16.0,,SSD,512GB,NVIDIA MX570A 2GB GDDR6,NVIDIA,14,2.2K
Dell,22790000.0,0,1,Intel Core i5-120U,Intel,16.0,DDR5,SSD,512GB,Intel Graphics,Intel,14,FHD
Microsoft,10990000.0,0,1,Intel Pentium Gold 6500Y,Intel,8.0,LPDDR3,SSD,128GB,Intel UHD Graphics 615,Intel,10.5,
LG,35990000.0,0,1,Intel Core Ultra 7 155H,Intel,32.0,LPDDR5X,SSD,2TB,Card Intel Arc graphics,Card,16,2.5K
Lenovo,15990000.0,1,0,Intel Core i7-10750H,Intel,16.0,DDR4,SSD,512GB,Nvidia Quadro T1000 Nvidia Quadro T2000,Nvidia,15.6,FHD
HP,15590000.0,0,1,AMD Ryzen 8 8640HS,AMD,16.0,LPDDR5,SSD,512GB,AMD   Radeon Graphics,AMD,14,FHD
Asus,34990000.0,0,1,Intel Core i7-13650HX,Intel,16.0,DDR5,SSD,,NVIDIA GeForce RTX 4050 6GB GDDR6,NVIDIA,16,2.5K
Lenovo,14990000.0,1,0,Intel Core i5-13420H,Intel,16.0,DDR5,SSD,512GB,NVIDIA GeForce RTX 2050,NVIDIA,15.6,FHD
Asus,45690000.0,0,1,Intel Core i9-14900HX,Intel,32.0,DDR5,SSD,,NVIDIA GeForce RTX 4060 8GB GDDR6,NVIDIA,16,2.5K
Asus,33190000.0,0,1,AMD Ryzen 7 885HS,AMD,16.0,DDR5,SSD,512GB,Nvidia Geforce RTX 4060,Nvidia,15.6,FHD
Dell,10390000.0,1,0,Intel Core i5-1135G7,Intel,16.0,DDR4,SSD,256GB,Nvidia Quadro T500 Intel Iris Xe Graphics,Nvidia,15.6,FHD
HP,20690000.0,0,1,Intel Core Ultra 5 125H,Intel,16.0,DDR5,SSD,,Intel Arc Graphics,Intel,15.6,FHD
HP,18690000.0,0,1,Intel Core 5 120U,Intel,16.0,DDR4,9Z2,,Intel Graphics,Intel,15.6,FHD
HP,24990000.0,0,1,Intel Core Ultra 7 155H,Intel,16.0,DDR5,9Z2,,Intel Arc Graphics,Intel,15.6,FHD
HP,23990000.0,0,1,Intel Core i7-150U,Intel,16.0,DDR4,9Z2,,Intel Graphics,Intel,15.6,FHD
Asus,18990000.0,0,1,Intel Core i5-12500H,Intel,16.0,DDR4,SSD,512GB,Nvidia RTX 3050 4GB,Nvidia,15.6,FHD
HP,18590000.0,0,1,Intel Core i7-1355U,Intel,16.0,DDR4,SSD,1TB,Intel Iris Xe Graphics,Intel,14,FHD
Dell,30990000.0,0,1,Intel Core Ultra 7 155H,Intel,16.0,LPDDR5X,SSD,512GB,Intel Arc Graphics,Intel,13.4,FHD
Lenovo,31590000.0,0,1,Intel Core i7-14650HX,Intel,16.0,DDR5,SSD,1TB,NVIDIA GeForce RTX 4050,NVIDIA,16,2.5K
Dell,11590000.0,1,0,Intel Core i5-1235U,Intel,16.0,DDR4,SSD,256GB,Intel Iris Xe Graphics,Intel,14,FHD
Dell,13990000.0,1,0,Intel Core i7-1265U,Intel,16.0,LPDDR4,SSD,256GB,Intel Iris Xe Graphics,Intel,14,FHD
Lenovo,16990000.0,1,0,Intel Core i7-1265U,Intel,16.0,LPDDR4,SSD,256GB,Intel Iris Xe Graphics,Intel,14,FHD
Microsoft,11490000.0,0,1,Intel Pentium Gold 6500Y,Intel,,LPDDR3,SSD,128GB,Intel UHD Graphics 615,Intel,10.5,
Lenovo,29990000.0,0,1,AMD Ryzen 9 7945HX,AMD,16.0,DDR5,SSD,1TB,NVIDIA GeForce RTX 4060 8GB,NVIDIA,16,2.5K
HP,14990000.0,0,1,Intel Core Ultra 5 120U,Intel,8.0,,SSD,512GB,Intel Graphics,Intel,14,FHD
Asus,14990000.0,0,1,Core Ultra 5 125H,Intel,8.0,LPDDR5X,SSD,512GB,Intel Graphics,Intel,14,
Dell,21999000.0,1,0,Intel Core i9 10885H,Intel,16.0,DDR4,SSD,,Card NVIDIA Quadro T2000,Card,15.6,FHD
Asus,21690000.0,0,1,Intel Core Ultra 7 155H,Intel,16.0,LPDDR5X,SSD,1TB,Intel Arc graphics,Intel,14,
HP,16590000.0,0,1,Intel Core Ultra 5 125U,Intel,16.0,DDR5,SSD,512GB,Intel Graphics,Intel,16,FHD
Lenovo,21990000.0,0,1,Intel Core i5-13500H,Intel,16.0,,SSD,1TB,NVIDIA GeForce RTX 3050 6GB GDDR6,NVIDIA,16,2.5K
Dell,15990000.0,0,1,AMD Ryzen 7 8840HS,AMD,16.0,DDR5,SSD,512GB,AMD Radeon 780M,AMD,14,2.2K
Asus,42990000.0,0,1,Intel Core i9-13900H,Intel,16.0,DDR5,SSD,1TB,NVIDIA GeForce RTX 4060,NVIDIA,16,
Lenovo,28590000.0,0,1,Intel Core i7-13650HX,Intel,16.0,DDR5,SSD,,RTX 4050 6GB GDDR6,RTX,15.6,FHD
Acer,11990000.0,0,1,Intel Core i5-1240P,Intel,8.0,LPDDR4X,SSD,,Card Intel Iris Xe Graphics,Card,16,2.5K
Dell,31990000.0,0,1,Intel Core Ultra 7 155H,Intel,16.0,LPDDR5X,SSD,512GB,Intel Arc Graphics,Intel,13.4,FHD
Dell,20990000.0,1,0,Intel Core i7-10850H,Intel,16.0,DDR4,SSD,512GB,NVIDIA Quadro RTX 3000 NVIDIA Quadro RTX 4000 NVIDIA Quadro T1000,NVIDIA,17.3,FHD
Lenovo,12990000.0,1,0,Intel Core i7-8750H,Intel,16.0,DDR4,SSD,256GB,NVIDIA Quadro P1000 4GB,NVIDIA,15.6,FHD
Lenovo,19990000.0,0,1,Intel Core i5-12450HX,Intel,16.0,DDR5,SSD,512GB,Intel Arc A530M 4GB GDDR6,Intel,15.6,FHD
Lenovo,14990000.0,0,1,AMD Ryzen 7 7730U,AMD,16.0,DDR4,512,,AMD Radeon Graphics,AMD,15.6,FHD
Lenovo,13190000.0,0,1,AMD Ryzen 5 7430U,AMD,16.0,DDR4,512,,AMD Radeon Graphics,AMD,15.6,FHD
Lenovo,20990000.0,0,1,Intel Core Ultra 5 125H,Intel,16.0,DDR5,SSD,512GB,Intel Arc Graphics,Intel,16,2K
Dell,34690000.0,1,0,Intel Core i7-13700H,Intel,32.0,LPDDR5,SSD,512GB,NVIDIA RTX A1000,NVIDIA,16,FHD
Lenovo,32990000.0,0,1,Intel Core i7-14650HX,Intel,16.0,DDR5,SSD,1TB,NVIDIA GeForce RTX 4050,NVIDIA,16,2.5K
Asus,45990000.0,0,1,Intel Core Ultra 7 155H,Intel,16.0,LPDDR5X,SSD,512GB,Intel Arc Graphics,Intel,14,3K
Gaming,21690000.0,0,1,Intel Core i5-13500H,Intel,16.0,DDR5,SSD,512GB,Card Nvidia Geforce RTX 4050 GDDR6,Card,15.6,FHD
Dell,44990000.0,0,1,Intel Core Ultra 7 155H,Intel,16.0,DDR5,SSD,1TB,NVIDIA Geforce RTX 4070 8GB NVIDIA Geforce RTX 4060 8GB,NVIDIA,16.0,2.5K
MSI,14990000.0,0,1,Intel Core i5-12450H,Intel,8.0,DDR4,SSD,512GB,Nvidia Geforce RTX 2050 4GB GDDR6,Nvidia,15.6,FHD
MSI,54990000.0,0,1,Intel Core Ultra 9 185H,Intel,32.0,LPDDR5,SSD,1TB,Nvidia Geforce RTX 4060 8GB GDDR6,Nvidia,16,
Dell,14990000.0,0,1,AMD Ryzen 5 7530U,AMD,16.0,DDR4,SSD,512GB,AMD Radeon Graphics,AMD,16,FHD
Lenovo,32590000.0,0,1,Intel Core i7-13650HX,Intel,16.0,DDR5,SSD,512GB,NVIDIA GeForce RTX 4050 6GB GDDR6,NVIDIA,15.6,FHD
MSI,28990000.0,0,1,Intel Core Ultra 7 155H,Intel,16.0,DDR5,SSD,512GB,Nvidia Geforce RTX 4050 6GB GDDR6,Nvidia,15.6,FHD
Asus,30990000.0,0,1,AMD Ryzen 9 8945H,AMD,16.0,DDR5,SSD,512GB,NVIDIA GeForce RTX 4060 8GB GDDR6,NVIDIA,15.6,FHD
Asus,17590000.0,0,1,AMD Ryzen 5 7535HS,AMD,8.0,DDR5,SSD,512GB,NVIDIA GeForce RTX 3050 4GB GDDR6,NVIDIA,15.6,FHD
Lenovo,53990000.0,0,1,Intel Core Ultra 7 155H,Intel,32.0,DDR5,SSD,1TB,Intel Arc Graphics,Intel,14,2.8K
Asus,13690000.0,0,1,Intel Core i5-1235U,Intel,16.0,DDR4,SSD,512GB,Intel UHD | Iris Xe Graphics,Intel,15.6,FHD
Lenovo,34290000.0,0,1,Intel Core i7-14650HX,Intel,16.0,DDR5,SSD,1TB,NVIDIA GeForce RTX 4060 8GB GDDR6,NVIDIA,16,2.5K
Dell,30590000.0,0,1,Intel Core i7-13650HX,Intel,16.0,DDR5,SSD,1TB,NVIDIA GeForce RTX 4060 8GB GDDR6,NVIDIA,15.6,FHD
HP,18990000.0,0,1,Intel Core i7-1355U,Intel,16.0,DDR4,SSD,1TB,Intel Iris Xe Graphics,Intel,14,FHD
Lenovo,38990000.0,0,1,Intel Core i9-14900HX,Intel,16.0,DDR5,SSD,1TB,NVIDIA GeForce RTX 4060 8GB GDDR6,NVIDIA,16,
Dell,13790000.0,0,1,Intel Core i5-1240P,Intel,16.0,DDR4,SSD,512GB,Intel Iris Xe Graphics,Intel,14,2.2K
MSI,32990000.0,0,1,Intel Core Ultra 7 155H,Intel,32.0,LPDDR5,SSD,1TB,Intel Arc graphics,Intel,13.3,2.8K
MSI,16990000.0,0,1,Intel Core i5-12450H,Intel,8.0,DDR4,SSD,512GB,NVIDIA GeForce RTX 3050 4GB GDDR6,NVIDIA,15.6,FHD
MSI,11790000.0,0,1,Intel Core i5-1335U,Intel,8.0,DDR4,SSD,,Intel Iris Xe Graphics,Intel,15.6,FHD
Lenovo,22990000.0,1,0,Intel Core i5 12450HX,Intel,16.0,DDR5,SSD,512GB,NVIDIA GeForce RTX 4050 6GB GDDR6,NVIDIA,15.6,FHD
Lenovo,39990000.0,0,1,Intel Core i7-14650HX,Intel,16.0,DDR5,SSD,,NVIDIA GeForce RTX 4060 8GB GDDR6,NVIDIA,16,2.5K
Acer,24990000.0,0,1,Intel Core i7-13700HX,Intel,16.0,DDR5,SSD,,RTX 4050,RTX,16,
Asus,36490000.0,0,1,Intel Core i7-13620H,Intel,16.0,DDR5,SSD,,Geforce RTX 4070 8GB,Geforce,15.6,FHD
Asus,61990000.0,0,1,Intel Core Ultra 9 185H,Intel,32.0,DDR5,SSD,,Geforce RTX 4060 8GB,Geforce,16,2.5K
Dell,14290000.0,0,1,Intel Core i5-1240P,Intel,16.0,DDR5,SSD,,Intel Iris Xe Graphics,Intel,16,FHD
Lenovo,17790000.0,0,1,Intel Core i5-12450HX,Intel,12.0,DDR5,SSD,512GB,NVIDIA GeForce RTX 2050,NVIDIA,15.6,FHD
Lenovo,28990000.0,0,1,Intel Core Ultra 7 155H,Intel,32.0,LPDDR5X,SSD,,Intel Arc Graphics,Intel,14.0,
Lenovo,24590000.0,0,1,Intel Core Ultra 7 155H,Intel,32.0,LPDDR5X,SSD,,Intel Arc Graphics,Intel,16.0,2.5K
Lenovo,24990000.0,0,1,Intel Core Ultra 7 155H,Intel,32.0,LPDDR5X,SSD,,Intel Arc Graphics,Intel,14.0,
Lenovo,19690000.0,0,1,Intel Core Ultra 5 125H,Intel,16.0,LPDDR5X,SSD,,Intel Arc Graphics,Intel,14,
Lenovo,24490000.0,0,1,Intel Core i5-12450HX,Intel,16.0,DDR5,SSD,512GB,NVIDIA GeForce RTX 4050 6GB GDDR6,NVIDIA,15.6,FHD
Lenovo,20890000.0,0,1,Intel Core i5 12450HX,Intel,12.0,DDR5,SSD,,RTX 3050 6GB GDDR6,RTX,15.6,FHD
Lenovo,25990000.0,0,1,Intel Core i7-13650HX,Intel,16.0,DDR5,SSD,,Nvidia RTX 4050,Nvidia,15.6,FHD
Asus,109990000.0,0,1,Intel Core i9-14900HX,Intel,64.0,DDR5,SSD,2TB,RTX 4090 16GB GDDR6,RTX,18,2.5K
Asus,56490000.0,0,1,Intel Core i9-14900HX,Intel,32.0,DDR5,SSD,1TB,RTX 4070 8GB GDDR6,RTX,18,2.5K
Asus,86490000.0,0,1,Intel Core i9-14900HX,Intel,64.0,DDR5,SSD,2TB,RTX 4080 12GB GDDR6,RTX,16,2.5K
MSI,38990000.0,0,1,Intel Core i7-14700HX,Intel,16.0,DDR5,SSD,,RTX 4060,RTX,16,2.5K
Gaming,26990000.0,0,1,AMD Ryzen 8 8845HS,AMD,16.0,DDR5,SSD,,RTX 4050 6GB GDDR6,RTX,15.6,FHD
Asus,25990000.0,0,1,Intel Core Ultra 5 125H,Intel,16.0,DDR5,SSD,,Intel Arc Graphics,Intel,14,3K
Asus,14990000.0,0,1,Intel Core i7-1255U,Intel,16.0,DDR4,SSD,,Intel Iris Xe Graphics,Intel,14,FHD
Asus,21290000.0,0,1,AMD Ryzen 5 7530U,AMD,16.0,LPDDR4X,SSD,,AMD Radeon Graphics,AMD,14,2.8K
Asus,31990000.0,0,1,Intel Core Ultra 7 155H,Intel,32.0,LPDDR5X,SSD,,Intel Arc Graphics,Intel,14,3K
Lenovo,17990000.0,0,1,Intel Core i7-1160G7,Intel,16.0,,SSD,,Intel Iris Xe Graphics,Intel,13.3,2K
Dell,13990000.0,0,1,Intel Core i5-1335U,Intel,8.0,DDR4,SSD,512GB,Intel Iris Xe Graphics,Intel,14,FHD
Asus,25990000.0,0,1,Intel Core Ultra 5 125H,Intel,16.0,LPDDR5X,SSD,512GB,Intel Arc Graphics,Intel,14,3K
Lenovo,50990000.0,0,1,Intel Core i9-14900HX,Intel,32.0,DDR5,SSD,1TB,NVIDIA GeForce RTX 4070 8GB,NVIDIA,16,2.5K
Lenovo,44390000.0,0,1,Intel Core i9-14900HX,Intel,32.0,DDR5,SSD,1TB,NVIDIA GeForce RTX 4060 8GB,NVIDIA,16,2.5K
LG,29990000.0,0,1,Intel Core i7-1360P,Intel,16.0,LPDDR5,SSD,512GB,Intel Iris Xe Graphics,Intel,16,2.5K
Lenovo,28290000.0,0,1,AMD Ryzen 7 8745H,AMD,16.0,DDR5,SSD,512GB,Nvidia Geforce RTX 4060,Nvidia,15.6,FHD
Gaming,20990000.0,0,1,Intel Core i5-13500H,Intel,8.0,DDR5,SSD,512GB,Nvidia Geforce RTX 4050 GDDR6,Nvidia,15.6,FHD
Dell,15190000.0,0,1,Intel Core i5-1235U,Intel,16.0,DDR4,SSD,512GB,Intel Iris Xe Graphics,Intel,15.6,FHD
Dell,11990000.0,0,1,Intel Core i5-1335U,Intel,8.0,DDR4,SSD,512GB,Intel Iris Xe Graphics,Intel,14,FHD
Asus,24900000.0,0,1,Intel Core i7-13620H,Intel,8.0,DDR5,SSD,512GB,Nvidia RTX 4050 6GB GDDR6,Nvidia,15.6,FHD
Lenovo,13590000.0,0,1,Intel Core i5-1335U,Intel,8.0,DDR4,512,,Intel Iris Xe Graphics,Intel,15.6,FHD
Asus,28990000.0,0,1,AMD Ryzen 7 7735HS,AMD,16.0,DDR5,SSD,1TB,NVIDIA GeForce RTX 4060 8GB GDDR6 MUX Switch),NVIDIA,15.6,FHD
Macbook,,0,1,Apple M3 Max (14-core CPU),Apple,36.0,,SSD,,30-core GPU,30-core,Liquid Retina XDR 16.2,
Macbook,,0,1,Apple M3 Max (14-core CPU),Apple,36.0,,SSD,,30-core GPU,30-core,Liquid Retina XDR 14.2,
Macbook,,0,1,Apple M3 Pro (12-core CPU),Apple,18.0,,SSD,,18-core GPU,18-core,Liquid Retina XDR 16.2,
Macbook,,0,1,,Apple,18.0,,SSD,512GB,14-core GPU 18-core GPU,14-core,Liquid Retina XDR 14,
Macbook,,0,1,Apple M3 (8-core CPU),Apple,8.0,,SSD,512GB,10-core GPU,10-core,Liquid Retina XDR 14,
Gaming,15990000.0,0,1,Intel Core i5-13420H,Intel,8.0,DDR5,SSD,512GB,NVIDIA GeForce RTX 2050,NVIDIA,15.6,FHD
Asus,,0,1,Intel Core i5-1335U,Intel,8.0,DDR4,512,,Intel UHD Graphics,Intel,16,
Asus,29390000.0,0,1,i7 13620H,Intel,16.0,,SSD,1TB,RTX 4060 8GB,RTX,15.6,FHD
Dell,13590000.0,0,1,,Intel,8.0,DDR4,SSD,512GB,Intel Graphics,Intel,15.6,FHD
Dell,19990000.0,0,1,Intel Core i7-13620H,Intel,16.0,LPDDR5,SSD,1TB,Intel UHD Graphics,Intel,14,2.5K
Lenovo,24590000.0,0,1,Intel Core i7-12700H,Intel,16.0,LPDDR5,SSD,512GB,NVIDIA GeForce RTX 3050 4GB GDDR6,NVIDIA,14.5,3K
Lenovo,28990000.0,0,1,Intel Core i5-13500H,Intel,16.0,DDR5,SSD,512GB,NVIDIA GeForce RTX 4050 6GB,NVIDIA,16,2K
Lenovo,15690000.0,0,1,Intel Core i7-1355U,Intel,16.0,LPDDR4,SSD,1TB,Intel Iris Xe Graphics,Intel,14,2.2K
Dell,9900000.0,1,0,,Intel,16.0,DDR4,SSD,512GB,Intel Graphics Nvidia Quadro P620,Intel,15.6,FHD
Lenovo,35990000.0,0,1,AMD Ryzen 7 7840HS,AMD,16.0,DDR5,SSD,512GB,NVIDIA GeForce RTX 4060 8GB GDDR6,NVIDIA,16,2.5K
Dell,20490000.0,0,1,,Intel,32.0,LPDDR5,SSD,1TB,Intel Iris Xe Graphics Nvidia RTX 4060,Intel,16,2.5K
Dell,30990000.0,0,1,Intel Core i7-12700H,Intel,16.0,DDR5,SSD,512GB,Nvidia RTX A1000,Nvidia,14,FHD
Dell,6990000.0,1,0,AMD Ryzen 5 2500U,AMD,8.0,DDR4,SSD,256GB,AMD Radeon Vega,AMD,17.3,
MSI,16990000.0,0,1,Intel Core  i5-12450H,Intel,8.0,DDR5,SSD,,Card Nvidia Geforce RTX 3050,Card,15.6,FHD
Lenovo,23990000.0,0,1,Intel Core i7-13700H,Intel,16.0,,SSD,512GB,Card Intel Iris Xe Graphics,Card,14,
Acer,18490000.0,0,1,Intel Core  i5-13420H,Intel,16.0,DDR4,SSD,512GB,NVIDIA GeForce RTX 2050 4GB GDDR6,NVIDIA,15.6,FHD
Dell,11490000.0,0,1,Intel Core i5-1235U,Intel,8.0,DDR4,SSD,512GB,Intel UHD/Iris Xe Graphics,Intel,15.6,FHD
Dell,18990000.0,0,1,,Intel,32.0,LPDDR5,SSD,1TB,Card Intel Iris Xe Graphics NVIDIA RTX 4060,Card,16,2.5K
HP,14990000.0,0,1,AMD Ryzen 5 7535HS,Ryzen,16.0,DDR5,SSD,512GB,Radeon RX 6550M,Radeon,15.6,FHD
Lenovo,16990000.0,0,1,Intel Core i7-13620H,Intel,16.0,LPDDR5,SSD,512GB,Intel UHD Graphics,Intel,14,FHD
Dell,18290000.0,0,1,Intel Core i5-1340P,Intel,16.0,DDR5,SSD,512GB,Intel Iris Xe Graphics,Intel,13.3,2K
Lenovo,17990000.0,0,1,Intel Core Ultra 5 125U,Intel,16.0,LPDDR5,SSD,512GB,Intel Graphics,Intel,14,
Asus,9490000.0,0,1,Intel Core i3-1215U,Intel,8.0,DDR4,SSD,512GB,Intel UHD Graphics,Intel,15.6,FHD
Lenovo,43590000.0,0,1,Intel Core i9-13900HX,Intel,16.0,DDR5,SSD,1TB,NVIDIA GeForce RTX 4060 8GB GDDR6,NVIDIA,16,2.5K
Lenovo,46990000.0,0,1,Intel Core i9-13900HX,Intel,16.0,DDR5,SSD,1TB,NVIDIA GeForce RTX 4070 8GB GDDR6,NVIDIA,16,2.5K
Asus,18990000.0,0,1,Intel Core i5-12500H,Intel,8.0,DDR4,SSD,512GB,Nvidia Geforce RTX 3050 4GB,Nvidia,15.6,FHD
HP,24990000.0,0,1,Intel Core i7-1355U,Intel,16.0,DDR4,SSD,512GB,Card Intel Iris Xe,Card,14,FHD
HP,21990000.0,0,1,Intel Core i5 1335U,Intel,16.0,DDR4,SSD,512GB,Card Intel Iris Xe,Card,14,FHD
HP,20990000.0,0,1,Intel Core i5 1335U,Intel,8.0,DDR4,SSD,512GB,Card Intel Iris Xe,Card,14,FHD
Lenovo,29590000.0,0,1,AMD Ryzen 7 7840H,AMD,16.0,DDR5,SSD,1TB,Nvidia Geforce RTX 4060,Nvidia,16,2K
Dell,15990000.0,0,1,Intel Core i5-1340p,Intel,16.0,LPDDR5,SSD,512GB,Intel Iris Xe Graphics,Intel,16,FHD
HP,11390000.0,1,0,AMD Ryzen 5 7530U,AMD,8.0,LPDDR4X,SSD,256GB,AMD Radeon Graphics,AMD,15.6,FHD
Lenovo,15690000.0,0,1,Intel Core i5-12450H,Intel,16.0,DDR5,SSD,512GB,Intel UHD Graphics,Intel,16,FHD
Dell,13590000.0,0,1,Intel Core i5 1335U,Intel,8.0,DDR4,SSD,512GB,Card on Intel Graphics,Card,15,FHD
HP,18290000.0,0,1,Intel Core  i5-13420H,Intel,8.0,DDR4,SSD,512GB,NVIDIA RTX 3050 6GB GDDR6,NVIDIA,15.6,FHD
Lenovo,11990000.0,0,1,Intel Core i5-1235U,Intel,8.0,,SSD,256GB,Intel UHD / Iris Xe Graphics,Intel,14,FHD
Lenovo,28990000.0,0,1,Intel Core i7-13620H,Intel,16.0,DDR5,SSD,512GB,RTX 4060 8GB,RTX,15.6,FHD
Lenovo,16290000.0,0,1,Intel Core i5-13420H,Intel,16.0,DDR5,SSD,512GB,NVIDIA GeForce RTX 2050 4GB GDDR6,NVIDIA,15.6,FHD
Dell,13890000.0,0,1,Intel Core i7-11800H,Intel,16.0,DDR4,SSD,512GB,NVIDIA T600 GDDR6 NVIDIA T1200 GDDR6,NVIDIA,15.6,FHD
Dell,31990000.0,1,0,Intel Core i7-12850HX,Intel,32.0,DDR5,SSD,512GB,Card NVIDIA RTX A2000 8GB GDDR6,Card,16,FHD
Dell,34990000.0,1,0,Intel XEON W-11855M,Intel,32.0,DDR4,SSD,1TB,NVIDIA RTX A4000 w/8GB,NVIDIA,17.3,4K
Dell,26490000.0,1,0,Intel Core i9-11950H,Intel,32.0,DDR4,SSD,1TB,NVIDIA RTX A2000 w/4GB Intel Iris Xe Graphics,NVIDIA,15.6,FHD
Asus,18290000.0,0,1,Intel Core i5-13500H,Intel,16.0,,SSD,512GB,Intel Iris Xe Graphics,Intel,14,2.8K
Lenovo,42990000.0,0,1,Intel Core i9-14900HX,Intel,32.0,DDR5,SSD,1TB,NVIDIA GeForce RTX 4060 8GB GDDR6,NVIDIA,16,
LG,21990000.0,0,1,Intel Core i5-1340P,Intel,16.0,LPDDR5,SSD,256GB,Intel Iris Xe Graphics,Intel,14,2K
Gaming,22990000.0,0,1,Intel Core i5-12500H,Intel,8.0,DDR4,SSD,512GB,NVidia Geforce RTX 4060 8GB,NVidia,15.6,FHD
Gaming,20990000.0,0,1,Intel Core i5-12500H,Intel,8.0,DDR4,SSD,512GB,NVidia Geforce RTX 4050,NVidia,15.6,FHD
Asus,10390000.0,0,1,Intel Core i3-1315U,Intel,8.0,,SSD,,Card Iris Xe Graphics,Card,15.6,FHD
Acer,54990000.0,0,1,Intel Core i7-13700HX,Intel,16.0,DDR5,SSD,512GB,Nvidia GeForce RTX 4070,Nvidia,16,2.5K
MSI,15990000.0,0,1,Intel Core i5-12450H,Intel,8.0,DDR5,SSD,512GB,NVIDIA GeForce RTX 2050 4GB,NVIDIA,15.6,FHD
Acer,41990000.0,0,1,Intel Core i7-13700HX,Intel,16.0,DDR5,SSD,512GB,Nvidia GeForce RTX 4060 8GB,Nvidia,16,2K
Acer,38990000.0,0,1,Intel Core i5-13500HX,Intel,16.0,DDR5,SSD,512GB,Nvidia Geforce RTX 4060 8GB,Nvidia,16,2K
Acer,37990000.0,0,1,Intel Core i7-13700HX,Intel,8.0,DDR5,SSD,512GB,Nvidia RTX 4050 6GB,Nvidia,16,2K
Acer,12990000.0,0,1,AMD Ryzen 5 7520U,Ryzen,8.0,,SSD,,Card AMD Radeon Graphics,Card,14,FHD
Acer,34990000.0,0,1,Intel Core  i5-13500HX,Intel,8.0,DDR5,SSD,512GB,NVIDIA GeForce RTX 4050 6GB,NVIDIA,16,2K
Dell,43990000.0,0,1,Intel Core i9-13900HX,Intel,16.0,DDR5,SSD,1TB,NVIDIA GeForce RTX 4060,NVIDIA,16,2K
Dell,15990000.0,0,1,Intel Core i5-1340P,Intel,16.0,DDR5,SSD,512GB,Intel Iris Xe Graphics,Intel,14,FHD
Dell,17990000.0,0,1,Intel Core i5-1340P,Intel,8.0,LPDDR5,SSD,512GB,Intel Iris Xe Graphics,Intel,16,FHD
Asus,16790000.0,0,1,Intel Core i5-13500H,Intel,16.0,DDR4,SSD,512GB,Intel Iris Xᵉ Graphics,Intel,14,2.8K
Asus,15990000.0,0,1,Intel Core i5-1335U,Intel,16.0,DDR4,SSD,512GB,Intel Iris Xe Graphics,Intel,15.6,FHD
,,0,1,Intel Core i5-1340P,Intel,16.0,LPDDR5,SSD,512GB,Intel Iris Xe Plus Graphics,Intel,14,2.8K
MSI,36990000.0,0,1,Intel Core i7-13700H,Intel,16.0,DDR5,SSD,512GB,NVIDIA GeForce RTX 4050 6GB,NVIDIA,16,FHD
MSI,75990000.0,0,1,Intel Core i7-13700HX,Intel,32.0,DDR5,SSD,2TB,NVIDIA GeForce RTX 4070 8GB GDDR6,NVIDIA,17,
MSI,25990000.0,0,1,Intel Core i5-13500H,Intel,16.0,LPDDR5,SSD,512GB,Intel Iris Xe Graphics,Intel,14,FHD
MSI,11290000.0,0,1,AMD Ryzen 5 7530U,AMD,8.0,DDR4,SSD,512GB,AMD Radeon Graphics,AMD,15.6,FHD
MSI,118900000.0,0,1,Intel Core i9-13950HX,Intel,64.0,DDR5,SSD,4TB,NVIDIA GeForce RTX 4080,NVIDIA,17,
MSI,148990000.0,0,1,Intel Core i9-13980HX,Intel,64.0,DDR5,SSD,4TB,Nvidia GeForce RTX 4090,Nvidia,17.3,
MSI,25990000.0,0,1,Intel Core i7-13620H,Intel,16.0,DDR5,SSD,1TB,Nvidia RTX 4060 GDDR6,Nvidia,15.6,FHD
MSI,13990000.0,0,1,Intel Core i5-1335U,Intel,8.0,DDR4,SSD,512GB,Intel Iris Xe Graphics,Intel,14,FHD
Asus,36990000.0,0,1,Intel Core i7-13650HX,Intel,16.0,,SSD,1TB,Nvidia GeForce RTX 4050 6GB,Nvidia,16,
Dell,23690000.0,1,0,Intel Core i7-11800H,Intel,16.0,DDR4,SSD,512GB,Nvidia Quadro T1200 Nvidia Quadro A2000 Intel UHD Graphics,Nvidia,15.6,FHD
Gaming,32990000.0,0,1,Intel Core i7-13620H,Intel,16.0,LPDDR5,512,,NVIDIA GeForce RTX 4050 6GB GDDR6,NVIDIA,1,2.5K
Gaming,126990000.0,0,1,Intel Core i9-13900HX,Intel,32.0,,1TB,1TB,Card NVIDIA GeForce RTX 4080 12GB,Card,18,2K
Acer,15990000.0,0,1,Intel Core i7-13700H,Intel,16.0,LPDDR5,SSD,512GB,Intel Iris Xe Graphics,Intel,14,
Asus,96690000.0,0,1,Intel Core i9-13980HX,Intel,64.0,DDR5,SSD,2TB,Nvidia Geforce RTX 4090 16GB,Nvidia,18,
Asus,67490000.0,0,1,Intel Core i9-13980HX,Intel,32.0,DDR5,1TB,,Nvidia Geforce RTX 4080,Nvidia,16,
Acer,14390000.0,1,0,Intel Core i7-12650H,Intel,16.0,DDR4,SSD,1TB,Card on Intel Graphics,Card,15.6,FHD
Lenovo,15990000.0,0,1,Intel Core i7-1265U,Intel,16.0,DDR4,SSD,256GB,Intel Iris Xe Graphics,Intel,14,FHD
Asus,18390000.0,0,1,AMD Ryzen 7 7435HS,AMD,16.0,,SSD,512GB,NVIDIA GeForce RTX 2050 4GB,NVIDIA,15.6,FHD
Dell,11990000.0,0,1,Intel Core i5-1235U,Intel,8.0,DDR4,SSD,512GB,Intel UHD | Iris Xe Graphics,Intel,15.6,FHD
Lenovo,,0,1,Intel Core i9-12900H,Intel,16.0,DDR5,SSD,512GB,Nvidia RTX GeForce 3060 6GB,Nvidia,16,
Dell,15290000.0,0,1,Intel Core i5-1240P,Intel,16.0,DDR4,SSD,,Intel Iris Xe Graphics Card rời Nvidia MX570A,Intel,16,FHD
Dell,10390000.0,1,0,Intel Core i7-10610U,Intel,16.0,DDR4,SSD,,Intel UHD Graphics 620,Intel,15.6,FHD
Dell,26990000.0,1,0,Intel Core i7-12700H,Intel,32.0,DDR4,SSD,512GB,Nvidia RTX A1000 4GB,Nvidia,15.6,FHD
Lenovo,13990000.0,1,0,Intel Core i7-9750H,Intel,16.0,DDR4,SSD,256GB,Nvidia Quadro T1000,Nvidia,15.6,FHD
Dell,16990000.0,1,0,Intel Core i7-10750H,Intel,16.0,DDR4,SSD,256GB,Nvidia Quadro T1000M Nvidia Quadro T2000M Nvidia RTX 3000,Nvidia,15.6,FHD
Macbook,19990000.0,1,0,Apple M2 (8-core CPU),Apple,8.0,DDR5,SSD,,8-Core GPU,8-Core,13.6,
Dell,17990000.0,1,0,,Intel,32.0,DDR4,SSD,1TB,Nvidia Quadro T1000 Nvidia Quadro T2000,Nvidia,15.6,FHD
Gaming,19990000.0,0,1,Intel Core i5-13450HX,Intel,16.0,DDR5,SSD,256GB,Nvidia Geforce RTX 3050 Nvidia Geforce RTX 3050Ti,Nvidia,15.6,FHD
Acer,17690000.0,0,1,,Intel,16.0,DDR4,SSD,512GB,Nvidia RTX 3050Ti Nvidia RTX 3050,Nvidia,15.6,FHD
Dell,9990000.0,0,1,Intel Core i5-1135G7,Intel,8.0,LPDDR4,SSD,256GB,Card Intel Iris Xe Graphics,Card,15.6,
Dell,,1,0,Intel Core i7-1165G7,Intel,8.0,DDR4,SSD,256GB,Intel Iris Xe Graphics,Intel,15.6,FHD
MSI,14590000.0,0,1,Intel Core i5-12450H,Intel,8.0,DDR4,SSD,1TB,Card rời Nvidia RTX 2050,Card,15.6,FHD
Dell,13390000.0,1,0,Intel Core i5-9300H,Intel,16.0,DDR4,SSD,512GB,Card rời Nvidia Quadro T1000,Card,15.6,FHD
Dell,8990000.0,1,0,Intel Xeon E3,Intel,8.0,DDR4,SSD,256GB,Card rời Nvidia Quadro M1200 Card rời Nvidia Quadro M2200,Card,15.6,FHD
Dell,13990000.0,1,0,Intel Core i7 8850H Xeon E3,Intel,16.0,DDR4,SSD,512GB,Card rời Quadro P1000 Card rời Quadro P2000,Card,15.6,FHD
Lenovo,11990000.0,0,1,Intel Core i7-1065G7,Intel,8.0,DDR4,SSD,256GB,Intel UHD Graphics,Intel,14,FHD
Dell,18590000.0,1,0,Intel Core i7-9850H,Intel,16.0,DDR4,SSD,1TB,Card rời Quadro RTX 3000 Card rời AMD WX3200,Card,17.3,FHD
MSI,10990000.0,0,1,Intel Core i5-1235U,Intel,16.0,DDR4,SSD,512GB,Card Intel Iris Xe Graphic,Card,14,FHD
Dell,11390000.0,1,0,Intel Core i7 - 7700HQ Intel Core i7 - 7820HQ Intel Core i7 - 6820HQ Xeon E3-1505M,Intel,16.0,DDR4,SSD,512GB,Nvidia Quadro M1200,Nvidia,15.6,FHD
Asus,14390000.0,0,1,AMD Ryzen 5 7535HS,Intel,8.0,DDR5,SSD,512GB,RTX 2050 4GB,RTX,15.6,FHD
Asus,33490000.0,0,1,Intel Core Ultra 9 185H,Intel,32.0,LPDDR5X,SSD,1TB,Intel Arc Graphics,Intel,14,3K
Asus,30890000.0,0,1,Intel Core Ultra 7 155H,Intel,32.0,LPDDR5X,SSD,1TB,Intel Arc Graphics,Intel,14,3K
Asus,25990000.0,0,1,Intel Core Ultra 5 125H,Intel,16.0,LPDDR5X,SSD,512GB,Intel Arc Graphics,Intel,14,3K
Asus,25990000.0,0,1,Intel Core Ultra 5 125H,Intel,16.0,LPDDR5X,SSD,512GB,Intel Arc Graphics,Intel,14,3K
Asus,41990000.0,0,1,Intel Core Ultra 7 155U,Intel,32.0,LPDDR5,SSD,1TB,Intel Iris Xe Graphics,Intel,13.3,3K
Lenovo,22390000.0,0,1,AMD Ryzen7 7840HS,AMD,32.0,LPDDR5,SSD,1TB,AMD Radeon 780M,AMD,16,FHD
Lenovo,18990000.0,0,1,AMD Ryzen 5 8645H,AMD,16.0,DDR5,SSD,1TB,AMD Radeon 760M Graphics,AMD,14,3K
Lenovo,12990000.0,0,1,AMD Ryzen 5 7530U,AMD,8.0,DDR4,SSD,512GB,AMD Radeon Graphics,AMD,14,FHD
Lenovo,45990000.0,0,1,Intel Core i9-14900HX,Intel,32.0,DDR5,SSD,1TB,RTX 4060 8GB,RTX,16,FHD
Lenovo,50990000.0,0,1,Intel Core i9 14900HX,Intel,32.0,DDR5,SSD,1TB,GeForce RTX 4070 8GB,GeForce,16,FHD
Lenovo,94990000.0,0,1,Intel Core i9-14900HX,Intel,32.0,DDR5,SSD,1TB,GeForce RTX 4090 16GB,GeForce,16,2.5K
Lenovo,62990000.0,0,1,Intel Core i9-14900HX,Intel,32.0,DDR5,SSD,1TB,RTX 4070 8GB,RTX,16,FHD
Lenovo,63990000.0,0,1,Intel Core i9-14900HX,Intel,32.0,DDR5,SSD,1TB,RTX 4070 8GB,RTX,16,FHD
Lenovo,43990000.0,0,1,Intel Core Ultra 7 155H,Intel,16.0,LPDDR5X,SSD,1TB,Intel Arc Graphics,Intel,60Hz,
Lenovo,46190000.0,0,1,Intel Core Ultra 7 155H,Intel,32.0,LPDDR5X,SSD,1TB,Nvidia GeForce RTX 4050 6GB,Nvidia,14.5,FHD
Acer,43990000.0,0,1,Intel Core Ultra 7 155H,Intel,32.0,LPDDR5,SSD,1TB,RTX 4050 6GB,RTX,14.5,3K
Acer,34690000.0,0,1,Intel Core i7-13620H,Intel,16.0,DDR5,SSD,512GB,GeForce RTX 4060 8GB,GeForce,15.6,FHD
Acer,52990000.0,0,1,Intel Core i9-14900HX,Intel,32.0,DDR5,SSD,1TB,GeForce RTX 4070 8GB,GeForce,16,2.5K
Acer,38990000.0,0,1,Intel Core i7-13700H,Intel,32.0,LPDDR5,SSD,1TB,Intel Iris Xe Graphics,Intel,14,2.5K
Acer,26490000.0,0,1,AMD Ryzen 5 7640HS,AMD,8.0,DDR5,SSD,512GB,NVIDIA GeForce RTX 4050 6GB GDDR6,NVIDIA,16,FHD
HP,16390000.0,0,1,AMD Ryzen 5 7540U,AMD,16.0,DDR4,SSD,512GB,AMD Radeon 740M,AMD,14,FHD
Acer,26990000.0,0,1,Intel Core i7-13620H,Intel,32.0,DDR5,SSD,512GB,RTX 4060 8GB,RTX,15.6,FHD
Lenovo,16290000.0,0,1,Intel Core i5-12450H,Intel,16.0,LPDDR5,SSD,512GB,Intel UHD Graphics,Intel,16,FHD
Acer,51990000.0,0,1,Intel Core Ultra 7 155H,Intel,32.0,LPDDR5X,SSD,2TB,RTX 4060 8GB,RTX,16,2.5K
Acer,25790000.0,0,1,AMD Ryzen 5 8645HS,AMD,16.0,DDR5,SSD,512GB,RTX 3050 6GB,RTX,16,FHD
Acer,32990000.0,0,1,AMD Ryzen 7 8845HS,AMD,16.0,DDR5,SSD,512GB,RTX 4060 8GB,RTX,16,FHD
Acer,36990000.0,0,1,AMD Ryzen 7 8845HS,AMD,16.0,DDR5,SSD,512GB,RTX 4060 8GB,RTX,16,FHD
Acer,29790000.0,0,1,AMD Ryzen 7 8845HS,AMD,16.0,DDR5,SSD,512GB,RTX 4050 6GB,RTX,16,FHD
Acer,48990000.0,0,1,Intel Core Ultra 9 185H,Intel,32.0,LPDDR5X,SSD,1TB,RTX 4060 8GB,RTX,14.5,2.5K
Acer,58990000.0,0,1,Intel Core Ultra 9 185H,Intel,32.0,LPDDR5X,SSD,1TB,RTX 4070 8GB,RTX,14.5,2.5K
Acer,39990000.0,0,1,Intel Core i7-13700H,Intel,32.0,LPDDR5,SSD,,RTX 4050 6GB,RTX,14.5,3K
Acer,52990000.0,0,1,Intel Core Ultra 7 155H,Intel,32.0,LPDDR5,SSD,1TB,RTX 4070 8GB,RTX,14.5,3K
Acer,23990000.0,0,1,Intel Core Ultra 5 125H,Intel,16.0,LPDDR5,SSD,512GB,Intel Arc Graphics,Intel,14,3K
Acer,23490000.0,0,1,Intel Core Ultra 5 125H,Intel,16.0,LPDDR5X,SSD,512GB,Intel Arc Graphics,Intel,14,3K
Acer,17990000.0,0,1,AMD Ryzen 5 7530U,AMD,16.0,LPDDR4X,SSD,1TB,Radeon Graphics,Radeon,14,FHD
Asus,28990000.0,0,1,AMD Ryzen 7 7735HS,AMD,16.0,DDR5,SSD,1TB,RTX 4060 8GB,RTX,15.6,FHD
Asus,40590000.0,0,1,Intel Core i7-13620H,Intel,16.0,DDR4,SSD,512GB,RTX 4060 8GB,RTX,16,2.5K
Asus,36990000.0,0,1,Intel Core i7-13620H,Intel,16.0,DDR4,SSD,512GB,RTX 4050 6GB,RTX,16,2.5K
Asus,49790000.0,0,1,Intel Core i7-13650HX,Intel,16.0,DDR5,SSD,512GB,RTX 4070 8GB,RTX,16,2.5K
Lenovo,19990000.0,0,1,Intel Core Ultra 5 125H,Intel,16.0,LPDDR5X,SSD,1TB,Intel Arc Graphics,Intel,14,FHD
Asus,34990000.0,0,1,Intel Core i7-13650HX,Intel,16.0,DDR5,SSD,512GB,RTX 4050 6GB,RTX,16,FHD
Asus,38990000.0,0,1,Intel Core i7-13650HX,Intel,16.0,DDR5,SSD,512GB,RTX 4060 8GB,RTX,16,2.5K
Asus,48990000.0,0,1,Intel Core i9 14900HX,Intel,32.0,DDR5,SSD,1TB,RTX 4060 8GB,RTX,16,2.5K
Asus,58990000.0,0,1,Intel Core i9 14900HX,Intel,32.0,DDR5,SSD,1TB,RTX 4070 8GB,RTX,16,2.5K
Asus,25990000.0,0,1,AMD Ryzen 7 7435HS,AMD,16.0,DDR5,SSD,512GB,RTX 4050 6GB,RTX,15.6,FHD
Asus,33990000.0,0,1,Intel Core i7-13620H,Intel,16.0,DDR5,SSD,1TB,RTX 4060 8GB,RTX,15.6,FHD
Asus,32990000.0,0,1,Intel Core i7-13620H,Intel,32.0,DDR5,SSD,512GB,RTX 4050 6GB,RTX,15.6,FHD
Asus,31990000.0,0,1,Intel Core i7-13620H,Intel,32.0,DDR5,SSD,512GB,RTX 4060 8GB,RTX,15.6,FHD
Asus,38990000.0,0,1,Intel Core i7-13620H,Intel,16.0,DDR5,SSD,512GB,RTX 4070 8GB,RTX,15.6,FHD
Asus,42490000.0,0,1,AMD Ryzen 9 HX 370,AMD,16.0,LPDDR5X,SSD,1TB,RTX 4060 8GB,RTX,14,2.5K
Asus,27990000.0,0,1,AMD Ryzen 7 7435HS,AMD,16.0,DDR5,SSD,512GB,RTX 4060 8GB,RTX,15.6,FHD
Asus,18990000.0,0,1,AMD Ryzen 7 7435HS,AMD,16.0,DDR5,SSD,512GB,RTX 2050 4GB,RTX,15.6,FHD
Asus,17290000.0,0,1,AMD Ryzen 5 7535HS,AMD,8.0,DDR5,SSD,512GB,RTX 3050 4GB,RTX,15.6,FHD
Asus,44990000.0,0,1,Intel Core Ultra 7 155H,Intel,16.0,LPDDR5X,SSD,512GB,Intel Arc Graphics,Intel,14,3K
Lenovo,29990000.0,0,1,Intel Core Ultra 7 155H,Intel,32.0,LPDDR5X,SSD,1TB,Intel Arc Graphics,Intel,14,FHD
Lenovo,28790000.0,0,1,Intel Core Ultra 7 155H,Intel,32.0,LPDDR5X,SSD,512GB,Intel Arc Graphics,Intel,14.5,FHD
Lenovo,61490000.0,0,1,Intel Core Ultra 7 155U,Intel,32.0,LPDDR5X,SSD,1TB,Intel Graphics,Intel,13.3,FHD
Lenovo,22790000.0,0,1,AMD Ryzen 7 8745H,AMD,24.0,,SSD,1TB,AMD Radeon 780M,AMD,14,FHD
HP,14190000.0,0,1,AMD Ryzen 5 7535HS,AMD,8.0,DDR5,SSD,512GB,RX 6550M 4GB,RX,15.6,FHD
Lenovo,18490000.0,0,1,Intel Core i5 12450HX,Intel,12.0,DDR5,SSD,512GB,Geforce RTX 3050 4GB,Geforce,15.6,FHD
Lenovo,14990000.0,0,1,Intel Core i7-150U,Intel,16.0,LPDDR5X,SSD,1TB,Intel Graphics,Intel,16,FHD
Lenovo,21990000.0,0,1,AMD Ryzen 7 7435HS,AMD,16.0,DDR5,SSD,512GB,NVIDIA GeForce RTX 4050 8GB,NVIDIA,15.6,FHD
HP,19990000.0,0,1,Intel Core Ultra 7 155U,Intel,16.0,LPDDR5,SSD,512GB,Intel Graphics,Intel,14,FHD
Lenovo,17390000.0,0,1,AMD Ryzen 7 8845HS,AMD,16.0,LPDDR5X,SSD,512GB,Radeon 780M Graphics,Radeon,16,FHD
Lenovo,14690000.0,0,1,Intel Core i7-1355U,Intel,16.0,LPDDR4X,SSD,1TB,Intel Iris Xe Graphics,Intel,14,FHD
Lenovo,26790000.0,0,1,AMD Ryzen 7 8745H,AMD,16.0,DDR5,SSD,512GB,RTX 4050 6GB,RTX,15.6,FHD
Lenovo,29990000.0,0,1,Intel Core i7-13650HX,Intel,24.0,DDR5,SSD,512GB,RTX 4060 8GB,RTX,15.6,FHD
HP,17990000.0,0,1,AMD Ryzen 7 8840HS,AMD,16.0,LPDDR5,SSD,1TB,AMD Radeon 780M,AMD,14,FHD
Lenovo,17690000.0,0,1,Intel Core i5-13420H,Intel,8.0,DDR4,SSD,512GB,Intel Iris Xe Graphics,Intel,14,FHD
Lenovo,23490000.0,0,1,Intel Core Ultra 7 155H,Intel,16.0,DDR5,SSD,512GB,Intel Arc Graphics,Intel,16,FHD
Lenovo,21990000.0,0,1,Intel Core i5-13500H,Intel,16.0,LPDDR5,SSD,1TB,RTX 3050 6GB,RTX,16,FHD
Lenovo,19990000.0,0,1,Intel Core Ultra 5 125H,Intel,16.0,DDR5,SSD,512GB,Intel Arc Graphics,Intel,14,FHD
HP,20390000.0,0,1,Intel Core Ultra 5 125H,Intel,16.0,LPDDR5X,SSD,512GB,Intel Arc Graphics,Intel,14,2.5K
Lenovo,22990000.0,0,1,AMD Ryzen 7 8845H,AMD,32.0,LPDDR5X,SSD,1TB,AMD Radeon 780M,AMD,14.5,3K
Dell,31990000.0,0,1,Snapdragon X Elite,Qualcomm,16.0,LPDDR5X,SSD,1TB,Qualcomm Adreno GPU,Qualcomm,14,3.5K
Microsoft,22990000.0,0,1,Qualcomm Snapdragon X Plus,Qualcomm,16.0,LPDDR5X,SSD,512GB,Qualcomm Adreno,Qualcomm,13,3K
HP,14390000.0,0,1,Intel Core 5 120U,Intel,8.0,DDR4,SSD,512GB,Intel Iris Xe Graphics,Intel,14,FHD
Dell,14990000.0,0,1,AMD Ryzen 5 8640HS,AMD,8.0,DDR5,SSD,512GB,AMD Radeon Graphics,AMD,14,FHD
Acer,18990000.0,0,1,Intel Core i7-13700H,Intel,16.0,LPDDR5,SSD,1TB,Iris Xe Graphics,Iris,16,3.5K
HP,16990000.0,0,1,Intel Core Ultra 5 125U,Intel,16.0,LPDDR5,SSD,512GB,Intel Arc graphics,Intel,16,FHD
,,0,1,Intel Core Ultra 9 185H,Intel,32.0,LPDDR5,SSD,2TB,NVIDIA GeForce RTX 4070 Laptop GPU,NVIDIA,14,3K
HP,13290000.0,0,1,Intel Core i7-10610U,Intel,16.0,LPDDR4,SSD,512GB,Intel UHD,Intel,14,FHD
Asus,22390000.0,0,1,Intel Ultra 7 155H,Intel,16.0,LPDDR5X,SSD,1TB,Intel Arc Graphics,Intel,14,FHD
Lenovo,34990000.0,0,1,Intel Core Ultra 9 185H,Intel,32.0,LPDDR5X,SSD,1TB,Intel Arc Graphics,Intel,13.5,3K
Microsoft,26990000.0,0,1,Intel Core Ultra 5 135U,Intel,8.0,LPDDR5X,SSD,,Không 256GB,Không,13,3K
Dell,39990000.0,0,1,Intel Core Ultra 7 155H,Intel,16.0,DDR5,SSD,1TB,"NVIDIA GeForce RTX 4060, 8 GB GDDR6",NVIDIA,16,2.5K
Dell,16990000.0,0,1,Intel Core i5-12450H,Intel,16.0,LPDDR5,SSD,512GB,Intel Arc Graphics Series-roi,Intel,14,FHD
Dell,22990000.0,0,1,Intel Core Ultra 7 155H,Intel,16.0,LPDDR5,SSD,1TB,Intel Arc Graphics Series-roi,Intel,13.3,2.5K
Dell,39990000.0,0,1,Intel Core Ultra 7 155H,Intel,16.0,LPDDR5X,SSD,1TB,NVIDIA RTX 4050 6GB,NVIDIA,16.3,FHD
Dell,54990000.0,0,1,Intel Core Ultra 7 155H,Intel,32.0,LPDDR5X,SSD,1TB,Intel Arc Graphics,Intel,14.5,3.5K
Dell,33990000.0,0,1,Intel Core Ultra 7 155H,Intel,16.0,LPDDR5X,SSD,512GB,Intel Arc Graphics,Intel,13.4,FHD
Lenovo,37990000.0,0,1,AMD Ryzen 7 7735HS,AMD,16.0,DDR5,SSD,1TB,NVIDIA RTX 4070 8GB,NVIDIA,16,FHD
Lenovo,32790000.0,0,1,Intel Core i7-14650HX,Intel,16.0,DDR5,SSD,1TB,NVIDIA GeForce RTX 4050,NVIDIA,16,2.5K
Lenovo,30790000.0,0,1,Intel Core Ultra 5 125U,Intel,16.0,LPDDR5X,SSD,256GB,Intel Graphics,Intel,14,FHD
Lenovo,30790000.0,0,1,Intel Core i9-13905H,Intel,32.0,LPDDR5,SSD,1TB,NVIDIA GeForce Series-roi,NVIDIA,16,3.5K
Dell,16390000.0,0,1,Intel Core 5 120U,Intel,8.0,DDR5,SSD,512GB,Intel Graphics,Intel,14,FHD
Lenovo,13290000.0,0,1,Intel Core i7-1355U,Intel,16.0,DDR4,SSD,512GB,Intel Iris Xe Graphics,Intel,16,FHD
Dell,23990000.0,0,1,Intel Core Ultra 7 155H,Intel,16.0,LPDDR5,SSD,1TB,Intel Arc Graphics,Intel,16,2.5K
Microsoft,16990000.0,0,1,Intel Core i7 1185G7,Intel,16.0,LPDDR4X,SSD,256GB,Intel Iris Xe Graphics,Intel,15,2.5K
Lenovo,54990000.0,0,1,Intel Ultra 7 155H,Intel,32.0,LPDDR5X,SSD,1TB,NVIDIA RTX 2000 8GB GDDR6,NVIDIA,16,2.5K
Lenovo,14390000.0,0,1,Intel Core i5 1335U,Intel,8.0,DDR4,SSD,256GB,Intel Iris Xe Graphics,Intel,15.6,FHD
Dell,12790000.0,0,1,Intel Core i7 1185G7,Intel,32.0,LPDDR4X,SSD,512GB,Intel Iris Xe Graphics,Intel,14,FHD
Asus,14990000.0,0,1,AMD Ryzen 7 5800H,AMD,16.0,DDR4,SSD,512GB,AMD Radeon Graphics,AMD,15.6,3K
Lenovo,23790000.0,0,1,Intel Core i7 1280P,Intel,32.0,LPDDR5,SSD,512GB,Intel Iris Xe Graphics,Intel,14,FHD
Acer,29990000.0,0,1,Intel Core i7-13700HX,Intel,16.0,DDR5,SSD,1TB,Nvidia Geforce RTX 4060 8GB,Nvidia,16,2.5K
LG,24990000.0,0,1,Intel Core i7-1360P,Intel,32.0,LPDDR5,SSD,1TB,NVIDIA GeForce RTX 3050 4GB,NVIDIA,16,2.5K
Lenovo,17690000.0,0,1,Intel Core i5-1140G7,Intel,16.0,LPDDR4X,SSD,256GB,Intel Iris Xe Graphics,Intel,13.5,2K
Dell,13290000.0,0,1,Intel Core i5 1335U,Intel,8.0,DDR4,SSD,512GB,Intel Iris Xe Graphics,Intel,15.6,FHD
Dell,21390000.0,0,1,Intel Core i7-13620H,Intel,16.0,LPDDR5,SSD,1TB,Intel UHDGraphics,Intel,14,2.5K
Lenovo,24390000.0,0,1,AMD Ryzen 5 7640HS,AMD,16.0,DDR5,SSD,512GB,GeForce RTX 4050 6GB,GeForce,15.6,FHD
Lenovo,36390000.0,0,1,Intel Core i7 13700HX,Intel,32.0,DDR5,SSD,1TB,Nvidia Quadro RTX A1000 6GB,Nvidia,16,FHD
Dell,32990000.0,0,1,Intel Core i7-13700H,Intel,16.0,LPDDR5,SSD,1TB,Nvidia Quadro RTX A1000 6GB,Nvidia,14,2.5K
Lenovo,23390000.0,0,1,AMD Ryzen 7 7840U,AMD,32.0,LPDDR5X,SSD,512GB,AMD Radeon 780M,AMD,14,FHD
Lenovo,22390000.0,0,1,AMD Ryzen 7 7840U,AMD,16.0,LPDDR5,SSD,512GB,AMD Radeon 780M,AMD,14,FHD
Lenovo,33990000.0,0,1,Intel Core i7-13700H,Intel,16.0,DDR5,SSD,512GB,NVIDIA Geforce RTX 4060 8GB GDDR6,NVIDIA,16,FHD
Dell,27990000.0,0,1,Intel Core i7-13650HX,Intel,16.0,DDR5,SSD,1TB,GeForce RTX 4060 8GB,GeForce,15.6,FHD
Dell,21990000.0,0,1,Intel Core i7-1365U,Intel,32.0,LPDDR5,SSD,1TB,Intel Iris Xe Graphics,Intel,14,FHD
Dell,39990000.0,0,1,Intel Core i7-13800H,Intel,32.0,LPDDR5X,SSD,512GB,Nvidia Quadro RTX A1000 6GB,Nvidia,16,4K
Lenovo,19990000.0,0,1,Intel Core Ultra 7 155U,Intel,16.0,LPDDR5X,SSD,1TB,Intel Graphics,Intel,16,FHD
Dell,20390000.0,0,1,Intel Core i7-13700H,Intel,32.0,LPDDR5,SSD,1TB,Intel Iris Xe Graphics,Intel,16,2.5K
Lenovo,35990000.0,0,1,Intel Core i7-12850HX,Intel,32.0,DDR5,SSD,512GB,Quadro RTX A3000 12GB,Quadro,16,FHD
Acer,23790000.0,0,1,Intel Core i7-13700H,Intel,16.0,LPDDR5,SSD,1TB,RTX 4050 6GB,RTX,14,3K
Lenovo,22790000.0,0,1,Intel Core i5 1335U,Intel,16.0,LPDDR5X,SSD,256GB,Intel Iris Xe Graphics,Intel,14,FHD
,,0,1,Intel Core i7-1370P,Intel,16.0,LPDDR5X,SSD,1TB,Intel Iris Xe Graphics,Intel,13,2K
Dell,33790000.0,0,1,Intel Core i7-13620H,Intel,16.0,LPDDR5,SSD,256GB,RTX 4050 6GB,RTX,14,FHD
Acer,15390000.0,0,1,Intel Core i7-1355U,Intel,16.0,LPDDR5,SSD,1TB,Intel Iris Xe Graphics,Intel,14,FHD
Acer,33790000.0,0,1,Intel Core i7-13700H,Intel,16.0,DDR5,SSD,1TB,Nvidia GeForce RTX 4060 8GB,Nvidia,16,2.5K
Lenovo,35490000.0,0,1,Intel Core i9-13900HX,Intel,16.0,DDR5,SSD,512GB,GeForce RTX 4060 8GB,GeForce,16,2.5K
Lenovo,20390000.0,0,1,Intel Core i7-11800H,Intel,16.0,DDR4,SSD,512GB,Nvidia Quadro T1200 4GB,Nvidia,15.6,FHD
Dell,17990000.0,0,1,Intel Core i7-1165G7,Intel,16.0,LPDDR4X,SSD,256GB,Intel Iris Xe Graphics,Intel,13.4,FHD
Dell,13990000.0,0,1,Intel Xeon E2276M,Intel,16.0,DDR4,SSD,512GB,Nvidia Quadro T2000 4GB,Nvidia,15.6,FHD
Dell,18390000.0,0,1,Intel Core i7 10850H,Intel,16.0,DDR4,SSD,512GB,Quadro T2000 4GB,Quadro,15.6,FHD
Lenovo,36990000.0,0,1,Intel Core i7-13700H,Intel,16.0,DDR5,SSD,1TB,Nvidia Quadro RTX A1000 6GB,Nvidia,16,FHD
HP,9290000.0,0,1,Intel Core i3,Intel,8.0,DDR4,SSD,256GB,Intel UHD Graphics,Intel,14.0,FHD
Asus,9690000.0,0,1,Intel Core i3,Intel,8.0,DDR4,SSD,512GB,Intel UHD Graphics,Intel,14.0,FHD
HP,9990000.0,0,1,Intel Core i3,Intel,8.0,DDR4,SSD,256GB,Intel UHD Graphics,Intel,15.6,FHD
Asus,10690000.0,0,1,Intel Core i3,Intel,8.0,DDR4,SSD,256GB,Intel UHD Graphics,Intel,14.0,FHD
Asus,10690000.0,0,1,i3-1315U,Intel,8.0,DDR4,SSD,512GB,UHD Graphics,UHD,15.6,FHD
Asus,10990000.0,0,1,Intel Core i3,Intel,8.0,DDR4,SSD,512GB,Intel UHD Graphics,Intel,15.6,FHD
HP,11790000.0,0,1,Intel Core i3,Intel,8.0,DDR4,SSD,256GB,Intel UHD Graphics,Intel,15.6,FHD
MSI,11790000.0,0,1,i5-1235U,Intel,16.0,DDR4,SSD,512GB,Iris Xe Graphics,Iris,14,FHD
HP,11990000.0,0,1,Intel Core i3,Intel,8.0,DDR4,SSD,256GB,Intel UHD Graphics,Intel,15.6,FHD
Dell,12690000.0,0,1,i3-1305U,Intel,8.0,DDR4,SSD,512GB,Intel UHD Graphics,Intel,15.6,FHD
Dell,12690000.0,0,1,i3-1305U,Intel,8.0,DDR4,SSD,512GB,Intel UHD Graphics,Intel,15.6,FHD
Lenovo,12990000.0,0,1,Intel Core i5,Intel,8.0,DDR4,SSD,512GB,Intel UHD Graphics,Intel,14.0,FHD
Acer,12990000.0,0,1,AMD Ryzen 7,AMD,16.0,DDR4,SSD,512GB,AMD Radeon Graphics,AMD,15.6,FHD
Lenovo,12990000.0,0,1,Intel Core i5,Intel,8.0,DDR4,SSD,512GB,Intel UHD Graphics,Intel,15.6,FHD
Lenovo,12990000.0,0,1,Intel Core i5,Intel,8.0,DDR4,SSD,512GB,Intel UHD Graphics,Intel,15.6,FHD
Asus,12990000.0,0,1,i5-1235U,Intel,8.0,DDR4,SSD,512GB,UHD Graphics,UHD,15.6,FHD
Lenovo,13490000.0,0,1,Intel Core i5,Intel,16.0,DDR4,SSD,512GB,Intel UHD Graphics,Intel,14.0,FHD
Asus,13490000.0,0,1,Intel Core i5-1335U,Intel,8.0,DDR4,SSD,512GB,UHD Graphics,UHD,14,FHD
HP,13690000.0,0,1,i5-1235U,Intel,8.0,DDR4,SSD,512GB,Iris Xe Graphics,Iris,14,FHD
Dell,13990000.0,0,1,i5-1235U,Intel,8.0,DDR4,SSD,512GB,Iris Xe Graphics,Iris,15.6,FHD
Lenovo,13990000.0,0,1,Intel Core i5-12450H,Intel,16.0,LPDDR5,SSD,512GB,UHD Graphics,UHD,14,FHD
Acer,13990000.0,0,1,Intel Core i5-1135G7,Intel,8.0,DDR4,SSD,512GB,Iris Xe Graphics,Iris,14,FHD
Lenovo,14490000.0,0,1,AMD Ryzen 7,AMD,16.0,DDR4,SSD,512GB,AMD Radeon Graphics,AMD,15.6,FHD
Asus,14990000.0,0,1,Intel Core i5,Intel,8.0,DDR5,SSD,512GB,Intel UHD Graphics,Intel,15.6,FHD
Asus,14990000.0,0,1,Intel Core i5,Intel,8.0,DDR5,SSD,512GB,Intel UHD Graphics,Intel,14.0,FHD
Acer,14990000.0,0,1,Intel Core i5-1335U,Intel,8.0,LPDDR5,SSD,512GB,UHD Graphics,UHD,14,FHD
Asus,15290000.0,0,1,Intel Core i7,Intel,16.0,,SSD,512GB,Intel Iris Xe Graphics,Intel,14.0,FHD
Dell,15290000.0,0,1,Intel Core i5,Intel,16.0,DDR4,SSD,512GB,Intel Iris Xe Graphics,Intel,15.6,FHD
MSI,15290000.0,0,1,Intel Core i5,Intel,8.0,DDR4,SSD,512GB,NVIDIA RTX 2050 4GB GDDR6,NVIDIA,15.6,FHD
Asus,15290000.0,0,1,Intel Core i5-1335U,Intel,16.0,DDR4,SSD,512GB,Iris Xe Graphics,Iris,15.6,FHD
Lenovo,15490000.0,0,1,Intel Core i5,Intel,16.0,LPDDR5,SSD,1TB,Intel UHD Graphics,Intel,15.6,FHD
Acer,15490000.0,0,1,Intel Core i5,Intel,8.0,DDR4,SSD,512GB,NVIDIA RTX 2050 4GB GDDR6,NVIDIA,15.6,FHD
Dell,15490000.0,0,1,Intel Core i5,Intel,16.0,DDR4,SSD,512GB,Intel Iris Xe Graphics,Intel,15.6,FHD
Acer,15490000.0,0,1,Intel Core i5-13420H,Intel,8.0,DDR4,SSD,512GB,GeForce RTX 2050 4 GB GDDR6,GeForce,15.6,FHD
HP,15490000.0,0,1,i5-1235U,Intel,8.0,DDR4,SSD,256GB,NVIDIA MX550 2GB,NVIDIA,15.6,FHD
Asus,15790000.0,0,1,Intel Core i5,Intel,16.0,DDR5,SSD,512GB,Intel UHD Graphics,Intel,14.0,FHD
Asus,15790000.0,0,1,Intel Core i5,Intel,16.0,DDR5,SSD,512GB,Intel UHD Graphics,Intel,15.6,FHD
Acer,15990000.0,0,1,Intel Core i7,Intel,16.0,DDR5,SSD,512GB,Intel UHD Graphics,Intel,16.0,FHD
HP,15990000.0,0,1,Intel Core i5,Intel,16.0,DDR4,SSD,512GB,Intel Iris Xe Graphics,Intel,15.6,FHD
Asus,15990000.0,0,1,Intel Core i5,Intel,16.0,DDR4,SSD,512GB,Intel Iris Xe Graphics,Intel,14.0,FHD
Lenovo,15990000.0,0,1,Intel Core i5-12450H,Intel,16.0,LPDDR5,SSD,512GB,UHD Graphics,UHD,14,FHD
MSI,15990000.0,0,1,AMD Ryzen 5 7535HS,Ryzen,8.0,DDR5,SSD,512GB,GeForce RTX 2050 4GB GDDR6,GeForce,15.6,FHD
MSI,15990000.0,0,1,Intel Core i7-1355U,Intel,16.0,DDR4,SSD,512GB,Intel Iris Xe Graphics,Intel,14,FHD
Acer,16490000.0,0,1,Intel Core i5-13420H,Intel,16.0,LPDDR5,SSD,512GB,UHD Graphics,UHD,15.6,FHD
HP,16490000.0,0,1,Intel Core i5-1335U,Intel,8.0,DDR4,SSD,256GB,Intel UHD Graphics,Intel,14,FHD
HP,16490000.0,0,1,Intel Core i7-1255U,Intel,8.0,DDR4,SSD,512GB,Iris Xe Graphics,Iris,14,FHD
MSI,16490000.0,0,1,Intel Core i7-1355U,Intel,16.0,DDR4,SSD,512GB,Intel Iris Xe Graphics,Intel,15.6,FHD
Asus,16790000.0,0,1,Intel Core i5,Intel,16.0,DDR5,SSD,512GB,Intel UHD Graphics,Intel,15.6,FHD
Asus,16790000.0,0,1,Intel Core i5,Intel,16.0,DDR5,SSD,512GB,Intel UHD Graphics,Intel,14.0,FHD
HP,16990000.0,0,1,Intel Core i5,Intel,8.0,DDR4,SSD,512GB,Intel Iris Xe Graphics,Intel,15.6,FHD
MSI,16990000.0,0,1,Intel Core i7,Intel,16.0,DDR4,SSD,512GB,NVIDIA RTX 2050 4GB GDDR6,NVIDIA,15.6,FHD
Lenovo,16990000.0,0,1,Intel Core i5,Intel,16.0,DDR5,SSD,512GB,Intel UHD Graphics,Intel,14.0,FHD
Lenovo,16990000.0,0,1,Intel Core i5,Intel,16.0,DDR5,SSD,512GB,Intel UHD Graphics,Intel,16.0,FHD
Asus,16990000.0,0,1,Intel Core i7,Intel,16.0,DDR4,SSD,512GB,Intel UHD Graphics,Intel,14.0,FHD
Asus,16990000.0,0,1,Intel Core i5,Intel,16.0,DDR4,SSD,512GB,NVIDIA RTX 2050 4GB GDDR6,NVIDIA,16.0,FHD
Asus,16990000.0,0,1,AMD Ryzen 5 7535HS,Ryzen,8.0,DDR5,SSD,512GB,GeForce RTX 3050 4GB GDDR6,GeForce,15.6 FHD IPS 144Hz,
Acer,16990000.0,0,1,Intel Core i5-13420H,Intel,8.0,DDR5,SSD,512GB,GeForce RTX 2050 4 GB GDDR6,GeForce,15.6,FHD
Asus,16990000.0,0,1,Intel Core i5-13500H,Intel,16.0,DDR4,SSD,512GB,Iris Xe Graphics,Iris,14,FHD
MSI,17490000.0,0,1,Intel Core i5,Intel,8.0,DDR4,SSD,512GB,NVIDIA RTX 3050 4GB GDDR6,NVIDIA,15.6,FHD
Lenovo,17490000.0,0,1,Intel Core i7,Intel,16.0,LPDDR5,SSD,512GB,Intel UHD Graphics,Intel,14.0,FHD
HP,17490000.0,0,1,Intel Core i5-1335U,Intel,8.0,DDR4,SSD,512GB,Intel UHD Graphics,Intel,14,FHD
Acer,17990000.0,0,1,Intel Core i7,Intel,16.0,LPDDR5,SSD,1TB,Intel Iris Xe Graphics,Intel,15.6,FHD
Asus,17990000.0,0,1,Intel Core i5,Intel,16.0,DDR4,SSD,512GB,Intel Iris Xe Graphics,Intel,15.6,FHD
Lenovo,17990000.0,0,1,Intel Core i5-12450HX,Intel,12.0,DDR5,SSD,512GB,GeForce RTX 2050 4GB GDDR6,GeForce,15.6,FHD
Lenovo,17990000.0,0,1,Intel Core i7-1255U,Intel,8.0,DDR4,SSD,512GB,Iris Xe Graphics,Iris,14,FHD
HP,18190000.0,0,1,Intel Core i5,Intel,16.0,DDR4,SSD,512GB,Intel Iris Xe Graphics,Intel,15.6,FHD
Dell,18290000.0,0,1,Intel Core i5-1355U,Intel,8.0,DDR4,SSD,512GB,GeForce MX550 2GB,GeForce,14,FHD
HP,18490000.0,0,1,Intel Core i5,Intel,16.0,DDR4,SSD,512GB,NVIDIA MX550 2GB GDDR6,NVIDIA,15.6,FHD
Lenovo,18490000.0,0,1,Intel Core i5,Intel,16.0,DDR5,SSD,512GB,Intel UHD Graphics,Intel,14.0,FHD
HP,18490000.0,0,1,Intel Core i5,Intel,16.0,DDR4,SSD,512GB,Intel Iris Xe Graphics,Intel,15.6,FHD
Acer,18490000.0,0,1,Intel Core i5,Intel,16.0,DDR4,SSD,512GB,NVIDIA RTX 2050 4GB GDDR6,NVIDIA,15.6,FHD
MSI,18490000.0,0,1,Intel Core i7,Intel,16.0,DDR4,SSD,1TB,Intel Iris Xe Graphics,Intel,14.0,FHD
HP,18490000.0,0,1,Intel Core i5-1335U,Intel,16.0,DDR4,SSD,512GB,Intel Iris Xe Graphics,Intel,15.6,FHD
Asus,18590000.0,0,1,AMD Ryzen 7,AMD,16.0,DDR5,SSD,512GB,NVIDIA RTX 2050 4GB GDDR6,NVIDIA,15.6,FHD
Lenovo,18990000.0,0,1,Intel Core i5,Intel,16.0,DDR4,SSD,512GB,Intel UHD Graphics,Intel,16.0,FHD
Asus,18990000.0,0,1,Intel Core i5,Intel,16.0,DDR4,SSD,512GB,NVIDIA RTX 3050 4GB GDDR6,NVIDIA,16.0,FHD
Dell,18990000.0,0,1,Intel Core i5,Intel,8.0,DDR5,SSD,512GB,Intel UHD Graphics,Intel,14.0,FHD
MSI,18990000.0,0,1,Intel Core i7,Intel,16.0,DDR4,SSD,1TB,Intel Iris Xe Graphics,Intel,15.6,FHD
MSI,18990000.0,0,1,Intel Core i7,Intel,8.0,DDR4,SSD,512GB,NVIDIA RTX 3050 4GB GDDR6,NVIDIA,15.6,FHD
HP,19290000.0,0,1,Intel Core 5,Intel,16.0,DDR4,SSD,1TB,Intel Graphics,Intel,15.6,FHD
HP,19290000.0,0,1,Intel Core i7-1355U,Intel,16.0,DDR4,SSD,512GB,Iris Xe Graphics,Iris,15.6,FHD
Asus,19390000.0,0,1,Intel Core i7,Intel,16.0,DDR5,SSD,512GB,Intel UHD Graphics,Intel,15.6,FHD
Asus,19390000.0,0,1,Intel Core i7,Intel,16.0,DDR5,SSD,512GB,Intel UHD Graphics,Intel,14.0,FHD
Lenovo,19490000.0,0,1,Intel Core 5,Intel,16.0,LPDDR5X,SSD,512GB,Intel Graphics,Intel,15.3,FHD
Acer,19490000.0,0,1,Intel Core i7,Intel,16.0,LPDDR5,SSD,512GB,Intel UHD Graphics,Intel,15.6,FHD
Dell,19490000.0,0,1,Intel Core i5-1335U,Intel,16.0,DDR4,SSD,512GB,"GeForce MX550, 2 GB GDDR6",GeForce,15.6,FHD
Lenovo,19790000.0,0,1,AMD Ryzen 5,AMD,12.0,DDR5,SSD,512GB,NVIDIA RTX 3050 6GB GDDR6,NVIDIA,15.6,FHD
Dell,19790000.0,0,1,Intel Core i5,Intel,16.0,DDR5,SSD,512GB,Intel Iris Xe Graphics,Intel,14.0,FHD
HP,19890000.0,0,1,Intel Core i7,Intel,16.0,DDR4,SSD,512GB,Intel Iris Xe Graphics,Intel,14.0,FHD
Lenovo,19990000.0,0,1,Intel Core 5,Intel,32.0,LPDDR5X,SSD,512GB,Intel Graphics,Intel,15.3,FHD
Asus,20390000.0,0,1,Intel Core i7,Intel,16.0,DDR5,SSD,512GB,Intel UHD Graphics,Intel,15.6,FHD
Asus,20390000.0,0,1,Intel Core i7,Intel,16.0,DDR5,SSD,512GB,Intel UHD Graphics,Intel,14.0,FHD
Asus,20390000.0,0,1,Intel Core i7,Intel,16.0,DDR4,SSD,512GB,Intel Iris Xe Graphics,Intel,15.6,FHD
Acer,20990000.0,0,1,AMD Ryzen 5,AMD,16.0,DDR5,SSD,512GB,NVIDIA RTX 2050 4GB GDDR6,NVIDIA,15.6,FHD
Dell,20990000.0,0,1,Intel Core i7,Intel,16.0,DDR4,SSD,1TB,Intel Iris Xe Graphics,Intel,15.6,FHD
Lenovo,20990000.0,0,1,Intel Core i5,Intel,12.0,DDR5,SSD,512GB,NVIDIA RTX 3050 6GB GDDR6,NVIDIA,15.6,FHD
Lenovo,20990000.0,0,1,Intel Core Ultra 5 125H,Intel,16.0,LPDDR5X,SSD,512GB,Intel Arc Graphics,Intel,14,FHD
HP,21090000.0,0,1,Intel Core i7-1355U,Intel,8.0,DDR4,SSD,512GB,Intel Iris Xe Graphics,Intel,15.6,FHD
Gaming,21290000.0,0,1,Intel Core i5-13500H,Intel,8.0,DDR5,SSD,512GB,GeForce RTX 4050 6 GB GDDR6,GeForce,15.6,FHD
HP,21490000.0,0,1,AMD Ryzen 7,AMD,16.0,LPDDR5X,SSD,512GB,AMD Radeon Graphics,AMD,14.0,FHD
Lenovo,21490000.0,0,1,AMD Ryzen 5,AMD,24.0,,SSD,512GB,NVIDIA RTX 3050 6GB GDDR6,NVIDIA,15.6,FHD
Lenovo,21790000.0,0,1,Intel Core Ultra 5,Intel,16.0,,SSD,1TB,Intel Arc Graphics,Intel,14.0,FHD
HP,21790000.0,0,1,Intel Core i7,Intel,16.0,DDR4,SSD,512GB,Intel Iris Xe Graphics,Intel,15.6,FHD
Lenovo,21890000.0,0,1,Intel Core Ultra 5,Intel,16.0,LPDDR5X,SSD,512GB,Intel Arc Graphics,Intel,16.0,FHD
Lenovo,21990000.0,0,1,Intel Core Ultra 5,Intel,16.0,DDR5,SSD,512GB,Intel Graphics,Intel,14.0,FHD
Asus,22490000.0,0,1,Intel Core i5,Intel,16.0,DDR4,SSD,512GB,NVIDIA RTX 4050 6GB GDDR6,NVIDIA,16.0,FHD
Asus,22490000.0,0,1,Intel Core i9,Intel,16.0,DDR4,SSD,512GB,Intel Iris Xe Graphics,Intel,15.6,FHD
Lenovo,22490000.0,0,1,Intel Core i7-1355U,Intel,16.0,DDR4,SSD,512GB,Iris Xe Graphics,Iris,14,FHD
Acer,22990000.0,0,1,Intel Core i5,Intel,16.0,DDR5,SSD,512GB,NVIDIA RTX 3050 6GB GDDR6,NVIDIA,15.6,FHD
Lenovo,23490000.0,0,1,Qualcomm Snapdragon X Plus,Qualcomm,16.0,LPDDR5X,SSD,512GB,Adreno GPU,Adreno,14.0,FHD
Dell,23790000.0,0,1,Intel Core 7,Intel,16.0,,SSD,512GB,Intel Graphics,Intel,14.0,FHD
HP,23990000.0,0,1,Intel Core i7,Intel,16.0,DDR4,SSD,512GB,Intel UHD Graphics,Intel,14.0,FHD
Asus,23990000.0,0,1,Intel Core Ultra 5,Intel,16.0,LPDDR5X,SSD,1TB,Intel Arc Graphics,Intel,14.0,FHD
Gaming,23990000.0,0,1,Intel Core i5-13500H,Intel,8.0,DDR5,SSD,512GB,GeForce RTX 4060 8GB GDDR6,GeForce,15.6,FHD
HP,23990000.0,0,1,Intel Core i7-1355U,Intel,16.0,DDR4,SSD,512GB,GeForce MX550 2 GB GDDR6,GeForce,15.6,FHD
Lenovo,23990000.0,0,1,Intel Core i7-13700H,Intel,16.0,LPDDR5X,SSD,512GB,Iris Xe Graphics,Iris,14,FHD
Asus,23990000.0,0,1,Intel Core i7-1355U,Intel,16.0,LPDDR5X,SSD,512GB,Iris Xe Graphics,Iris,13.3,FHD
MSI,24490000.0,0,1,Intel Core i7,Intel,16.0,,SSD,512GB,NVIDIA RTX 4050 6GB GDDR6,NVIDIA,14.0,FHD
Acer,24490000.0,0,1,AMD Ryzen 5 7535HS,Ryzen,8.0,DDR5,SSD,512GB,GeForce RTX 4050 6GB GDDR6,GeForce,16,FHD
Gaming,24490000.0,0,1,Intel Core i5-13500H,Intel,16.0,DDR5,SSD,512GB,GeForce RTX 4060 8GB GDDR6,GeForce,15.6,FHD
MSI,24490000.0,0,1,Intel Core i5-13500H,Intel,16.0,LPDDR5,SSD,512GB,Intel Iris Xe Graphics,Intel,14,FHD
Asus,24990000.0,0,1,Intel Core Ultra 7,Intel,16.0,LPDDR5X,SSD,512GB,Intel Arc Graphics,Intel,14.0,FHD
Lenovo,24990000.0,0,1,Intel Core i5,Intel,12.0,DDR5,SSD,512GB,NVIDIA RTX 4050 6GB GDDR6,NVIDIA,15.6,FHD
Lenovo,24990000.0,0,1,AMD Ryzen 7,AMD,12.0,DDR5,SSD,512GB,NVIDIA RTX 4050 6GB GDDR6,NVIDIA,15.6,FHD
HP,24990000.0,0,1,Intel Core i7-1355U,Intel,16.0,DDR4,SSD,512GB,Intel Iris Xe Graphics,Intel,14,FHD
Dell,25190000.0,0,1,Intel Core 5,Intel,16.0,DDR5,SSD,512GB,NVIDIA MX570A 2GB GDDR6,NVIDIA,14.0,FHD
Dell,25390000.0,0,1,Intel Core 7,Intel,16.0,DDR5,SSD,512GB,Intel Graphics,Intel,14.0,FHD
Lenovo,25490000.0,0,1,Intel Core Ultra 7,Intel,32.0,LPDDR5X,SSD,512GB,Intel Arc Graphics,Intel,14.0,FHD
Lenovo,25490000.0,0,1,Intel Core Ultra 7,Intel,32.0,LPDDR5X,SSD,512GB,Intel Arc Graphics,Intel,16.0,FHD
Asus,25490000.0,0,1,i7-13620H,Intel,8.0,DDR5,SSD,512GB,GeForce RTX 4050 6GB GDDR6,GeForce,15.6,FHD
Acer,25790000.0,0,1,Intel Core i5,Intel,16.0,DDR5,SSD,512GB,NVIDIA RTX 4050 6GB GDDR6,NVIDIA,15.6,FHD
Dell,25890000.0,0,1,Intel Core 7,Intel,16.0,DDR5,SSD,1TB,Intel Graphics,Intel,16.0,FHD
Acer,25990000.0,0,1,AMD Ryzen 5,AMD,16.0,DDR5,SSD,512GB,NVIDIA RTX 3050 6GB GDDR6,NVIDIA,16.0,FHD
Asus,25990000.0,0,1,AMD Ryzen 7,AMD,16.0,DDR5,SSD,512GB,NVIDIA RTX 4060 8GB GDDR6,NVIDIA,16.0,FHD
Asus,25990000.0,0,1,AMD Ryzen 7,AMD,16.0,DDR5,SSD,512GB,NVIDIA RTX 4050 6GB GDDR6,NVIDIA,15.6,FHD
Gaming,25990000.0,0,1,Intel Core i7,Intel,16.0,DDR5,SSD,1TB,NVIDIA RTX 4050 6GB GDDR6,NVIDIA,16.0,FHD
Asus,25990000.0,0,1,Intel Core Ultra 5,Intel,16.0,LPDDR5X,SSD,512GB,Intel Arc Graphics,Intel,14.0,FHD
Lenovo,25990000.0,0,1,Intel Core i5-12450HX,Intel,16.0,DDR5,SSD,512GB,GeForce RTX 4050 6 GB GDDR6,GeForce,15.6,FHD
Asus,25990000.0,0,1,Intel Core Ultra 5,Intel,16.0,LPDDR5X,SSD,512GB,Intel Arc Graphics,Intel,14.0,FHD
Lenovo,26490000.0,0,1,Ultra 7 155H,Intel,32.0,LPDDR5X,SSD,1TB,Intel Arc Graphics,Intel,14,FHD
MSI,26490000.0,0,1,Ryzen 7 8845HS,Ryzen,16.0,DDR5,SSD,512GB,GeForce RTX 4050 6GB GDDR6,GeForce,15.6,FHD
Asus,26890000.0,0,1,AMD Ryzen 7,AMD,16.0,DDR5,SSD,512GB,NVIDIA RTX 4060 8GB GDDR6,NVIDIA,15.6,FHD
Asus,26890000.0,0,1,Intel Core Ultra 7,Intel,16.0,LPDDR5X,SSD,512GB,Intel Arc Graphics,Intel,16.0,FHD
HP,26990000.0,0,1,AMD Ryzen 5,AMD,32.0,,SSD,512GB,NVIDIA RTX 3050 6GB GDDR6,NVIDIA,16.1,FHD
HP,26990000.0,0,1,AMD Ryzen 5,AMD,32.0,DDR5,SSD,512GB,NVIDIA RTX 3050 6GB GDDR6,NVIDIA,16.1,FHD
Asus,26990000.0,0,1,Intel Core Ultra 7,Intel,16.0,LPDDR5X,SSD,512GB,Intel Arc Graphics,Intel,14.0,FHD
Gaming,27290000.0,0,1,i7-13620H,Intel,16.0,DDR5,SSD,512GB,GeForce RTX 4060 8 GB GDDR6,GeForce,16,FHD
Acer,27490000.0,0,1,AMD Ryzen 7,AMD,16.0,DDR5,SSD,512GB,NVIDIA RTX 3050 6GB GDDR6,NVIDIA,16.0,FHD
Dell,27490000.0,0,1,Intel Core i7-1355U,Intel,16.0,DDR4,SSD,512GB,Intel Iris Xe Graphics,Intel,14,FHD
Asus,27990000.0,0,1,Intel Core i7,Intel,16.0,DDR5,SSD,512GB,NVIDIA RTX 4050 6GB GDDR6,NVIDIA,15.6,FHD
Acer,27990000.0,0,1,AMD Ryzen 5,AMD,8.0,DDR5,SSD,512GB,NVIDIA RTX 4050 6GB GDDR6,NVIDIA,16.0,FHD
MSI,27990000.0,0,1,Intel Core i7,Intel,16.0,DDR5,SSD,512GB,NVIDIA RTX 4060 8GB GDDR6,NVIDIA,15.6,FHD
MSI,27990000.0,0,1,Intel Core Ultra 7,Intel,16.0,DDR5,SSD,512GB,NVIDIA RTX 4050 6GB GDDR6,NVIDIA,15.6,FHD
MSI,27990000.0,0,1,AMD Ryzen 7 8840HS,AMD,16.0,DDR5,SSD,512GB,GeForce RTX 4060 8GB GDDR6,GeForce,15.6,FHD
HP,27990000.0,0,1,Intel Core i7-13700H,Intel,16.0,DDR5,SSD,512GB,GeForce RTX 3050,GeForce,16.1,FHD
MSI,27990000.0,0,1,i7-13620H,Intel,16.0,DDR5,SSD,1TB,GeForce RTX 4060 8GB,GeForce,15.6,FHD
HP,28490000.0,0,1,Intel Core Ultra 5,Intel,16.0,LPDDR5,SSD,1TB,Intel Graphics,Intel,14.0,FHD
HP,28490000.0,0,1,Intel Core Ultra 5,Intel,16.0,LPDDR5,SSD,1TB,Intel Graphics,Intel,14.0,FHD
Lenovo,28890000.0,0,1,AMD Ryzen 7,AMD,24.0,,SSD,512GB,NVIDIA RTX 4060 8GB GDDR6,NVIDIA,15.6,FHD
Asus,28890000.0,0,1,Ryzen 7 7735HS,Ryzen,16.0,DDR5,SSD,1TB,GeForce RTX 4060 8GB GDDR6,GeForce,15.6 FHD IPS 144Hz 100% sRGB,
Lenovo,28990000.0,0,1,Intel Core i7,Intel,16.0,DDR5,SSD,512GB,NVIDIA RTX 4050 6GB GDDR6,NVIDIA,15.6,FHD
Lenovo,28990000.0,0,1,Ultra 7 155H,Intel,32.0,LPDDR5X,SSD,512GB,Intel Arc Graphics,Intel,14,FHD
Lenovo,29490000.0,0,1,Ultra 7 155H,Intel,32.0,LPDDR5X,SSD,1TB,Intel Arc Graphics,Intel,14,FHD
Asus,29490000.0,0,1,i5-13450HX,Intel,8.0,DDR5,SSD,512GB,GeForce RTX 4050 6GB,GeForce,16,FHD
Lenovo,29990000.0,0,1,Intel Core Ultra 5,Intel,16.0,DDR5,SSD,512GB,Intel Graphics,Intel,14.0,FHD
Asus,29990000.0,0,1,Intel Core i7,Intel,16.0,DDR5,SSD,1TB,NVIDIA RTX 4060 8GB GDDR6,NVIDIA,15.6,FHD
HP,29990000.0,0,1,i7-13620H,Intel,8.0,DDR4,SSD,512GB,GeForce RTX 3050,GeForce,15.6,FHD
HP,30490000.0,0,1,AMD Ryzen 5,AMD,32.0,DDR5,SSD,512GB,NVIDIA RTX 4050 6GB GDDR6,NVIDIA,16.1,FHD
HP,30490000.0,0,1,AMD Ryzen 5,AMD,32.0,DDR5,SSD,512GB,NVIDIA RTX 4050 6GB GDDR6,NVIDIA,16.1,FHD
Asus,30990000.0,0,1,Ultra 7 155H,Intel,32.0,LPDDR5X,SSD,1TB,Intel Arc Graphics,Intel,14,FHD
Acer,31490000.0,0,1,AMD Ryzen 9,AMD,8.0,DDR5,SSD,512GB,NVIDIA RTX 4060 8GB GDDR6,NVIDIA,16.0,FHD
MSI,31490000.0,0,1,Intel Core i7,Intel,16.0,DDR5,SSD,1TB,NVIDIA RTX 4050 6GB GDDR6,NVIDIA,16.0,FHD
Dell,31490000.0,0,1,Intel Core 7,Intel,16.0,DDR5,SSD,1TB,NVIDIA MX570A 2GB GDDR6,NVIDIA,16.0,FHD
HP,31990000.0,0,1,Intel Core Ultra 7,Intel,16.0,LPDDR5,SSD,1TB,,,14.0,FHD
HP,31990000.0,0,1,Intel Core Ultra 7,Intel,16.0,LPDDR5,SSD,1TB,Intel Graphics,Intel,14.0,FHD
Lenovo,31990000.0,0,1,Intel Core i7,Intel,24.0,DDR5,SSD,512GB,NVIDIA RTX 4060 8GB GDDR6,NVIDIA,15.6,FHD
HP,32490000.0,0,1,Intel Core Ultra 7,Intel,32.0,LPDDR5,SSD,512GB,Intel Graphics,Intel,14.0,FHD
HP,32490000.0,0,1,Intel Core Ultra 7,Intel,32.0,LPDDR5,SSD,512GB,Intel Graphics,Intel,14.0,FHD
MSI,32490000.0,0,1,Intel Core Ultra 7,Intel,32.0,DDR5,SSD,1TB,NVIDIA RTX 4050 6GB GDDR6,NVIDIA,14.0,FHD
HP,32590000.0,0,1,AMD Ryzen 7,AMD,32.0,LPDDR5,SSD,1TB,AMD Radeon Graphics,AMD,14.0,FHD
Acer,32990000.0,0,1,AMD Ryzen 7,AMD,16.0,DDR5,SSD,512GB,NVIDIA RTX 4060 8GB GDDR6,NVIDIA,16.0,FHD
Asus,32990000.0,0,1,Qualcomm Snapdragon X Elite,Qualcomm,32.0,LPDDR5X,SSD,1TB,SD X Adreno,SD,15.6,FHD
Asus,32990000.0,0,1,Qualcomm Snapdragon X Elite,Qualcomm,32.0,LPDDR5X,SSD,1TB,SD X Adreno,SD,15.6,FHD
HP,33990000.0,0,1,AMD Ryzen 5,AMD,32.0,DDR5,SSD,512GB,NVIDIA RTX 4060 8GB GDDR6,NVIDIA,16.1,FHD
LG,34990000.0,0,1,Intel Core Ultra 7,Intel,16.0,LPDDR5X,SSD,512GB,Intel Arc Graphics,Intel,14.0,FHD
Lenovo,34990000.0,0,1,Intel Core i7,Intel,24.0,DDR5,SSD,512GB,NVIDIA RTX 4060 8GB GDDR6,NVIDIA,15.6,FHD
Acer,34990000.0,0,1,i5-13500HX,Intel,8.0,DDR5,SSD,512GB,GeForce RTX 4050 6GB,GeForce,16,FHD
MSI,35290000.0,0,1,i7-14700HX,Intel,16.0,DDR5,SSD,1TB,GeForce RTX 4060 8GB GDDR6,GeForce,16” QHD+ IPS 240Hz 100% DCI-P3,
Lenovo,36490000.0,0,1,Intel Core Ultra 5,Intel,32.0,DDR5,SSD,1TB,Intel Graphics,Intel,14.0,FHD
Asus,36490000.0,0,1,i7-13620H,Intel,16.0,DDR5,SSD,512GB,eForce RTX 4070 8GB GDDR6,eForce,15.6,FHD
Gaming,36990000.0,0,1,AMD Ryzen 7,AMD,8.0,DDR5,SSD,1TB,NVIDIA RTX 4070 8GB GDDR6,NVIDIA,15.6,FHD
MSI,37490000.0,0,1,Intel Core i7,Intel,16.0,DDR5,SSD,1TB,NVIDIA RTX 4070 8GB GDDR6,NVIDIA,15.6,FHD
MSI,37490000.0,0,1,i7-13620H,Intel,16.0,DDR5,SSD,1TB,GeForce RTX 4070 8GB,GeForce,15.6,FHD
Acer,37990000.0,0,1,i7-13700HX,Intel,8.0,DDR5,SSD,512GB,GeForce RTX 4050 6GB,GeForce,16,FHD
HP,38490000.0,0,1,AMD Ryzen 7,AMD,16.0,DDR5,SSD,512GB,NVIDIA RTX 4060 8GB GDDR6,NVIDIA,16.0,FHD
MSI,38490000.0,0,1,Intel Core i7-13700H,Intel,16.0,DDR5,SSD,512GB,GeForce RTX 4050 6GB,GeForce,16,FHD
HP,38690000.0,0,1,Intel Core i7,Intel,32.0,DDR5,SSD,512GB,NVIDIA RTX 4060 8GB GDDR6,NVIDIA,16.1,FHD
Lenovo,38990000.0,0,1,Intel Core i7,Intel,16.0,DDR5,SSD,512GB,NVIDIA RTX 4060 8GB GDDR6,NVIDIA,16.0,FHD
Gaming,38990000.0,0,1,AMD Ryzen 9,AMD,16.0,DDR5,SSD,1TB,NVIDIA RTX 4070 8GB GDDR6,NVIDIA,15.6,FHD
LG,39890000.0,0,1,Intel Core Ultra 7,Intel,16.0,LPDDR5X,SSD,512GB,Intel Arc Graphics,Intel,14.0,FHD
Acer,39990000.0,0,1,Intel Core i7,Intel,32.0,LPDDR5,SSD,1TB,NVIDIA RTX 4050 6GB GDDR6,NVIDIA,14.5,FHD
Asus,39990000.0,0,1,Intel Core i7,Intel,16.0,DDR5,SSD,512GB,NVIDIA RTX 4060 8GB GDDR6,NVIDIA,16.0,FHD
Asus,40990000.0,0,1,Ryzen AI 9,Ryzen,16.0,LPDDR5X,SSD,1TB,NVIDIA RTX 4060 8GB GDDR6,NVIDIA,14.0,FHD
Asus,41490000.0,0,1,Intel Core Ultra 7,Intel,32.0,LPDDR5X,SSD,1TB,Intel Arc Graphics,Intel,13.3,FHD
MSI,41490000.0,0,1,Intel Core i7-13700H,Intel,16.0,LPDDR5,SSD,1TB,GeForce RTX 4050 6GB,GeForce,16,FHD
LG,41590000.0,0,1,Intel Core Ultra 5,Intel,16.0,LPDDR5X,SSD,512GB,Intel Arc Graphics,Intel,14.0,FHD
Lenovo,41990000.0,0,1,Intel Core i7,Intel,16.0,DDR5,SSD,1TB,NVIDIA RTX 4060 8GB GDDR6,NVIDIA,16.0,FHD
Acer,43990000.0,0,1,Intel Core Ultra 7,Intel,32.0,LPDDR5,SSD,1TB,NVIDIA RTX 4050 6GB GDDR6,NVIDIA,14.5,FHD
LG,43990000.0,0,1,Intel Core Ultra 7,Intel,16.0,LPDDR5X,SSD,512GB,Intel Arc Graphics,Intel,15.6,FHD
LG,43990000.0,0,1,Intel Core Ultra 7,Intel,16.0,LPDDR5X,SSD,512GB,Intel Arc Graphics,Intel,16.0,FHD
Lenovo,43990000.0,0,1,Intel Core Ultra 7,Intel,32.0,LPDDR5X,SSD,1TB,NVIDIA RTX 4050 6GB GDDR6,NVIDIA,14.5,FHD
Dell,44490000.0,0,1,Intel Core i9,Intel,16.0,DDR5,SSD,1TB,NVIDIA RTX 4060 8GB GDDR6,NVIDIA,15.6,FHD
HP,44890000.0,0,1,Intel Core i7,Intel,32.0,DDR5,SSD,512GB,NVIDIA RTX 4070 8GB GDDR6,NVIDIA,16.1,FHD
Asus,44990000.0,0,1,Intel Core Ultra 7,Intel,32.0,,SSD,1TB,Intel Arc Graphics,Intel,14.0,FHD
HP,44990000.0,0,1,i7-12700H,Intel,16.0,DDR5,SSD,512GB,GeForce RTX 3060 6GB,GeForce,"16  4K UHD (3840 x 2160), OLED Touchscree",
Acer,45990000.0,0,1,Intel Core Ultra 7,Intel,32.0,LPDDR5,SSD,1TB,NVIDIA RTX 4060 8GB GDDR6,NVIDIA,14.5,FHD
LG,45990000.0,0,1,Intel Core Ultra 7,Intel,16.0,LPDDR5X,SSD,1TB,Intel Arc Graphics,Intel,17.0,FHD
Lenovo,45990000.0,0,1,Intel Core Ultra 7,Intel,32.0,LPDDR5X,SSD,1TB,NVIDIA RTX 4050 6GB GDDR6,NVIDIA,14.5,FHD
Lenovo,45990000.0,0,1,Intel Core i9,Intel,32.0,DDR5,SSD,1TB,NVIDIA RTX 4060 8GB GDDR6,NVIDIA,16.0,FHD
Asus,45990000.0,0,1,Intel Core Ultra 7,Intel,16.0,LPDDR5X,SSD,512GB,Intel Arc Graphics,Intel,2 màn hình 14.0,FHD
MSI,47990000.0,0,1,Intel Core Ultra 7,Intel,32.0,DDR5,SSD,1TB,NVIDIA RTX 4060 8GB GDDR6,NVIDIA,14.0,FHD
LG,48590000.0,0,1,Intel Core Ultra 7,Intel,16.0,,SSD,512GB,Intel Arc Graphics,Intel,16.0,FHD
Acer,49990000.0,0,1,Intel Core Ultra 7,Intel,32.0,LPDDR5X,SSD,2TB,NVIDIA RTX 4060 8GB GDDR6,NVIDIA,16.0,FHD
Dell,49990000.0,0,1,Intel Core Ultra 5,Intel,16.0,LPDDR5X,SSD,1TB,Intel Arc Graphics,Intel,13.4,FHD
HP,50890000.0,0,1,Ryzen 7 6800H,Ryzen,16.0,DDR5,SSD,1TB,NVIDIA GeForce RTX 3060 6GB,NVIDIA,16.1,FHD
Lenovo,50990000.0,0,1,Intel Core i9,Intel,32.0,DDR5,SSD,1TB,NVIDIA RTX 4070 8GB GDDR6,NVIDIA,16.0,FHD
Acer,50990000.0,0,1,i7-14700HX,Intel,16.0,DDR5,SSD,1TB,GeForce RTX 4070 8GB GDDR6,GeForce,16,FHD
HP,51990000.0,0,1,Intel Core Ultra 7,Intel,16.0,,SSD,1TB,Intel Arc Graphics,Intel,14.0,FHD
MSI,53990000.0,0,1,Intel Core Ultra 9,Intel,32.0,LPDDR5,SSD,1TB,NVIDIA RTX 4060 8GB GDDR6,NVIDIA,16.0,FHD
Dell,55990000.0,0,1,Intel Core Ultra 7,Intel,16.0,LPDDR5X,SSD,1TB,Intel Arc Graphics,Intel,13.4,FHD
HP,56990000.0,0,1,i9-12900H,Intel,16.0,DDR5,SSD,512GB,GeForce RTX 3060 6GB,GeForce,16,FHD
MSI,56990000.0,0,1,i7-12700H,Intel,32.0,DDR5,SSD,2TB,GeForce RTX 3070 Ti 8GB,GeForce,16,FHD
HP,58990000.0,0,1,i9-12900H,Intel,16.0,DDR5,SSD,512GB,GeForce RTX 3060 6GB,GeForce,"16  4K UHD (3840 x 2160), OLED Touchscree",
MSI,59990000.0,0,1,Intel Core i7,Intel,32.0,DDR5,SSD,1TB,NVIDIA RTX A3000 12GB GDDR6,NVIDIA,16.0,FHD
HP,60990000.0,0,1,i9-12900H,Intel,32.0,DDR5,SSD,512GB,GeForce RTX 3060 6GB,GeForce,"16  4K UHD (3840 x 2160), OLED Touchscree",
MSI,61990000.0,0,1,Intel Core Ultra 7,Intel,32.0,DDR5,SSD,2TB,NVIDIA RTX 4070 8GB GDDR6,NVIDIA,16.0,FHD
HP,62890000.0,0,1,Ryzen 9 6900HX,Ryzen,32.0,DDR5,SSD,1TB,NVIDIA GeForce RTX 3070 Ti 8GB,NVIDIA,16.1,FHD
Lenovo,62990000.0,0,1,Intel Core i9,Intel,32.0,DDR5,SSD,1TB,NVIDIA RTX 4070 8GB GDDR6,NVIDIA,16.0,FHD
MSI,72990000.0,0,1,Intel Core Ultra 9,Intel,32.0,DDR5,SSD,2TB,NVIDIA RTX 4070 8GB GDDR6,NVIDIA,18.0,FHD
MSI,77990000.0,0,1,i9-13900H,Intel,32.0,DDR5,SSD,2TB,GeForce RTX 4070 8GB,GeForce,16,FHD
Lenovo,82990000.0,0,1,Intel Core i9,Intel,32.0,DDR5,SSD,1TB,NVIDIA RTX 4080 12GB GDDR6,NVIDIA,16.0,FHD
MSI,83990000.0,0,1,i9-13980HX,Intel,32.0,DDR5,SSD,2TB,GeForce RTX 4090 16GB GDDR6,GeForce,17” QHD+ IPS 240Hz,
MSI,89990000.0,0,1,Intel Core Ultra 9,Intel,32.0,DDR5,SSD,2TB,NVIDIA RTX 4080 12GB GDDR6,NVIDIA,18.0,FHD
Lenovo,94990000.0,0,1,Intel Core i9,Intel,32.0,DDR5,SSD,1TB,NVIDIA RTX 4090 16GB GDDR6,NVIDIA,16.0,FHD
MSI,95990000.0,0,1,Intel Core Ultra 9,Intel,32.0,DDR5,SSD,2TB,NVIDIA RTX 4080 12GB GDDR6,NVIDIA,18.0,FHD
MSI,99990000.0,0,1,Intel Core Ultra 9,Intel,64.0,DDR5,SSD,2TB,NVIDIA RTX 4080 12GB GDDR6,NVIDIA,18.0,FHD
MSI,101990000.0,0,1,Intel Core Ultra 9,Intel,64.0,DDR5,SSD,2TB,NVIDIA RTX 4090 16GB GDDR6,NVIDIA,16.0,FHD
Acer,102990000.0,0,1,i9-14900HX,Intel,32.0,DDR5,SSD,4TB,GeForce RTX 4090 16GB GDDR6,GeForce,18,FHD
Asus,103990000.0,0,1,Ryzen 9 7945HX,Ryzen,32.0,DDR5,SSD,1TB,GeForce RTX 4080 12GB GDDR6,GeForce,16,FHD
MSI,104990000.0,0,1,i9-13950HX,Intel,64.0,DDR5,SSD,4TB,GeForce RTX 4080 12GB,GeForce,17.3,FHD
Lenovo,128990000.0,0,1,i9-13980HX,Intel,64.0,DDR5,SSD,2TB,GeForce RTX 4090 16GB GDDR6,GeForce,16,FHD
Lenovo,134490000.0,0,1,Intel Core i9,Intel,64.0,,SSD,2TB,NVIDIA RTX 4090 16GB GDDR6,NVIDIA,16.0,FHD
Dell,52990000.0,1,0,Intel Core i7-1360P,Intel,32.0,LPDDR5,SSD,1TB,Intel Iris Xe Graphics,Intel,13.4,4K
Lenovo,23990000.0,1,0,Intel Core i7-1270P,Intel,16.0,LPDDR5,SSD,256GB,Intel Iris Xe Graphics,Intel,14.0,FHD
Dell,16990000.0,1,0,Intel Core i5-1230U,Intel,8.0,LPDDR5,SSD,512GB,Intel Iris Xe Graphics,Intel,13.4,FHD
Macbook,28990000.0,1,0,Apple M2,Apple,8.0,LPDDR5,SSD,256GB,Apple GPU,Apple,13.4,2.5K
Dell,16790000.0,1,0,Intel Core i7 12700H,Intel,16.0,DDR5,SSD,512GB,Intel Iris Xe Graphics,Intel,14.0,2K
Dell,24990000.0,1,0,Intel Core i7-11850H,Intel,16.0,DDR4,SSD,1TB,Quadro RTX A2000 4GB,Quadro,15.6,FHD
Dell,25790000.0,1,0,Intel Core i9-11950H,Intel,32.0,DDR4,SSD,512GB,Quadro RTX A2000 4GB,Quadro,15.6,FHD
Dell,25790000.0,1,0,Intel Xeon W-11955M,Intel,32.0,DDR4,SSD,1TB,Quadro RTX A2000 4GB,Quadro,15.6,FHD
Lenovo,13990000.0,1,0,Intel Core i7-10610U,Intel,16.0,LPDDR3,SSD,512GB,Intel UHD Graphics,Intel,14.0,2.5K
Lenovo,12190000.0,1,0,Intel Core i5-10310U,Intel,16.0,LPDDR3,SSD,256GB,Intel UHD 620,Intel,14.0,FHD
Lenovo,12690000.0,1,0,Intel Core i5-10310U,Intel,16.0,LPDDR3,SSD,256GB,Intel UHD 620,Intel,14.0,FHD
Lenovo,13190000.0,1,0,Intel Core i7-10610U,Intel,16.0,LPDDR3,SSD,256GB,Intel UHD 620,Intel,14.0,FHD
Lenovo,18990000.0,1,0,Intel Core i7 1185G7,Intel,16.0,LPDDR4X,SSD,512GB,Intel Iris Xe,Intel,14.0,FHD
Lenovo,19490000.0,1,0,Intel Core i7 1185G7,Intel,16.0,LPDDR4X,SSD,256GB,Intel Iris Xe Graphics,Intel,14.0,FHD
Lenovo,21990000.0,1,0,Intel Core i7 1185G7,Intel,32.0,LPDDR4X,SSD,512GB,Intel Iris Xe Graphics,Intel,14.0,4K
Lenovo,16590000.0,1,0,Intel Core i5 1135G7,Intel,32.0,LPDDR4X,SSD,256GB,Intel Iris Xe Graphics,Intel,14.0,FHD
Lenovo,20990000.0,1,0,Intel Core i7 1185G7,Intel,32.0,LPDDR4X,SSD,256GB,Intel Iris Xe Graphics,Intel,14.0,4K
Lenovo,19990000.0,1,0,Intel Core i7 1185G7,Intel,16.0,LPDDR4X,SSD,256GB,Intel Iris Xe Graphics,Intel,14.0,4K
Lenovo,12390000.0,1,0,Intel Core i7-866U,Intel,16.0,LPDDR3,SSD,256GB,Intel UHD Graphics,Intel,14.0,FHD
Lenovo,12390000.0,1,0,Intel Core i7-8565U,Intel,16.0,LPDDR3,SSD,256GB,Intel UHD Graphics,Intel,14.0,FHD
Lenovo,9990000.0,1,0,Intel Core i5 8365U,Intel,16.0,LPDDR3,SSD,512GB,Intel UHD Graphics,Intel,14.0,FHD
Lenovo,16990000.0,1,0,Intel Core i7 1160G7,Intel,16.0,LPDDR4X,SSD,256GB,Intel Iris Xe Graphics,Intel,13.0,2K
Lenovo,17390000.0,1,0,Intel Core i7-1180G7,Intel,16.0,LPDDR4X,SSD,256GB,Intel Iris Xe Graphics,Intel,13.0,2K
Lenovo,31990000.0,1,0,Intel Core i7-12800H,Intel,16.0,DDR5,SSD,512GB,Nvidia Geforce RTX 3070Ti 8GB,Nvidia,16.0,2.5K
Lenovo,14990000.0,1,0,Intel Core i7 1265U,Intel,16.0,LPDDR4,SSD,256GB,Intel Iris Xe Graphics,Intel,14.0,FHD
Microsoft,13990000.0,1,0,Intel Core i5 1135G7,Intel,8.0,LPDDR4X,SSD,256GB,Intel Iris Xe Graphics,Intel,12.3,3K
Microsoft,10790000.0,1,0,Intel Core i5 1135G7,Intel,8.0,LPDDR4X,SSD,128GB,Intel Iris Xe Graphics,Intel,12.3,3K
Lenovo,13690000.0,1,0,Intel Core i7 1185G7,Intel,16.0,LPDDR4X,SSD,256GB,Intel Iris Xe Graphics,Intel,13.0,FHD
Dell,9990000.0,1,0,Intel Core i5 1135G7,Intel,16.0,DDR4,SSD,512GB,Intel Iris Xe Graphics,Intel,15.6,FHD
Lenovo,19990000.0,1,0,Intel Core i7 10850H,Intel,32.0,DDR4,SSD,1TB,Geforce GTX 1650Ti Max-Q 4GB,Geforce,15.6,FHD
Lenovo,17990000.0,1,0,Intel Core i7 1185G7,Intel,32.0,LPDDR4X,SSD,512GB,Intel Iris Xe Graphics,Intel,14.0,FHD
Lenovo,34990000.0,1,0,Intel Xeon W-11855M,Intel,32.0,DDR4,SSD,1TB,Quadro RTX A2000 4GB,Quadro,16.0,4K
Lenovo,28990000.0,1,0,Intel Core i7-11850H,Intel,32.0,DDR4,SSD,1TB,Quadro RTX A3000 6GB,Quadro,16.0,2.5K
Lenovo,34990000.0,1,0,Intel Core i9-11950H,Intel,32.0,DDR4,SSD,1TB,Geforce RTX3080 16GB,Geforce,16.0,2.5K
Lenovo,24990000.0,1,0,Intel Core i7-11850H,Intel,32.0,DDR4,SSD,1TB,Quadro T1200M 4GB,Quadro,16.0,4K
Lenovo,28690000.0,1,0,Intel Core i7-11850H,Intel,32.0,DDR4,SSD,512GB,NVIDIA GeForce RTX 3070 8GB,NVIDIA,16.0,4K
Lenovo,10390000.0,1,0,Intel Core i7 10510U,Intel,16.0,DDR4,SSD,256GB,Intel UHD Graphics,Intel,14.0,FHD
Lenovo,11790000.0,1,0,Intel Core i7 10510U,Intel,16.0,DDR4,SSD,256GB,Intel UHD Graphics,Intel,14.0,4K
Lenovo,8790000.0,1,0,AMD Ryzen 5 4650U,AMD,16.0,DDR4,SSD,256GB,AMD Radeon Series-roi,AMD,14.0,FHD
Dell,26990000.0,1,0,Intel Core i7-1250U,Intel,16.0,LPDDR4X,SSD,512GB,Intel Iris Xe Graphics,Intel,13.0,3K
Dell,18990000.0,1,0,Intel Core i5 1245U,Intel,16.0,LPDDR5,SSD,256GB,Intel Iris Xe graphics,Intel,14.0,2.5K
Dell,29990000.0,1,0,Intel Xeon W-11855M,Intel,32.0,DDR4,SSD,1TB,Nvidia Quadro RTX A4000 8GB,Nvidia,15.6,FHD
Dell,16990000.0,1,0,Intel Core i7 1185G7,Intel,16.0,LPDDR4X,SSD,256GB,Intel Iris Xe,Intel,14.0,2.5K
Lenovo,14790000.0,1,0,Intel Core i7 1265U,Intel,16.0,LPDDR5,SSD,256GB,Intel Iris Xe Graphics,Intel,13.3,FHD
Lenovo,19990000.0,1,0,Intel Core i7 12700H,Intel,32.0,LPDDR5,SSD,1TB,Arc A370M 4GB,Arc,16.0,2.5K
Lenovo,12390000.0,1,0,AMD Ryzen 7 5825U,AMD,16.0,DDR4,SSD,512GB,AMD Radeon Series-roi,AMD,15.6,FHD
Lenovo,18490000.0,1,0,Intel Core i7 1160G7,Intel,16.0,LPDDR4X,SSD,512GB,Intel Iris Xe Graphics,Intel,12.3,FHD
Macbook,17990000.0,1,0,Intel Core i9-9880H,Intel,16.0,DDR4,SSD,1TB,AMD Radeon 5500M 4GB,AMD,16.0,3K
Dell,13990000.0,1,0,Intel Core i7-1270P,Intel,16.0,LPDDR5,SSD,512GB,Intel Iris Xe Graphics eligible,Intel,15.6,FHD
Lenovo,19990000.0,1,0,Intel Core i7 10850H,Intel,32.0,DDR4,SSD,256GB,Nvidia Quadro T2000 4GB,Nvidia,15.6,4K
Lenovo,19990000.0,1,0,Intel Core i7 10850H,Intel,48.0,DDR4,SSD,512GB,Nvidia Quadro T2000 4GB,Nvidia,15.6,FHD
Lenovo,20790000.0,1,0,Intel Core i7 10850H,Intel,48.0,DDR4,SSD,1TB,Nvidia Quadro T2000 4GB,Nvidia,15.6,FHD
Lenovo,17290000.0,1,0,Intel Core i7-10750H,Intel,16.0,DDR4,SSD,512GB,Nvidia Quadro T1000 4GB,Nvidia,15.6,FHD
Lenovo,18290000.0,1,0,Intel Core i7-10750H,Intel,32.0,DDR4,SSD,512GB,Nvidia Quadro T2000 4GB,Nvidia,15.6,FHD
Lenovo,20790000.0,1,0,Intel Core i9 10885H,Intel,32.0,DDR4,SSD,512GB,Nvidia Quadro T2000 4GB,Nvidia,15.6,FHD
Lenovo,14690000.0,1,0,Intel Core i7-1355U,Intel,16.0,LPDDR4X,SSD,1TB,Intel Iris Xe Graphics,Intel,14.0,FHD
Lenovo,14990000.0,1,0,Intel Core i7-150U,Intel,16.0,LPDDR5X,SSD,1TB,Intel Graphics,Intel,16.0,FHD
HP,13290000.0,1,0,Intel Core i7-10610U,Intel,16.0,LPDDR4,SSD,512GB,Intel UHD,Intel,14.0,FHD
Dell,22990000.0,1,0,Intel Core Ultra 7 155H,Intel,16.0,LPDDR5,SSD,1TB,Intel Arc Graphics Series-roi,Intel,13.3,2.5K
Lenovo,30790000.0,1,0,Intel Core i9-13905H,Intel,32.0,LPDDR5,SSD,1TB,NVIDIA GeForce Series-roi,NVIDIA,16.0,3.5K
Lenovo,13290000.0,1,0,Intel Core i7-1355U,Intel,16.0,DDR4,SSD,512GB,Intel Iris Xe Graphics,Intel,16.0,FHD
Microsoft,16990000.0,1,0,Intel Core i7 1185G7,Intel,16.0,LPDDR4X,SSD,256GB,Intel Iris Xe Graphics,Intel,15.0,2.5K
Lenovo,23790000.0,1,0,Intel Core i7 1280P,Intel,32.0,LPDDR5,SSD,512GB,Intel Iris Xe Graphics,Intel,14.0,FHD
Dell,13990000.0,1,0,Intel Xeon E2276M,Intel,16.0,DDR4,SSD,512GB,Nvidia Quadro T2000 4GB,Nvidia,15.6,FHD
Dell,20390000.0,1,0,Intel Core i7-13700H,Intel,32.0,LPDDR5,SSD,1TB,Intel Iris Xe Graphics,Intel,16.0,2.5K
Dell,12790000.0,1,0,Intel Core i7 1185G7,Intel,32.0,LPDDR4X,SSD,512GB,Intel Iris Xe Graphics,Intel,14.0,FHD
Dell,18390000.0,1,0,Intel Core i7 10850H,Intel,16.0,DDR4,SSD,512GB,Quadro T2000 4GB,Quadro,15.6,FHD
LG,24990000.0,1,0,Intel Core i7-1360P,Intel,32.0,LPDDR5,SSD,1TB,NVIDIA GeForce RTX 3050 4GB,NVIDIA,16.0,2.5K
Dell,17990000.0,1,0,Intel Core i7-1165G7,Intel,16.0,LPDDR4X,SSD,256GB,Intel Iris Xe Graphics,Intel,13.4,FHD
Lenovo,20390000.0,1,0,Intel Core i7-11800H,Intel,16.0,DDR4,SSD,512GB,Nvidia Quadro T1200 4GB,Nvidia,15.6,FHD
Lenovo,20790000.0,1,0,Intel Core i7-11850H,Intel,16.0,DDR4,SSD,1TB,Nvidia Quadro T1200 4GB,Nvidia,15.6,FHD
Lenovo,23490000.0,1,0,Intel Core i7-11850H,Intel,32.0,DDR4,SSD,1TB,Nvidia Quadro T1200 4GB,Nvidia,15.6,4K
